ANO,GRANDE REGIÃO,UF,PRODUTO,CÓDIGO IBGE,MUNICÍPIO,VENDAS
1990,REGIÃO NORDESTE,PB,ETANOL,2500106,AGUA BRANCA,62550
1990,REGIÃO NORDESTE,PB,ETANOL,2500205,AGUIAR,35350
1990,REGIÃO NORDESTE,PB,ETANOL,2500304,ALAGOA GRANDE,306403
1990,REGIÃO NORDESTE,PB,ETANOL,2500403,ALAGOA NOVA,154200
1990,REGIÃO NORDESTE,PB,ETANOL,2500502,ALAGOINHA,136250
1990,REGIÃO NORDESTE,PB,ETANOL,2500601,ALHANDRA,423337
1990,REGIÃO NORDESTE,PB,ETANOL,2500700,SAO JOAO DO RIO DO PEI,334164
1990,REGIÃO NORDESTE,PB,ETANOL,2500809,ARACAGI,59750
1990,REGIÃO NORDESTE,PB,ETANOL,2500908,ARARA,74600
1990,REGIÃO NORDESTE,PB,ETANOL,2501005,ARARUNA,177449
1990,REGIÃO NORDESTE,PB,ETANOL,2501104,AREIA,330298
1990,REGIÃO NORDESTE,PB,ETANOL,2501203,AREIAL,47200
1990,REGIÃO NORDESTE,PB,ETANOL,2501302,AROEIRAS,266300
1990,REGIÃO NORDESTE,PB,ETANOL,2501401,BAIA DA TRAICAO,63206
1990,REGIÃO NORDESTE,PB,ETANOL,2501500,BANANEIRAS,182109
1990,REGIÃO NORDESTE,PB,ETANOL,2501609,BARRA DE SANTA ROSA,146621
1990,REGIÃO NORDESTE,PB,ETANOL,2501807,BAYEUX,2700982
1990,REGIÃO NORDESTE,PB,ETANOL,2501906,BELEM,331060
1990,REGIÃO NORDESTE,PB,ETANOL,2502003,BELEM DO BREJO DO CRUZ,35850
1990,REGIÃO NORDESTE,PB,ETANOL,2502102,BOA VENTURA,53200
1990,REGIÃO NORDESTE,PB,ETANOL,2502409,BONITO DE SANTA FE,82700
1990,REGIÃO NORDESTE,PB,ETANOL,2502508,BOQUEIRAO,236900
1990,REGIÃO NORDESTE,PB,ETANOL,2502805,BREJO DO CRUZ,122900
1990,REGIÃO NORDESTE,PB,ETANOL,2502904,BREJO DOS SANTOS,5000
1990,REGIÃO NORDESTE,PB,ETANOL,2503001,CAAPORA,311417
1990,REGIÃO NORDESTE,PB,ETANOL,2503100,CABACEIRAS,36800
1990,REGIÃO NORDESTE,PB,ETANOL,2503209,CABEDELO,4576422
1990,REGIÃO NORDESTE,PB,ETANOL,2503308,CACHOEIRA DOS INDIOS,93570
1990,REGIÃO NORDESTE,PB,ETANOL,2503506,CACIMBA DE DENTRO,70902
1990,REGIÃO NORDESTE,PB,ETANOL,2503605,CAICARA,19200
1990,REGIÃO NORDESTE,PB,ETANOL,2503704,CAJAZEIRAS,1293114
1990,REGIÃO NORDESTE,PB,ETANOL,2503803,CALDAS BRANDAO,360250
1990,REGIÃO NORDESTE,PB,ETANOL,2504009,CAMPINA GRANDE,18298325
1990,REGIÃO NORDESTE,PB,ETANOL,2504306,CATOLE DO ROCHA,573523
1990,REGIÃO NORDESTE,PB,ETANOL,2504405,CONCEICAO,117966
1990,REGIÃO NORDESTE,PB,ETANOL,2504504,CONDADO,98381
1990,REGIÃO NORDESTE,PB,ETANOL,2504603,CONDE,806399
1990,REGIÃO NORDESTE,PB,ETANOL,2504702,CONGO,83423
1990,REGIÃO NORDESTE,PB,ETANOL,2504801,COREMAS,146500
1990,REGIÃO NORDESTE,PB,ETANOL,2504900,CRUZ DO ESPIRITO SANTO,200450
1990,REGIÃO NORDESTE,PB,ETANOL,2505006,CUBATI,63055
1990,REGIÃO NORDESTE,PB,ETANOL,2505105,CUITE,216029
1990,REGIÃO NORDESTE,PB,ETANOL,2505204,CUITEGI,4000
1990,REGIÃO NORDESTE,PB,ETANOL,2505402,DESTERRO,55300
1990,REGIÃO NORDESTE,PB,ETANOL,2505501,VISTA SERRANA,233262
1990,REGIÃO NORDESTE,PB,ETANOL,2505808,DUAS ESTRADAS,76400
1990,REGIÃO NORDESTE,PB,ETANOL,2506004,ESPERANCA,397150
1990,REGIÃO NORDESTE,PB,ETANOL,2506103,FAGUNDES,10589
1990,REGIÃO NORDESTE,PB,ETANOL,2506301,GUARABIRA,1403662
1990,REGIÃO NORDESTE,PB,ETANOL,2506400,GURINHEM,203550
1990,REGIÃO NORDESTE,PB,ETANOL,2506608,IBIARA,38682
1990,REGIÃO NORDESTE,PB,ETANOL,2506806,INGA,422508
1990,REGIÃO NORDESTE,PB,ETANOL,2506905,ITABAIANA,515370
1990,REGIÃO NORDESTE,PB,ETANOL,2507002,ITAPORANGA,413872
1990,REGIÃO NORDESTE,PB,ETANOL,2507101,ITAPOROROCA,112298
1990,REGIÃO NORDESTE,PB,ETANOL,2507200,ITATUBA,66325
1990,REGIÃO NORDESTE,PB,ETANOL,2507309,JACARAU,51398
1990,REGIÃO NORDESTE,PB,ETANOL,2507408,JERICO,58300
1990,REGIÃO NORDESTE,PB,ETANOL,2507507,JOAO PESSOA,48232045
1990,REGIÃO NORDESTE,PB,ETANOL,2507606,JUAREZ TAVORA,83952
1990,REGIÃO NORDESTE,PB,ETANOL,2507705,JUAZEIRINHO,141950
1990,REGIÃO NORDESTE,PB,ETANOL,2507804,JUNCO DO SERIDO,79803
1990,REGIÃO NORDESTE,PB,ETANOL,2507903,JURIPIRANGA,78000
1990,REGIÃO NORDESTE,PB,ETANOL,2508208,LAGOA DE DENTRO,85338
1990,REGIÃO NORDESTE,PB,ETANOL,2508307,LAGOA SECA,370450
1990,REGIÃO NORDESTE,PB,ETANOL,2508604,LUCENA,105860
1990,REGIÃO NORDESTE,PB,ETANOL,2508802,MALTA,147550
1990,REGIÃO NORDESTE,PB,ETANOL,2508901,MAMANGUAPE,2163041
1990,REGIÃO NORDESTE,PB,ETANOL,2509107,MARI,219800
1990,REGIÃO NORDESTE,PB,ETANOL,2509305,MATARACA,101657
1990,REGIÃO NORDESTE,PB,ETANOL,2509404,MOGEIRO,37226
1990,REGIÃO NORDESTE,PB,ETANOL,2509701,MONTEIRO,326169
1990,REGIÃO NORDESTE,PB,ETANOL,2509909,NATUBA,67800
1990,REGIÃO NORDESTE,PB,ETANOL,2510105,NOVA FLORESTA,55700
1990,REGIÃO NORDESTE,PB,ETANOL,2510808,PATOS,3885480
1990,REGIÃO NORDESTE,PB,ETANOL,2510907,PAULISTA,66350
1990,REGIÃO NORDESTE,PB,ETANOL,2511103,PEDRA LAVRADA,103550
1990,REGIÃO NORDESTE,PB,ETANOL,2511202,PEDRAS DE FOGO,12100
1990,REGIÃO NORDESTE,PB,ETANOL,2511301,PIANCO,383547
1990,REGIÃO NORDESTE,PB,ETANOL,2511400,PICUI,257441
1990,REGIÃO NORDESTE,PB,ETANOL,2511509,PILAR,51260
1990,REGIÃO NORDESTE,PB,ETANOL,2511608,PILOES,55336
1990,REGIÃO NORDESTE,PB,ETANOL,2511806,PIRPIRITUBA,14000
1990,REGIÃO NORDESTE,PB,ETANOL,2511905,PITIMBU,69397
1990,REGIÃO NORDESTE,PB,ETANOL,2512002,POCINHOS,62550
1990,REGIÃO NORDESTE,PB,ETANOL,2512101,POMBAL,781916
1990,REGIÃO NORDESTE,PB,ETANOL,2512200,PRATA,122234
1990,REGIÃO NORDESTE,PB,ETANOL,2512309,PRINCESA ISABEL,205550
1990,REGIÃO NORDESTE,PB,ETANOL,2512507,QUEIMADAS,254674
1990,REGIÃO NORDESTE,PB,ETANOL,2512705,REMIGIO,191300
1990,REGIÃO NORDESTE,PB,ETANOL,2512903,RIO TINTO,159400
1990,REGIÃO NORDESTE,PB,ETANOL,2513109,SALGADO DE SAO FELIX,42208
1990,REGIÃO NORDESTE,PB,ETANOL,2513406,SANTA LUZIA,404850
1990,REGIÃO NORDESTE,PB,ETANOL,2513703,SANTA RITA,1713793
1990,REGIÃO NORDESTE,PB,ETANOL,2513901,SAO BENTO,355800
1990,REGIÃO NORDESTE,PB,ETANOL,2514008,SAO JOAO DO CARIRI,86300
1990,REGIÃO NORDESTE,PB,ETANOL,2514206,SAO JOSE DA LAGOA TAPA,35200
1990,REGIÃO NORDESTE,PB,ETANOL,2514503,SAO JOSE DE PIRANHAS,182461
1990,REGIÃO NORDESTE,PB,ETANOL,2514602,SAO JOSE DO BONFIM,641947
1990,REGIÃO NORDESTE,PB,ETANOL,2514909,SAO MAMEDE,144450
1990,REGIÃO NORDESTE,PB,ETANOL,2515104,SAO SEBASTIAO DE LAGOA,99650
1990,REGIÃO NORDESTE,PB,ETANOL,2515203,SAO SEBASTIAO DO UMBUZ,37650
1990,REGIÃO NORDESTE,PB,ETANOL,2515302,SAPE,1182043
1990,REGIÃO NORDESTE,PB,ETANOL,2515500,SERRA BRANCA,156113
1990,REGIÃO NORDESTE,PB,ETANOL,2516003,SOLANEA,688400
1990,REGIÃO NORDESTE,PB,ETANOL,2516102,SOLEDADE,491756
1990,REGIÃO NORDESTE,PB,ETANOL,2516201,SOUSA,1590384
1990,REGIÃO NORDESTE,PB,ETANOL,2516300,SUME,365700
1990,REGIÃO NORDESTE,PB,ETANOL,2516508,TAPEROA,272550
1990,REGIÃO NORDESTE,PB,ETANOL,2516607,TAVARES,66400
1990,REGIÃO NORDESTE,PB,ETANOL,2516706,TEIXEIRA,236755
1990,REGIÃO NORDESTE,PB,ETANOL,2516904,UIRAUNA,212308
1990,REGIÃO NORDESTE,PB,ETANOL,2517001,UMBUZEIRO,175200
1991,REGIÃO NORDESTE,PB,ETANOL,2500106,AGUA BRANCA,59800
1991,REGIÃO NORDESTE,PB,ETANOL,2500304,ALAGOA GRANDE,352838
1991,REGIÃO NORDESTE,PB,ETANOL,2500403,ALAGOA NOVA,196000
1991,REGIÃO NORDESTE,PB,ETANOL,2500502,ALAGOINHA,128050
1991,REGIÃO NORDESTE,PB,ETANOL,2500601,ALHANDRA,440656
1991,REGIÃO NORDESTE,PB,ETANOL,2500700,SAO JOAO DO RIO DO PEI,287549
1991,REGIÃO NORDESTE,PB,ETANOL,2500809,ARACAGI,95900
1991,REGIÃO NORDESTE,PB,ETANOL,2500908,ARARA,92400
1991,REGIÃO NORDESTE,PB,ETANOL,2501005,ARARUNA,139756
1991,REGIÃO NORDESTE,PB,ETANOL,2501104,AREIA,151612
1991,REGIÃO NORDESTE,PB,ETANOL,2501203,AREIAL,75550
1991,REGIÃO NORDESTE,PB,ETANOL,2501302,AROEIRAS,290000
1991,REGIÃO NORDESTE,PB,ETANOL,2501401,BAIA DA TRAICAO,16011
1991,REGIÃO NORDESTE,PB,ETANOL,2501500,BANANEIRAS,102633
1991,REGIÃO NORDESTE,PB,ETANOL,2501609,BARRA DE SANTA ROSA,200715
1991,REGIÃO NORDESTE,PB,ETANOL,2501807,BAYEUX,2886408
1991,REGIÃO NORDESTE,PB,ETANOL,2501906,BELEM,364295
1991,REGIÃO NORDESTE,PB,ETANOL,2502003,BELEM DO BREJO DO CRUZ,47700
1991,REGIÃO NORDESTE,PB,ETANOL,2502102,BOA VENTURA,113500
1991,REGIÃO NORDESTE,PB,ETANOL,2502409,BONITO DE SANTA FE,79150
1991,REGIÃO NORDESTE,PB,ETANOL,2502508,BOQUEIRAO,258650
1991,REGIÃO NORDESTE,PB,ETANOL,2502805,BREJO DO CRUZ,159900
1991,REGIÃO NORDESTE,PB,ETANOL,2503001,CAAPORA,351036
1991,REGIÃO NORDESTE,PB,ETANOL,2503100,CABACEIRAS,67400
1991,REGIÃO NORDESTE,PB,ETANOL,2503209,CABEDELO,4320425
1991,REGIÃO NORDESTE,PB,ETANOL,2503308,CACHOEIRA DOS INDIOS,92356
1991,REGIÃO NORDESTE,PB,ETANOL,2503506,CACIMBA DE DENTRO,72874
1991,REGIÃO NORDESTE,PB,ETANOL,2503605,CAICARA,24450
1991,REGIÃO NORDESTE,PB,ETANOL,2503704,CAJAZEIRAS,1170795
1991,REGIÃO NORDESTE,PB,ETANOL,2503803,CALDAS BRANDAO,300200
1991,REGIÃO NORDESTE,PB,ETANOL,2504009,CAMPINA GRANDE,20715123
1991,REGIÃO NORDESTE,PB,ETANOL,2504306,CATOLE DO ROCHA,606255
1991,REGIÃO NORDESTE,PB,ETANOL,2504405,CONCEICAO,135450
1991,REGIÃO NORDESTE,PB,ETANOL,2504504,CONDADO,51110
1991,REGIÃO NORDESTE,PB,ETANOL,2504603,CONDE,643833
1991,REGIÃO NORDESTE,PB,ETANOL,2504702,CONGO,159182
1991,REGIÃO NORDESTE,PB,ETANOL,2504801,COREMAS,101450
1991,REGIÃO NORDESTE,PB,ETANOL,2504900,CRUZ DO ESPIRITO SANTO,320000
1991,REGIÃO NORDESTE,PB,ETANOL,2505006,CUBATI,22000
1991,REGIÃO NORDESTE,PB,ETANOL,2505105,CUITE,278082
1991,REGIÃO NORDESTE,PB,ETANOL,2505402,DESTERRO,95300
1991,REGIÃO NORDESTE,PB,ETANOL,2505501,VISTA SERRANA,57861
1991,REGIÃO NORDESTE,PB,ETANOL,2505808,DUAS ESTRADAS,97000
1991,REGIÃO NORDESTE,PB,ETANOL,2506004,ESPERANCA,373100
1991,REGIÃO NORDESTE,PB,ETANOL,2506103,FAGUNDES,23320
1991,REGIÃO NORDESTE,PB,ETANOL,2506301,GUARABIRA,1752064
1991,REGIÃO NORDESTE,PB,ETANOL,2506400,GURINHEM,150300
1991,REGIÃO NORDESTE,PB,ETANOL,2506608,IBIARA,11940
1991,REGIÃO NORDESTE,PB,ETANOL,2506806,INGA,541669
1991,REGIÃO NORDESTE,PB,ETANOL,2506905,ITABAIANA,607788
1991,REGIÃO NORDESTE,PB,ETANOL,2507002,ITAPORANGA,472669
1991,REGIÃO NORDESTE,PB,ETANOL,2507101,ITAPOROROCA,114818
1991,REGIÃO NORDESTE,PB,ETANOL,2507200,ITATUBA,28937
1991,REGIÃO NORDESTE,PB,ETANOL,2507309,JACARAU,48730
1991,REGIÃO NORDESTE,PB,ETANOL,2507408,JERICO,59900
1991,REGIÃO NORDESTE,PB,ETANOL,2507507,JOAO PESSOA,42211055
1991,REGIÃO NORDESTE,PB,ETANOL,2507606,JUAREZ TAVORA,42156
1991,REGIÃO NORDESTE,PB,ETANOL,2507705,JUAZEIRINHO,149250
1991,REGIÃO NORDESTE,PB,ETANOL,2507804,JUNCO DO SERIDO,156649
1991,REGIÃO NORDESTE,PB,ETANOL,2507903,JURIPIRANGA,113200
1991,REGIÃO NORDESTE,PB,ETANOL,2508208,LAGOA DE DENTRO,46148
1991,REGIÃO NORDESTE,PB,ETANOL,2508307,LAGOA SECA,361250
1991,REGIÃO NORDESTE,PB,ETANOL,2508604,LUCENA,138259
1991,REGIÃO NORDESTE,PB,ETANOL,2508802,MALTA,182350
1991,REGIÃO NORDESTE,PB,ETANOL,2508901,MAMANGUAPE,1873833
1991,REGIÃO NORDESTE,PB,ETANOL,2509107,MARI,214650
1991,REGIÃO NORDESTE,PB,ETANOL,2509305,MATARACA,97326
1991,REGIÃO NORDESTE,PB,ETANOL,2509404,MOGEIRO,25823
1991,REGIÃO NORDESTE,PB,ETANOL,2509701,MONTEIRO,283407
1991,REGIÃO NORDESTE,PB,ETANOL,2509909,NATUBA,85030
1991,REGIÃO NORDESTE,PB,ETANOL,2510105,NOVA FLORESTA,79400
1991,REGIÃO NORDESTE,PB,ETANOL,2510808,PATOS,3214672
1991,REGIÃO NORDESTE,PB,ETANOL,2510907,PAULISTA,89750
1991,REGIÃO NORDESTE,PB,ETANOL,2511103,PEDRA LAVRADA,117600
1991,REGIÃO NORDESTE,PB,ETANOL,2511202,PEDRAS DE FOGO,76850
1991,REGIÃO NORDESTE,PB,ETANOL,2511301,PIANCO,427154
1991,REGIÃO NORDESTE,PB,ETANOL,2511400,PICUI,240617
1991,REGIÃO NORDESTE,PB,ETANOL,2511608,PILOES,42198
1991,REGIÃO NORDESTE,PB,ETANOL,2511806,PIRPIRITUBA,35400
1991,REGIÃO NORDESTE,PB,ETANOL,2512002,POCINHOS,67900
1991,REGIÃO NORDESTE,PB,ETANOL,2512101,POMBAL,886620
1991,REGIÃO NORDESTE,PB,ETANOL,2512200,PRATA,28023
1991,REGIÃO NORDESTE,PB,ETANOL,2512309,PRINCESA ISABEL,184800
1991,REGIÃO NORDESTE,PB,ETANOL,2512507,QUEIMADAS,348699
1991,REGIÃO NORDESTE,PB,ETANOL,2512705,REMIGIO,216900
1991,REGIÃO NORDESTE,PB,ETANOL,2512903,RIO TINTO,226800
1991,REGIÃO NORDESTE,PB,ETANOL,2513109,SALGADO DE SAO FELIX,48308
1991,REGIÃO NORDESTE,PB,ETANOL,2513406,SANTA LUZIA,457200
1991,REGIÃO NORDESTE,PB,ETANOL,2513703,SANTA RITA,1427253
1991,REGIÃO NORDESTE,PB,ETANOL,2513901,SAO BENTO,406700
1991,REGIÃO NORDESTE,PB,ETANOL,2514008,SAO JOAO DO CARIRI,52600
1991,REGIÃO NORDESTE,PB,ETANOL,2514206,SAO JOSE DA LAGOA TAPA,38000
1991,REGIÃO NORDESTE,PB,ETANOL,2514503,SAO JOSE DE PIRANHAS,156047
1991,REGIÃO NORDESTE,PB,ETANOL,2514602,SAO JOSE DO BONFIM,103236
1991,REGIÃO NORDESTE,PB,ETANOL,2514909,SAO MAMEDE,159400
1991,REGIÃO NORDESTE,PB,ETANOL,2515005,SAO MIGUEL DE TAIPU,240700
1991,REGIÃO NORDESTE,PB,ETANOL,2515104,SAO SEBASTIAO DE LAGOA,286900
1991,REGIÃO NORDESTE,PB,ETANOL,2515203,SAO SEBASTIAO DO UMBUZ,14400
1991,REGIÃO NORDESTE,PB,ETANOL,2515302,SAPE,1224107
1991,REGIÃO NORDESTE,PB,ETANOL,2515500,SERRA BRANCA,182649
1991,REGIÃO NORDESTE,PB,ETANOL,2516003,SOLANEA,744350
1991,REGIÃO NORDESTE,PB,ETANOL,2516102,SOLEDADE,310791
1991,REGIÃO NORDESTE,PB,ETANOL,2516201,SOUSA,1606656
1991,REGIÃO NORDESTE,PB,ETANOL,2516300,SUME,312409
1991,REGIÃO NORDESTE,PB,ETANOL,2516508,TAPEROA,217750
1991,REGIÃO NORDESTE,PB,ETANOL,2516607,TAVARES,108700
1991,REGIÃO NORDESTE,PB,ETANOL,2516706,TEIXEIRA,271972
1991,REGIÃO NORDESTE,PB,ETANOL,2516904,UIRAUNA,178025
1991,REGIÃO NORDESTE,PB,ETANOL,2517001,UMBUZEIRO,156600
1992,REGIÃO NORDESTE,PB,ETANOL,2501309,AROEIRAS                      ,310000
1992,REGIÃO NORDESTE,PB,ETANOL,2501805,BAYEUX                        ,2459750
1992,REGIÃO NORDESTE,PB,ETANOL,2503808,CALDAS BRANDAO                ,293350
1992,REGIÃO NORDESTE,PB,ETANOL,2504006,CAMPINA GRANDE                ,18130100
1992,REGIÃO NORDESTE,PB,ETANOL,2506009,ESPERANCA                     ,349050
1992,REGIÃO NORDESTE,PB,ETANOL,2506807,INGA                          ,855650
1992,REGIÃO NORDESTE,PB,ETANOL,2507501,JOAO PESSOA                   ,39593190
1992,REGIÃO NORDESTE,PB,ETANOL,2507706,JUAZEIRINHO                   ,58800
1992,REGIÃO NORDESTE,PB,ETANOL,2508303,LAGOA SECA                    ,290100
1992,REGIÃO NORDESTE,PB,ETANOL,2512300,PRINCESA ISABEL               ,178050
1992,REGIÃO NORDESTE,PB,ETANOL,2513404,SANTA LUZIA                   ,398350
1992,REGIÃO NORDESTE,PB,ETANOL,2513706,SANTA RITA                    ,1498150
1992,REGIÃO NORDESTE,PB,ETANOL,2513900,SAO BENTO                     ,322900
1992,REGIÃO NORDESTE,PB,ETANOL,2514907,SAO MAMEDE                    ,115800
1992,REGIÃO NORDESTE,PB,ETANOL,2516004,SOLANEA                       ,664050
1992,REGIÃO NORDESTE,PB,ETANOL,2517000,UMBUZEIRO                     ,113900
1992,REGIÃO NORDESTE,PB,ETANOL,2500604,ALHANDRA                      ,256000
1992,REGIÃO NORDESTE,PB,ETANOL,2501600,BARRA DE SANTA ROSA           ,207800
1992,REGIÃO NORDESTE,PB,ETANOL,2503000,CAAPORA                       ,230900
1992,REGIÃO NORDESTE,PB,ETANOL,2503204,CABEDELO                      ,4363150
1992,REGIÃO NORDESTE,PB,ETANOL,2505100,CUITE                         ,268250
1992,REGIÃO NORDESTE,PB,ETANOL,2508907,MAMANGUAPE                    ,3139700
1992,REGIÃO NORDESTE,PB,ETANOL,2510804,PATOS                         ,2985150
1992,REGIÃO NORDESTE,PB,ETANOL,2511304,PIANCO                        ,388100
1992,REGIÃO NORDESTE,PB,ETANOL,2515300,SAPE                          ,1189450
1992,REGIÃO NORDESTE,PB,ETANOL,2515504,SERRA BRANCA                  ,197300
1992,REGIÃO NORDESTE,PB,ETANOL,2516209,SOUSA                         ,1672650
1992,REGIÃO NORDESTE,PB,ETANOL,2500302,ALAGOA GRANDE                 ,353400
1992,REGIÃO NORDESTE,PB,ETANOL,2500701,SAO JOAO DO RIO DO PEIXE      ,315950
1992,REGIÃO NORDESTE,PB,ETANOL,2501007,ARARUNA                       ,164050
1992,REGIÃO NORDESTE,PB,ETANOL,2501104,AREIA                         ,188200
1992,REGIÃO NORDESTE,PB,ETANOL,2501503,BANANEIRAS                    ,81550
1992,REGIÃO NORDESTE,PB,ETANOL,2501902,BELEM                         ,325200
1992,REGIÃO NORDESTE,PB,ETANOL,2503301,CACHOEIRA DOS INDIOS          ,59550
1992,REGIÃO NORDESTE,PB,ETANOL,2503506,CACIMBA DE DENTRO             ,108500
1992,REGIÃO NORDESTE,PB,ETANOL,2503700,CAJAZEIRAS                    ,1301750
1992,REGIÃO NORDESTE,PB,ETANOL,2504308,CATOLE DO ROCHA               ,627350
1992,REGIÃO NORDESTE,PB,ETANOL,2504405,CONCEICAO                     ,152900
1992,REGIÃO NORDESTE,PB,ETANOL,2504502,CONDADO                       ,61100
1992,REGIÃO NORDESTE,PB,ETANOL,2504600,CONDE                         ,601550
1992,REGIÃO NORDESTE,PB,ETANOL,2504707,CONGO                         ,27300
1992,REGIÃO NORDESTE,PB,ETANOL,2505509,VISTA SERRANA                 ,47900
1992,REGIÃO NORDESTE,PB,ETANOL,2506300,GUARABIRA                     ,1679400
1992,REGIÃO NORDESTE,PB,ETANOL,2506602,IBIARA                        ,40450
1992,REGIÃO NORDESTE,PB,ETANOL,2506904,ITABAIANA                     ,661800
1992,REGIÃO NORDESTE,PB,ETANOL,2507005,ITAPORANGA                    ,470900
1992,REGIÃO NORDESTE,PB,ETANOL,2507102,ITAPOROROCA                   ,119800
1992,REGIÃO NORDESTE,PB,ETANOL,2507307,JACARAU                       ,71950
1992,REGIÃO NORDESTE,PB,ETANOL,2507609,JUAREZ TAVORA                 ,43550
1992,REGIÃO NORDESTE,PB,ETANOL,2507803,JUNCO DO SERIDO               ,213050
1992,REGIÃO NORDESTE,PB,ETANOL,2508206,LAGOA DE DENTRO               ,34050
1992,REGIÃO NORDESTE,PB,ETANOL,2508605,LUCENA                        ,63550
1992,REGIÃO NORDESTE,PB,ETANOL,2509407,MOGEIRO                       ,7650
1992,REGIÃO NORDESTE,PB,ETANOL,2509709,MONTEIRO                      ,382350
1992,REGIÃO NORDESTE,PB,ETANOL,2511401,PICUI                         ,226150
1992,REGIÃO NORDESTE,PB,ETANOL,2512106,POMBAL                        ,801100
1992,REGIÃO NORDESTE,PB,ETANOL,2512505,QUEIMADAS                     ,382550
1992,REGIÃO NORDESTE,PB,ETANOL,2513102,SALGADO DE SAO FELIX          ,33300
1992,REGIÃO NORDESTE,PB,ETANOL,2514508,SAO JOSE DE PIRANHAS          ,163450
1992,REGIÃO NORDESTE,PB,ETANOL,2514605,SAO JOSE DO BONFIM            ,139350
1992,REGIÃO NORDESTE,PB,ETANOL,2516101,SOLEDADE                      ,894700
1992,REGIÃO NORDESTE,PB,ETANOL,2516306,SUME                          ,241600
1992,REGIÃO NORDESTE,PB,ETANOL,2516705,TEIXEIRA                      ,178500
1992,REGIÃO NORDESTE,PB,ETANOL,2516900,UIRAUNA                       ,181850
1992,REGIÃO NORDESTE,PB,ETANOL,2500108,AGUA BRANCA                   ,5050
1992,REGIÃO NORDESTE,PB,ETANOL,2500906,ARARA                         ,87900
1992,REGIÃO NORDESTE,PB,ETANOL,2504804,COREMAS                       ,39400
1992,REGIÃO NORDESTE,PB,ETANOL,2506408,GURINHEM                      ,149000
1992,REGIÃO NORDESTE,PB,ETANOL,2509903,NATUBA                        ,89100
1992,REGIÃO NORDESTE,PB,ETANOL,2512904,RIO TINTO                     ,123400
1992,REGIÃO NORDESTE,PB,ETANOL,2516500,TAPEROA                       ,84450
1992,REGIÃO NORDESTE,PB,ETANOL,2500400,ALAGOA NOVA                   ,123100
1992,REGIÃO NORDESTE,PB,ETANOL,2500507,ALAGOINHA                     ,125750
1992,REGIÃO NORDESTE,PB,ETANOL,2500809,ARACAGI                       ,49100
1992,REGIÃO NORDESTE,PB,ETANOL,2502003,BELEM DO BREJO DO CRUZ        ,29600
1992,REGIÃO NORDESTE,PB,ETANOL,2502402,BONITO DE SANTA FE            ,47300
1992,REGIÃO NORDESTE,PB,ETANOL,2502500,BOQUEIRAO                     ,246100
1992,REGIÃO NORDESTE,PB,ETANOL,2502801,BREJO DO CRUZ                 ,111450
1992,REGIÃO NORDESTE,PB,ETANOL,2504901,CRUZ DO ESPIRITO SANTO        ,75100
1992,REGIÃO NORDESTE,PB,ETANOL,2505002,CUBATI                        ,23900
1992,REGIÃO NORDESTE,PB,ETANOL,2505401,DESTERRO                      ,61550
1992,REGIÃO NORDESTE,PB,ETANOL,2505800,DUAS ESTRADAS                 ,71600
1992,REGIÃO NORDESTE,PB,ETANOL,2507404,JERICO                        ,50250
1992,REGIÃO NORDESTE,PB,ETANOL,2508800,MALTA                         ,145400
1992,REGIÃO NORDESTE,PB,ETANOL,2509105,MARI                          ,183050
1992,REGIÃO NORDESTE,PB,ETANOL,2510103,NOVA FLORESTA                 ,73750
1992,REGIÃO NORDESTE,PB,ETANOL,2510901,PAULISTA                      ,84000
1992,REGIÃO NORDESTE,PB,ETANOL,2511100,PEDRA LAVRADA                 ,91550
1992,REGIÃO NORDESTE,PB,ETANOL,2511207,PEDRAS DE FOGO                ,143650
1992,REGIÃO NORDESTE,PB,ETANOL,2511800,PIRPIRITUBA                   ,56000
1992,REGIÃO NORDESTE,PB,ETANOL,2512009,POCINHOS                      ,70300
1992,REGIÃO NORDESTE,PB,ETANOL,2512700,REMIGIO                       ,223650
1992,REGIÃO NORDESTE,PB,ETANOL,2515105,SAO SEBASTIAO DE LAGOA DE ROCA,238800
1992,REGIÃO NORDESTE,PB,ETANOL,2516608,TAVARES                       ,107900
1992,REGIÃO NORDESTE,PB,ETANOL,2501406,BAIA DA TRAICAO               ,5300
1992,REGIÃO NORDESTE,PB,ETANOL,2509300,MATARACA                      ,66800
1992,REGIÃO NORDESTE,PB,ETANOL,2502100,BOA VENTURA                   ,46350
1992,REGIÃO NORDESTE,PB,ETANOL,2503603,CAICARA                       ,31200
1992,REGIÃO NORDESTE,PB,ETANOL,2501201,AREIAL                        ,30150
1992,REGIÃO NORDESTE,PB,ETANOL,2514206,SAO JOSE DA LAGOA TAPADA      ,13200
1992,REGIÃO NORDESTE,PB,ETANOL,2506106,FAGUNDES                      ,23700
1992,REGIÃO NORDESTE,PB,ETANOL,2515202,SAO SEBASTIAO DO UMBUZEIRO    ,15700
1992,REGIÃO NORDESTE,PB,ETANOL,2515008,SAO MIGUEL DE TAIPU           ,34200
1992,REGIÃO NORDESTE,PB,ETANOL,2511606,PILOES                        ,45800
1992,REGIÃO NORDESTE,PB,ETANOL,2507200,ITATUBA                       ,16750
1992,REGIÃO NORDESTE,PB,ETANOL,2503107,CABACEIRAS                    ,18400
1992,REGIÃO NORDESTE,PB,ETANOL,2507900,JURIPIRANGA                   ,38000
1992,REGIÃO NORDESTE,PB,ETANOL,2514001,SAO JOAO DO CARIRI            ,15200
1993,REGIÃO NORDESTE,PB,ETANOL,2501309,AROEIRAS                      ,215000
1993,REGIÃO NORDESTE,PB,ETANOL,2501805,BAYEUX                        ,2324250
1993,REGIÃO NORDESTE,PB,ETANOL,2503808,CALDAS BRANDAO                ,176100
1993,REGIÃO NORDESTE,PB,ETANOL,2504006,CAMPINA GRANDE                ,17507700
1993,REGIÃO NORDESTE,PB,ETANOL,2506009,ESPERANCA                     ,158600
1993,REGIÃO NORDESTE,PB,ETANOL,2506807,INGA                          ,377150
1993,REGIÃO NORDESTE,PB,ETANOL,2507501,JOAO PESSOA                   ,37697825
1993,REGIÃO NORDESTE,PB,ETANOL,2507706,JUAZEIRINHO                   ,56100
1993,REGIÃO NORDESTE,PB,ETANOL,2508303,LAGOA SECA                    ,235900
1993,REGIÃO NORDESTE,PB,ETANOL,2512300,PRINCESA ISABEL               ,170800
1993,REGIÃO NORDESTE,PB,ETANOL,2513404,SANTA LUZIA                   ,332300
1993,REGIÃO NORDESTE,PB,ETANOL,2513706,SANTA RITA                    ,1304600
1993,REGIÃO NORDESTE,PB,ETANOL,2513900,SAO BENTO                     ,285200
1993,REGIÃO NORDESTE,PB,ETANOL,2514907,SAO MAMEDE                    ,69000
1993,REGIÃO NORDESTE,PB,ETANOL,2516004,SOLANEA                       ,597250
1993,REGIÃO NORDESTE,PB,ETANOL,2517000,UMBUZEIRO                     ,132600
1993,REGIÃO NORDESTE,PB,ETANOL,2503204,CABEDELO                      ,4654850
1993,REGIÃO NORDESTE,PB,ETANOL,2508907,MAMANGUAPE                    ,3855750
1993,REGIÃO NORDESTE,PB,ETANOL,2510804,PATOS                         ,2448000
1993,REGIÃO NORDESTE,PB,ETANOL,2511304,PIANCO                        ,276250
1993,REGIÃO NORDESTE,PB,ETANOL,2515300,SAPE                          ,906700
1993,REGIÃO NORDESTE,PB,ETANOL,2515504,SERRA BRANCA                  ,156800
1993,REGIÃO NORDESTE,PB,ETANOL,2500302,ALAGOA GRANDE                 ,324000
1993,REGIÃO NORDESTE,PB,ETANOL,2500701,SAO JOAO DO RIO DO PEIXE      ,290350
1993,REGIÃO NORDESTE,PB,ETANOL,2501007,ARARUNA                       ,136550
1993,REGIÃO NORDESTE,PB,ETANOL,2501104,AREIA                         ,294850
1993,REGIÃO NORDESTE,PB,ETANOL,2501503,BANANEIRAS                    ,87700
1993,REGIÃO NORDESTE,PB,ETANOL,2501902,BELEM                         ,249600
1993,REGIÃO NORDESTE,PB,ETANOL,2503000,CAAPORA                       ,314750
1993,REGIÃO NORDESTE,PB,ETANOL,2503301,CACHOEIRA DOS INDIOS          ,98400
1993,REGIÃO NORDESTE,PB,ETANOL,2503506,CACIMBA DE DENTRO             ,75500
1993,REGIÃO NORDESTE,PB,ETANOL,2503700,CAJAZEIRAS                    ,1291150
1993,REGIÃO NORDESTE,PB,ETANOL,2504308,CATOLE DO ROCHA               ,529450
1993,REGIÃO NORDESTE,PB,ETANOL,2504405,CONCEICAO                     ,123050
1993,REGIÃO NORDESTE,PB,ETANOL,2504502,CONDADO                       ,64100
1993,REGIÃO NORDESTE,PB,ETANOL,2504600,CONDE                         ,492450
1993,REGIÃO NORDESTE,PB,ETANOL,2504804,COREMAS                       ,17000
1993,REGIÃO NORDESTE,PB,ETANOL,2506300,GUARABIRA                     ,1555650
1993,REGIÃO NORDESTE,PB,ETANOL,2506602,IBIARA                        ,54400
1993,REGIÃO NORDESTE,PB,ETANOL,2507005,ITAPORANGA                    ,386950
1993,REGIÃO NORDESTE,PB,ETANOL,2507102,ITAPOROROCA                   ,109550
1993,REGIÃO NORDESTE,PB,ETANOL,2507200,ITATUBA                       ,16900
1993,REGIÃO NORDESTE,PB,ETANOL,2507307,JACARAU                       ,61450
1993,REGIÃO NORDESTE,PB,ETANOL,2507609,JUAREZ TAVORA                 ,40350
1993,REGIÃO NORDESTE,PB,ETANOL,2507803,JUNCO DO SERIDO               ,175250
1993,REGIÃO NORDESTE,PB,ETANOL,2508206,LAGOA DE DENTRO               ,24300
1993,REGIÃO NORDESTE,PB,ETANOL,2508605,LUCENA                        ,36850
1993,REGIÃO NORDESTE,PB,ETANOL,2509300,MATARACA                      ,151100
1993,REGIÃO NORDESTE,PB,ETANOL,2509709,MONTEIRO                      ,393800
1993,REGIÃO NORDESTE,PB,ETANOL,2509903,NATUBA                        ,128600
1993,REGIÃO NORDESTE,PB,ETANOL,2511401,PICUI                         ,222400
1993,REGIÃO NORDESTE,PB,ETANOL,2512106,POMBAL                        ,731300
1993,REGIÃO NORDESTE,PB,ETANOL,2512505,QUEIMADAS                     ,318400
1993,REGIÃO NORDESTE,PB,ETANOL,2513102,SALGADO DE SAO FELIX          ,39450
1993,REGIÃO NORDESTE,PB,ETANOL,2514508,SAO JOSE DE PIRANHAS          ,143200
1993,REGIÃO NORDESTE,PB,ETANOL,2516101,SOLEDADE                      ,1759500
1993,REGIÃO NORDESTE,PB,ETANOL,2516209,SOUSA                         ,1498300
1993,REGIÃO NORDESTE,PB,ETANOL,2516900,UIRAUNA                       ,130550
1993,REGIÃO NORDESTE,PB,ETANOL,2500906,ARARA                         ,66000
1993,REGIÃO NORDESTE,PB,ETANOL,2506408,GURINHEM                      ,134000
1993,REGIÃO NORDESTE,PB,ETANOL,2512904,RIO TINTO                     ,289300
1993,REGIÃO NORDESTE,PB,ETANOL,2515008,SAO MIGUEL DE TAIPU           ,48600
1993,REGIÃO NORDESTE,PB,ETANOL,2516306,SUME                          ,190000
1993,REGIÃO NORDESTE,PB,ETANOL,2500400,ALAGOA NOVA                   ,102450
1993,REGIÃO NORDESTE,PB,ETANOL,2500507,ALAGOINHA                     ,86900
1993,REGIÃO NORDESTE,PB,ETANOL,2500809,ARACAGI                       ,46800
1993,REGIÃO NORDESTE,PB,ETANOL,2501600,BARRA DE SANTA ROSA           ,174650
1993,REGIÃO NORDESTE,PB,ETANOL,2502100,BOA VENTURA                   ,64400
1993,REGIÃO NORDESTE,PB,ETANOL,2502402,BONITO DE SANTA FE            ,43000
1993,REGIÃO NORDESTE,PB,ETANOL,2502500,BOQUEIRAO                     ,198650
1993,REGIÃO NORDESTE,PB,ETANOL,2502801,BREJO DO CRUZ                 ,113200
1993,REGIÃO NORDESTE,PB,ETANOL,2504901,CRUZ DO ESPIRITO SANTO        ,57800
1993,REGIÃO NORDESTE,PB,ETANOL,2505100,CUITE                         ,219200
1993,REGIÃO NORDESTE,PB,ETANOL,2505401,DESTERRO                      ,68950
1993,REGIÃO NORDESTE,PB,ETANOL,2505800,DUAS ESTRADAS                 ,55800
1993,REGIÃO NORDESTE,PB,ETANOL,2506904,ITABAIANA                     ,645400
1993,REGIÃO NORDESTE,PB,ETANOL,2508800,MALTA                         ,130650
1993,REGIÃO NORDESTE,PB,ETANOL,2509105,MARI                          ,155000
1993,REGIÃO NORDESTE,PB,ETANOL,2510103,NOVA FLORESTA                 ,106700
1993,REGIÃO NORDESTE,PB,ETANOL,2510901,PAULISTA                      ,91350
1993,REGIÃO NORDESTE,PB,ETANOL,2511100,PEDRA LAVRADA                 ,70100
1993,REGIÃO NORDESTE,PB,ETANOL,2511207,PEDRAS DE FOGO                ,160600
1993,REGIÃO NORDESTE,PB,ETANOL,2511800,PIRPIRITUBA                   ,81000
1993,REGIÃO NORDESTE,PB,ETANOL,2512009,POCINHOS                      ,51000
1993,REGIÃO NORDESTE,PB,ETANOL,2512700,REMIGIO                       ,147700
1993,REGIÃO NORDESTE,PB,ETANOL,2514001,SAO JOAO DO CARIRI            ,46400
1993,REGIÃO NORDESTE,PB,ETANOL,2514206,SAO JOSE DA LAGOA TAPADA      ,22300
1993,REGIÃO NORDESTE,PB,ETANOL,2515105,SAO SEBASTIAO DE LAGOA DE ROCA,209000
1993,REGIÃO NORDESTE,PB,ETANOL,2515202,SAO SEBASTIAO DO UMBUZEIRO    ,28600
1993,REGIÃO NORDESTE,PB,ETANOL,2516500,TAPEROA                       ,15300
1993,REGIÃO NORDESTE,PB,ETANOL,2516608,TAVARES                       ,66000
1993,REGIÃO NORDESTE,PB,ETANOL,2516705,TEIXEIRA                      ,48800
1993,REGIÃO NORDESTE,PB,ETANOL,2514605,SAO JOSE DO BONFIM            ,34600
1993,REGIÃO NORDESTE,PB,ETANOL,2505002,CUBATI                        ,20200
1993,REGIÃO NORDESTE,PB,ETANOL,2507404,JERICO                        ,31850
1993,REGIÃO NORDESTE,PB,ETANOL,2509806,MULUNGU                       ,38500
1993,REGIÃO NORDESTE,PB,ETANOL,2507900,JURIPIRANGA                   ,177800
1993,REGIÃO NORDESTE,PB,ETANOL,2504707,CONGO                         ,9900
1993,REGIÃO NORDESTE,PB,ETANOL,2502003,BELEM DO BREJO DO CRUZ        ,14550
1993,REGIÃO NORDESTE,PB,ETANOL,2500604,ALHANDRA                      ,5000
1993,REGIÃO NORDESTE,PB,ETANOL,2503107,CABACEIRAS                    ,18900
1993,REGIÃO NORDESTE,PB,ETANOL,2503603,CAICARA                       ,14000
1994,REGIÃO NORDESTE,PB,ETANOL,2501805,BAYEUX                        ,2046900
1994,REGIÃO NORDESTE,PB,ETANOL,2503808,CALDAS BRANDAO                ,114350
1994,REGIÃO NORDESTE,PB,ETANOL,2504006,CAMPINA GRANDE                ,18597050
1994,REGIÃO NORDESTE,PB,ETANOL,2506009,ESPERANCA                     ,224600
1994,REGIÃO NORDESTE,PB,ETANOL,2506807,INGA                          ,254550
1994,REGIÃO NORDESTE,PB,ETANOL,2507501,JOAO PESSOA                   ,38876400
1994,REGIÃO NORDESTE,PB,ETANOL,2507900,JURIPIRANGA                   ,111000
1994,REGIÃO NORDESTE,PB,ETANOL,2508303,LAGOA SECA                    ,244150
1994,REGIÃO NORDESTE,PB,ETANOL,2512700,REMIGIO                       ,96050
1994,REGIÃO NORDESTE,PB,ETANOL,2513706,SANTA RITA                    ,1104500
1994,REGIÃO NORDESTE,PB,ETANOL,2513900,SAO BENTO                     ,208500
1994,REGIÃO NORDESTE,PB,ETANOL,2514907,SAO MAMEDE                    ,49400
1994,REGIÃO NORDESTE,PB,ETANOL,2516004,SOLANEA                       ,607750
1994,REGIÃO NORDESTE,PB,ETANOL,2517000,UMBUZEIRO                     ,95300
1994,REGIÃO NORDESTE,PB,ETANOL,2503204,CABEDELO                      ,3701752
1994,REGIÃO NORDESTE,PB,ETANOL,2510804,PATOS                         ,2733250
1994,REGIÃO NORDESTE,PB,ETANOL,2515300,SAPE                          ,781950
1994,REGIÃO NORDESTE,PB,ETANOL,2515504,SERRA BRANCA                  ,149600
1994,REGIÃO NORDESTE,PB,ETANOL,2500302,ALAGOA GRANDE                 ,302100
1994,REGIÃO NORDESTE,PB,ETANOL,2500701,SAO JOAO DO RIO DO PEIXE      ,256400
1994,REGIÃO NORDESTE,PB,ETANOL,2501007,ARARUNA                       ,139900
1994,REGIÃO NORDESTE,PB,ETANOL,2501104,AREIA                         ,259050
1994,REGIÃO NORDESTE,PB,ETANOL,2501309,AROEIRAS                      ,250000
1994,REGIÃO NORDESTE,PB,ETANOL,2501503,BANANEIRAS                    ,67500
1994,REGIÃO NORDESTE,PB,ETANOL,2501902,BELEM                         ,246050
1994,REGIÃO NORDESTE,PB,ETANOL,2503000,CAAPORA                       ,274050
1994,REGIÃO NORDESTE,PB,ETANOL,2503301,CACHOEIRA DOS INDIOS          ,141150
1994,REGIÃO NORDESTE,PB,ETANOL,2503506,CACIMBA DE DENTRO             ,68100
1994,REGIÃO NORDESTE,PB,ETANOL,2503700,CAJAZEIRAS                    ,1362300
1994,REGIÃO NORDESTE,PB,ETANOL,2504308,CATOLE DO ROCHA               ,692050
1994,REGIÃO NORDESTE,PB,ETANOL,2504405,CONCEICAO                     ,145950
1994,REGIÃO NORDESTE,PB,ETANOL,2504600,CONDE                         ,447200
1994,REGIÃO NORDESTE,PB,ETANOL,2505100,CUITE                         ,61750
1994,REGIÃO NORDESTE,PB,ETANOL,2506300,GUARABIRA                     ,1585650
1994,REGIÃO NORDESTE,PB,ETANOL,2506602,IBIARA                        ,9250
1994,REGIÃO NORDESTE,PB,ETANOL,2507005,ITAPORANGA                    ,287850
1994,REGIÃO NORDESTE,PB,ETANOL,2507102,ITAPOROROCA                   ,56100
1994,REGIÃO NORDESTE,PB,ETANOL,2507307,JACARAU                       ,51200
1994,REGIÃO NORDESTE,PB,ETANOL,2507609,JUAREZ TAVORA                 ,40400
1994,REGIÃO NORDESTE,PB,ETANOL,2507803,JUNCO DO SERIDO               ,176150
1994,REGIÃO NORDESTE,PB,ETANOL,2508206,LAGOA DE DENTRO               ,7150
1994,REGIÃO NORDESTE,PB,ETANOL,2508605,LUCENA                        ,45350
1994,REGIÃO NORDESTE,PB,ETANOL,2508907,MAMANGUAPE                    ,2206850
1994,REGIÃO NORDESTE,PB,ETANOL,2509709,MONTEIRO                      ,19800
1994,REGIÃO NORDESTE,PB,ETANOL,2509903,NATUBA                        ,95150
1994,REGIÃO NORDESTE,PB,ETANOL,2512106,POMBAL                        ,742150
1994,REGIÃO NORDESTE,PB,ETANOL,2512505,QUEIMADAS                     ,322200
1994,REGIÃO NORDESTE,PB,ETANOL,2512904,RIO TINTO                     ,267250
1994,REGIÃO NORDESTE,PB,ETANOL,2513102,SALGADO DE SAO FELIX          ,31100
1994,REGIÃO NORDESTE,PB,ETANOL,2514508,SAO JOSE DE PIRANHAS          ,169950
1994,REGIÃO NORDESTE,PB,ETANOL,2516101,SOLEDADE                      ,1949300
1994,REGIÃO NORDESTE,PB,ETANOL,2516209,SOUSA                         ,1167950
1994,REGIÃO NORDESTE,PB,ETANOL,2516900,UIRAUNA                       ,109950
1994,REGIÃO NORDESTE,PB,ETANOL,2500906,ARARA                         ,70000
1994,REGIÃO NORDESTE,PB,ETANOL,2506408,GURINHEM                      ,121000
1994,REGIÃO NORDESTE,PB,ETANOL,2512300,PRINCESA ISABEL               ,149600
1994,REGIÃO NORDESTE,PB,ETANOL,2515008,SAO MIGUEL DE TAIPU           ,67000
1994,REGIÃO NORDESTE,PB,ETANOL,2516306,SUME                          ,195000
1994,REGIÃO NORDESTE,PB,ETANOL,2500400,ALAGOA NOVA                   ,62950
1994,REGIÃO NORDESTE,PB,ETANOL,2500507,ALAGOINHA                     ,43700
1994,REGIÃO NORDESTE,PB,ETANOL,2500809,ARACAGI                       ,45900
1994,REGIÃO NORDESTE,PB,ETANOL,2502100,BOA VENTURA                   ,16200
1994,REGIÃO NORDESTE,PB,ETANOL,2502402,BONITO DE SANTA FE            ,56500
1994,REGIÃO NORDESTE,PB,ETANOL,2502500,BOQUEIRAO                     ,162600
1994,REGIÃO NORDESTE,PB,ETANOL,2502801,BREJO DO CRUZ                 ,84400
1994,REGIÃO NORDESTE,PB,ETANOL,2503603,CAICARA                       ,23300
1994,REGIÃO NORDESTE,PB,ETANOL,2504901,CRUZ DO ESPIRITO SANTO        ,45800
1994,REGIÃO NORDESTE,PB,ETANOL,2505401,DESTERRO                      ,36000
1994,REGIÃO NORDESTE,PB,ETANOL,2506904,ITABAIANA                     ,577000
1994,REGIÃO NORDESTE,PB,ETANOL,2507404,JERICO                        ,47250
1994,REGIÃO NORDESTE,PB,ETANOL,2508800,MALTA                         ,81650
1994,REGIÃO NORDESTE,PB,ETANOL,2509105,MARI                          ,73600
1994,REGIÃO NORDESTE,PB,ETANOL,2510103,NOVA FLORESTA                 ,49200
1994,REGIÃO NORDESTE,PB,ETANOL,2510901,PAULISTA                      ,45950
1994,REGIÃO NORDESTE,PB,ETANOL,2511100,PEDRA LAVRADA                 ,26200
1994,REGIÃO NORDESTE,PB,ETANOL,2511207,PEDRAS DE FOGO                ,152800
1994,REGIÃO NORDESTE,PB,ETANOL,2511304,PIANCO                        ,295500
1994,REGIÃO NORDESTE,PB,ETANOL,2511401,PICUI                         ,54000
1994,REGIÃO NORDESTE,PB,ETANOL,2511800,PIRPIRITUBA                   ,29300
1994,REGIÃO NORDESTE,PB,ETANOL,2512009,POCINHOS                      ,49050
1994,REGIÃO NORDESTE,PB,ETANOL,2513404,SANTA LUZIA                   ,249250
1994,REGIÃO NORDESTE,PB,ETANOL,2514001,SAO JOAO DO CARIRI            ,23300
1994,REGIÃO NORDESTE,PB,ETANOL,2515105,SAO SEBASTIAO DE LAGOA DE ROCA,151550
1994,REGIÃO NORDESTE,PB,ETANOL,2515202,SAO SEBASTIAO DO UMBUZEIRO    ,29300
1994,REGIÃO NORDESTE,PB,ETANOL,2516608,TAVARES                       ,49250
1994,REGIÃO NORDESTE,PB,ETANOL,2501600,BARRA DE SANTA ROSA           ,132050
1994,REGIÃO NORDESTE,PB,ETANOL,2504502,CONDADO                       ,44950
1994,REGIÃO NORDESTE,PB,ETANOL,2504707,CONGO                         ,9900
1994,REGIÃO NORDESTE,PB,ETANOL,2509300,MATARACA                      ,151000
1994,REGIÃO NORDESTE,PB,ETANOL,2505002,CUBATI                        ,4200
1994,REGIÃO NORDESTE,PB,ETANOL,2505800,DUAS ESTRADAS                 ,45100
1994,REGIÃO NORDESTE,PB,ETANOL,2509806,MULUNGU                       ,57000
1994,REGIÃO NORDESTE,PB,ETANOL,2516705,TEIXEIRA                      ,20000
1994,REGIÃO NORDESTE,PB,ETANOL,2507706,JUAZEIRINHO                   ,54000
1994,REGIÃO NORDESTE,PB,ETANOL,2504804,COREMAS                       ,16200
1994,REGIÃO NORDESTE,PB,ETANOL,2509407,MOGEIRO                       ,5000
1994,REGIÃO NORDESTE,PB,ETANOL,2514605,SAO JOSE DO BONFIM            ,20000
1994,REGIÃO NORDESTE,PB,ETANOL,2514206,SAO JOSE DA LAGOA TAPADA      ,23300
1994,REGIÃO NORDESTE,PB,ETANOL,2502003,BELEM DO BREJO DO CRUZ        ,15500
1994,REGIÃO NORDESTE,PB,ETANOL,2512408,PUXINANA                      ,4900
1994,REGIÃO NORDESTE,PB,ETANOL,2516500,TAPEROA                       ,15900
1995,REGIÃO NORDESTE,PB,ETANOL,2501805,BAYEUX                        ,2687050
1995,REGIÃO NORDESTE,PB,ETANOL,2503808,CALDAS BRANDAO                ,187300
1995,REGIÃO NORDESTE,PB,ETANOL,2504006,CAMPINA GRANDE                ,23455920
1995,REGIÃO NORDESTE,PB,ETANOL,2506807,INGA                          ,293800
1995,REGIÃO NORDESTE,PB,ETANOL,2507501,JOAO PESSOA                   ,37504450
1995,REGIÃO NORDESTE,PB,ETANOL,2507706,JUAZEIRINHO                   ,127800
1995,REGIÃO NORDESTE,PB,ETANOL,2508303,LAGOA SECA                    ,341350
1995,REGIÃO NORDESTE,PB,ETANOL,2512700,REMIGIO                       ,156600
1995,REGIÃO NORDESTE,PB,ETANOL,2513404,SANTA LUZIA                   ,325250
1995,REGIÃO NORDESTE,PB,ETANOL,2513706,SANTA RITA                    ,1342650
1995,REGIÃO NORDESTE,PB,ETANOL,2513900,SAO BENTO                     ,220200
1995,REGIÃO NORDESTE,PB,ETANOL,2514907,SAO MAMEDE                    ,7100
1995,REGIÃO NORDESTE,PB,ETANOL,2516004,SOLANEA                       ,420050
1995,REGIÃO NORDESTE,PB,ETANOL,2517000,UMBUZEIRO                     ,75000
1995,REGIÃO NORDESTE,PB,ETANOL,2503204,CABEDELO                      ,5071200
1995,REGIÃO NORDESTE,PB,ETANOL,2508907,MAMANGUAPE                    ,1737100
1995,REGIÃO NORDESTE,PB,ETANOL,2515300,SAPE                          ,800000
1995,REGIÃO NORDESTE,PB,ETANOL,2500302,ALAGOA GRANDE                 ,235300
1995,REGIÃO NORDESTE,PB,ETANOL,2500701,SAO JOAO DO RIO DO PEIXE      ,285150
1995,REGIÃO NORDESTE,PB,ETANOL,2501007,ARARUNA                       ,155500
1995,REGIÃO NORDESTE,PB,ETANOL,2501104,AREIA                         ,285700
1995,REGIÃO NORDESTE,PB,ETANOL,2501309,AROEIRAS                      ,140000
1995,REGIÃO NORDESTE,PB,ETANOL,2501503,BANANEIRAS                    ,295000
1995,REGIÃO NORDESTE,PB,ETANOL,2501902,BELEM                         ,282250
1995,REGIÃO NORDESTE,PB,ETANOL,2503000,CAAPORA                       ,261500
1995,REGIÃO NORDESTE,PB,ETANOL,2503301,CACHOEIRA DOS INDIOS          ,128800
1995,REGIÃO NORDESTE,PB,ETANOL,2503700,CAJAZEIRAS                    ,1485250
1995,REGIÃO NORDESTE,PB,ETANOL,2504308,CATOLE DO ROCHA               ,864750
1995,REGIÃO NORDESTE,PB,ETANOL,2504405,CONCEICAO                     ,110150
1995,REGIÃO NORDESTE,PB,ETANOL,2504502,CONDADO                       ,85000
1995,REGIÃO NORDESTE,PB,ETANOL,2504600,CONDE                         ,431600
1995,REGIÃO NORDESTE,PB,ETANOL,2506300,GUARABIRA                     ,1760300
1995,REGIÃO NORDESTE,PB,ETANOL,2507005,ITAPORANGA                    ,246900
1995,REGIÃO NORDESTE,PB,ETANOL,2507307,JACARAU                       ,59400
1995,REGIÃO NORDESTE,PB,ETANOL,2507803,JUNCO DO SERIDO               ,167200
1995,REGIÃO NORDESTE,PB,ETANOL,2508605,LUCENA                        ,45500
1995,REGIÃO NORDESTE,PB,ETANOL,2509300,MATARACA                      ,155300
1995,REGIÃO NORDESTE,PB,ETANOL,2509903,NATUBA                        ,89500
1995,REGIÃO NORDESTE,PB,ETANOL,2510804,PATOS                         ,3398750
1995,REGIÃO NORDESTE,PB,ETANOL,2512106,POMBAL                        ,741900
1995,REGIÃO NORDESTE,PB,ETANOL,2512505,QUEIMADAS                     ,572400
1995,REGIÃO NORDESTE,PB,ETANOL,2512904,RIO TINTO                     ,232500
1995,REGIÃO NORDESTE,PB,ETANOL,2514508,SAO JOSE DE PIRANHAS          ,199000
1995,REGIÃO NORDESTE,PB,ETANOL,2515504,SERRA BRANCA                  ,120300
1995,REGIÃO NORDESTE,PB,ETANOL,2516101,SOLEDADE                      ,631300
1995,REGIÃO NORDESTE,PB,ETANOL,2516209,SOUSA                         ,1268600
1995,REGIÃO NORDESTE,PB,ETANOL,2516900,UIRAUNA                       ,165000
1995,REGIÃO NORDESTE,PB,ETANOL,2500906,ARARA                         ,83000
1995,REGIÃO NORDESTE,PB,ETANOL,2506009,ESPERANCA                     ,150400
1995,REGIÃO NORDESTE,PB,ETANOL,2506408,GURINHEM                      ,85000
1995,REGIÃO NORDESTE,PB,ETANOL,2516306,SUME                          ,219000
1995,REGIÃO NORDESTE,PB,ETANOL,2500400,ALAGOA NOVA                   ,108000
1995,REGIÃO NORDESTE,PB,ETANOL,2502402,BONITO DE SANTA FE            ,51000
1995,REGIÃO NORDESTE,PB,ETANOL,2502500,BOQUEIRAO                     ,208950
1995,REGIÃO NORDESTE,PB,ETANOL,2504901,CRUZ DO ESPIRITO SANTO        ,81000
1995,REGIÃO NORDESTE,PB,ETANOL,2505100,CUITE                         ,5000
1995,REGIÃO NORDESTE,PB,ETANOL,2506904,ITABAIANA                     ,657000
1995,REGIÃO NORDESTE,PB,ETANOL,2507404,JERICO                        ,71100
1995,REGIÃO NORDESTE,PB,ETANOL,2508800,MALTA                         ,106400
1995,REGIÃO NORDESTE,PB,ETANOL,2509105,MARI                          ,67000
1995,REGIÃO NORDESTE,PB,ETANOL,2511207,PEDRAS DE FOGO                ,171000
1995,REGIÃO NORDESTE,PB,ETANOL,2511304,PIANCO                        ,445000
1995,REGIÃO NORDESTE,PB,ETANOL,2511401,PICUI                         ,124000
1995,REGIÃO NORDESTE,PB,ETANOL,2512009,POCINHOS                      ,39150
1995,REGIÃO NORDESTE,PB,ETANOL,2514206,SAO JOSE DA LAGOA TAPADA      ,35500
1995,REGIÃO NORDESTE,PB,ETANOL,2515202,SAO SEBASTIAO DO UMBUZEIRO    ,25000
1995,REGIÃO NORDESTE,PB,ETANOL,2516608,TAVARES                       ,85500
1995,REGIÃO NORDESTE,PB,ETANOL,2504804,COREMAS                       ,33600
1995,REGIÃO NORDESTE,PB,ETANOL,2509709,MONTEIRO                      ,95000
1995,REGIÃO NORDESTE,PB,ETANOL,2512300,PRINCESA ISABEL               ,150450
1995,REGIÃO NORDESTE,PB,ETANOL,2501201,AREIAL                        ,15000
1995,REGIÃO NORDESTE,PB,ETANOL,2501600,BARRA DE SANTA ROSA           ,140000
1995,REGIÃO NORDESTE,PB,ETANOL,2502003,BELEM DO BREJO DO CRUZ        ,20000
1995,REGIÃO NORDESTE,PB,ETANOL,2502801,BREJO DO CRUZ                 ,25000
1995,REGIÃO NORDESTE,PB,ETANOL,2509806,MULUNGU                       ,16000
1995,REGIÃO NORDESTE,PB,ETANOL,2503506,CACIMBA DE DENTRO             ,60050
1995,REGIÃO NORDESTE,PB,ETANOL,2507609,JUAREZ TAVORA                 ,35050
1995,REGIÃO NORDESTE,PB,ETANOL,2515008,SAO MIGUEL DE TAIPU           ,10000
1995,REGIÃO NORDESTE,PB,ETANOL,2515105,SAO SEBASTIAO DE LAGOA DE ROCA,94500
1995,REGIÃO NORDESTE,PB,ETANOL,2516500,TAPEROA                       ,36000
1995,REGIÃO NORDESTE,PB,ETANOL,2513102,SALGADO DE SAO FELIX          ,26300
1995,REGIÃO NORDESTE,PB,ETANOL,2500809,ARACAGI                       ,45000
1995,REGIÃO NORDESTE,PB,ETANOL,2505800,DUAS ESTRADAS                 ,28000
1995,REGIÃO NORDESTE,PB,ETANOL,2512408,PUXINANA                      ,14000
1995,REGIÃO NORDESTE,PB,ETANOL,2507900,JURIPIRANGA                   ,67700
1995,REGIÃO NORDESTE,PB,ETANOL,2500604,ALHANDRA                      ,176000
1995,REGIÃO NORDESTE,PB,ETANOL,2505401,DESTERRO                      ,5300
1995,REGIÃO NORDESTE,PB,ETANOL,2510103,NOVA FLORESTA                 ,43250
1995,REGIÃO NORDESTE,PB,ETANOL,2507102,ITAPOROROCA                   ,5000
1995,REGIÃO NORDESTE,PB,ETANOL,2510901,PAULISTA                      ,5000
1995,REGIÃO NORDESTE,PB,ETANOL,2500507,ALAGOINHA                     ,5000
1995,REGIÃO NORDESTE,PB,ETANOL,2503603,CAICARA                       ,17000
1995,REGIÃO NORDESTE,PB,ETANOL,2516705,TEIXEIRA                      ,10200
1996,REGIÃO NORDESTE,PB,ETANOL,2501805,BAYEUX                        ,3040900
1996,REGIÃO NORDESTE,PB,ETANOL,2503808,CALDAS BRANDAO                ,236450
1996,REGIÃO NORDESTE,PB,ETANOL,2504006,CAMPINA GRANDE                ,21846750
1996,REGIÃO NORDESTE,PB,ETANOL,2506807,INGA                          ,233450
1996,REGIÃO NORDESTE,PB,ETANOL,2507501,JOAO PESSOA                   ,35508640
1996,REGIÃO NORDESTE,PB,ETANOL,2507706,JUAZEIRINHO                   ,169200
1996,REGIÃO NORDESTE,PB,ETANOL,2507900,JURIPIRANGA                   ,15000
1996,REGIÃO NORDESTE,PB,ETANOL,2508303,LAGOA SECA                    ,301200
1996,REGIÃO NORDESTE,PB,ETANOL,2512300,PRINCESA ISABEL               ,155150
1996,REGIÃO NORDESTE,PB,ETANOL,2512700,REMIGIO                       ,181700
1996,REGIÃO NORDESTE,PB,ETANOL,2513404,SANTA LUZIA                   ,565650
1996,REGIÃO NORDESTE,PB,ETANOL,2513706,SANTA RITA                    ,1781700
1996,REGIÃO NORDESTE,PB,ETANOL,2513900,SAO BENTO                     ,272600
1996,REGIÃO NORDESTE,PB,ETANOL,2516004,SOLANEA                       ,385200
1996,REGIÃO NORDESTE,PB,ETANOL,2517000,UMBUZEIRO                     ,60000
1996,REGIÃO NORDESTE,PB,ETANOL,2500604,ALHANDRA                      ,220000
1996,REGIÃO NORDESTE,PB,ETANOL,2503204,CABEDELO                      ,3445121
1996,REGIÃO NORDESTE,PB,ETANOL,2508907,MAMANGUAPE                    ,1248200
1996,REGIÃO NORDESTE,PB,ETANOL,2500302,ALAGOA GRANDE                 ,175000
1996,REGIÃO NORDESTE,PB,ETANOL,2500701,SAO JOAO DO RIO DO PEIXE      ,382100
1996,REGIÃO NORDESTE,PB,ETANOL,2501007,ARARUNA                       ,205000
1996,REGIÃO NORDESTE,PB,ETANOL,2501104,AREIA                         ,260000
1996,REGIÃO NORDESTE,PB,ETANOL,2501309,AROEIRAS                      ,105000
1996,REGIÃO NORDESTE,PB,ETANOL,2501503,BANANEIRAS                    ,395000
1996,REGIÃO NORDESTE,PB,ETANOL,2501600,BARRA DE SANTA ROSA           ,135000
1996,REGIÃO NORDESTE,PB,ETANOL,2501902,BELEM                         ,441000
1996,REGIÃO NORDESTE,PB,ETANOL,2503000,CAAPORA                       ,295000
1996,REGIÃO NORDESTE,PB,ETANOL,2503301,CACHOEIRA DOS INDIOS          ,195000
1996,REGIÃO NORDESTE,PB,ETANOL,2503506,CACIMBA DE DENTRO             ,110000
1996,REGIÃO NORDESTE,PB,ETANOL,2503700,CAJAZEIRAS                    ,1600200
1996,REGIÃO NORDESTE,PB,ETANOL,2504308,CATOLE DO ROCHA               ,701000
1996,REGIÃO NORDESTE,PB,ETANOL,2504405,CONCEICAO                     ,50000
1996,REGIÃO NORDESTE,PB,ETANOL,2504502,CONDADO                       ,120000
1996,REGIÃO NORDESTE,PB,ETANOL,2504600,CONDE                         ,446000
1996,REGIÃO NORDESTE,PB,ETANOL,2506300,GUARABIRA                     ,1870000
1996,REGIÃO NORDESTE,PB,ETANOL,2507005,ITAPORANGA                    ,195000
1996,REGIÃO NORDESTE,PB,ETANOL,2507307,JACARAU                       ,75300
1996,REGIÃO NORDESTE,PB,ETANOL,2507609,JUAREZ TAVORA                 ,30000
1996,REGIÃO NORDESTE,PB,ETANOL,2507803,JUNCO DO SERIDO               ,150000
1996,REGIÃO NORDESTE,PB,ETANOL,2508605,LUCENA                        ,50000
1996,REGIÃO NORDESTE,PB,ETANOL,2509300,MATARACA                      ,181200
1996,REGIÃO NORDESTE,PB,ETANOL,2509709,MONTEIRO                      ,140000
1996,REGIÃO NORDESTE,PB,ETANOL,2509903,NATUBA                        ,132000
1996,REGIÃO NORDESTE,PB,ETANOL,2510804,PATOS                         ,2963650
1996,REGIÃO NORDESTE,PB,ETANOL,2512106,POMBAL                        ,577600
1996,REGIÃO NORDESTE,PB,ETANOL,2512505,QUEIMADAS                     ,891000
1996,REGIÃO NORDESTE,PB,ETANOL,2512904,RIO TINTO                     ,310300
1996,REGIÃO NORDESTE,PB,ETANOL,2513102,SALGADO DE SAO FELIX          ,40000
1996,REGIÃO NORDESTE,PB,ETANOL,2514508,SAO JOSE DE PIRANHAS          ,210000
1996,REGIÃO NORDESTE,PB,ETANOL,2515300,SAPE                          ,701000
1996,REGIÃO NORDESTE,PB,ETANOL,2515504,SERRA BRANCA                  ,100000
1996,REGIÃO NORDESTE,PB,ETANOL,2516209,SOUSA                         ,1719400
1996,REGIÃO NORDESTE,PB,ETANOL,2516900,UIRAUNA                       ,110000
1996,REGIÃO NORDESTE,PB,ETANOL,2500906,ARARA                         ,107000
1996,REGIÃO NORDESTE,PB,ETANOL,2506408,GURINHEM                      ,95000
1996,REGIÃO NORDESTE,PB,ETANOL,2516306,SUME                          ,170000
1996,REGIÃO NORDESTE,PB,ETANOL,2500400,ALAGOA NOVA                   ,109950
1996,REGIÃO NORDESTE,PB,ETANOL,2500507,ALAGOINHA                     ,35000
1996,REGIÃO NORDESTE,PB,ETANOL,2500809,ARACAGI                       ,48000
1996,REGIÃO NORDESTE,PB,ETANOL,2501201,AREIAL                        ,9750
1996,REGIÃO NORDESTE,PB,ETANOL,2502402,BONITO DE SANTA FE            ,5500
1996,REGIÃO NORDESTE,PB,ETANOL,2502500,BOQUEIRAO                     ,206900
1996,REGIÃO NORDESTE,PB,ETANOL,2502801,BREJO DO CRUZ                 ,5000
1996,REGIÃO NORDESTE,PB,ETANOL,2503603,CAICARA                       ,40000
1996,REGIÃO NORDESTE,PB,ETANOL,2504901,CRUZ DO ESPIRITO SANTO        ,58000
1996,REGIÃO NORDESTE,PB,ETANOL,2506904,ITABAIANA                     ,508800
1996,REGIÃO NORDESTE,PB,ETANOL,2507404,JERICO                        ,117000
1996,REGIÃO NORDESTE,PB,ETANOL,2508800,MALTA                         ,26000
1996,REGIÃO NORDESTE,PB,ETANOL,2510103,NOVA FLORESTA                 ,58200
1996,REGIÃO NORDESTE,PB,ETANOL,2511207,PEDRAS DE FOGO                ,142000
1996,REGIÃO NORDESTE,PB,ETANOL,2511304,PIANCO                        ,545000
1996,REGIÃO NORDESTE,PB,ETANOL,2511401,PICUI                         ,250000
1996,REGIÃO NORDESTE,PB,ETANOL,2514206,SAO JOSE DA LAGOA TAPADA      ,40500
1996,REGIÃO NORDESTE,PB,ETANOL,2515105,SAO SEBASTIAO DE LAGOA DE ROCA,141550
1996,REGIÃO NORDESTE,PB,ETANOL,2515202,SAO SEBASTIAO DO UMBUZEIRO    ,75000
1996,REGIÃO NORDESTE,PB,ETANOL,2516500,TAPEROA                       ,76900
1996,REGIÃO NORDESTE,PB,ETANOL,2516608,TAVARES                       ,77500
1996,REGIÃO NORDESTE,PB,ETANOL,2516705,TEIXEIRA                      ,286300
1996,REGIÃO NORDESTE,PB,ETANOL,2504707,CONGO                         ,5000
1996,REGIÃO NORDESTE,PB,ETANOL,2516101,SOLEDADE                      ,39000
1996,REGIÃO NORDESTE,PB,ETANOL,2506009,ESPERANCA                     ,188000
1996,REGIÃO NORDESTE,PB,ETANOL,2511100,PEDRA LAVRADA                 ,5000
1996,REGIÃO NORDESTE,PB,ETANOL,2512009,POCINHOS                      ,52400
1996,REGIÃO NORDESTE,PB,ETANOL,2502003,BELEM DO BREJO DO CRUZ        ,5000
1996,REGIÃO NORDESTE,PB,ETANOL,2505002,CUBATI                        ,20000
1996,REGIÃO NORDESTE,PB,ETANOL,2509105,MARI                          ,43000
1996,REGIÃO NORDESTE,PB,ETANOL,2512408,PUXINANA                      ,5000
1996,REGIÃO NORDESTE,PB,ETANOL,2507102,ITAPOROROCA                   ,72900
1996,REGIÃO NORDESTE,PB,ETANOL,2505401,DESTERRO                      ,5000
1996,REGIÃO NORDESTE,PB,ETANOL,2505100,CUITE                         ,60000
1996,REGIÃO NORDESTE,PB,ETANOL,2509806,MULUNGU                       ,7000
1996,REGIÃO NORDESTE,PB,ETANOL,2502909,BREJO DOS SANTOS              ,25000
1997,REGIÃO NORDESTE,PB,ETANOL,2501805,BAYEUX                        ,3002100
1997,REGIÃO NORDESTE,PB,ETANOL,2503808,CALDAS BRANDAO                ,120200
1997,REGIÃO NORDESTE,PB,ETANOL,2504006,CAMPINA GRANDE                ,16558400
1997,REGIÃO NORDESTE,PB,ETANOL,2506300,GUARABIRA                     ,1585200
1997,REGIÃO NORDESTE,PB,ETANOL,2506807,INGA                          ,175000
1997,REGIÃO NORDESTE,PB,ETANOL,2507501,JOAO PESSOA                   ,27466700
1997,REGIÃO NORDESTE,PB,ETANOL,2507706,JUAZEIRINHO                   ,125000
1997,REGIÃO NORDESTE,PB,ETANOL,2508303,LAGOA SECA                    ,170000
1997,REGIÃO NORDESTE,PB,ETANOL,2512300,PRINCESA ISABEL               ,76250
1997,REGIÃO NORDESTE,PB,ETANOL,2512700,REMIGIO                       ,210000
1997,REGIÃO NORDESTE,PB,ETANOL,2513706,SANTA RITA                    ,1758750
1997,REGIÃO NORDESTE,PB,ETANOL,2513900,SAO BENTO                     ,160000
1997,REGIÃO NORDESTE,PB,ETANOL,2516004,SOLANEA                       ,531700
1997,REGIÃO NORDESTE,PB,ETANOL,2517000,UMBUZEIRO                     ,45000
1997,REGIÃO NORDESTE,PB,ETANOL,2500604,ALHANDRA                      ,229000
1997,REGIÃO NORDESTE,PB,ETANOL,2503204,CABEDELO                      ,3062069
1997,REGIÃO NORDESTE,PB,ETANOL,2515300,SAPE                          ,504850
1997,REGIÃO NORDESTE,PB,ETANOL,2500701,SAO JOAO DO RIO DO PEIXE      ,281000
1997,REGIÃO NORDESTE,PB,ETANOL,2501007,ARARUNA                       ,185000
1997,REGIÃO NORDESTE,PB,ETANOL,2501104,AREIA                         ,195000
1997,REGIÃO NORDESTE,PB,ETANOL,2501309,AROEIRAS                      ,70000
1997,REGIÃO NORDESTE,PB,ETANOL,2501503,BANANEIRAS                    ,275000
1997,REGIÃO NORDESTE,PB,ETANOL,2501902,BELEM                         ,321000
1997,REGIÃO NORDESTE,PB,ETANOL,2503000,CAAPORA                       ,190000
1997,REGIÃO NORDESTE,PB,ETANOL,2503301,CACHOEIRA DOS INDIOS          ,80000
1997,REGIÃO NORDESTE,PB,ETANOL,2503506,CACIMBA DE DENTRO             ,95000
1997,REGIÃO NORDESTE,PB,ETANOL,2503700,CAJAZEIRAS                    ,1250000
1997,REGIÃO NORDESTE,PB,ETANOL,2504308,CATOLE DO ROCHA               ,340000
1997,REGIÃO NORDESTE,PB,ETANOL,2504502,CONDADO                       ,85000
1997,REGIÃO NORDESTE,PB,ETANOL,2507005,ITAPORANGA                    ,125000
1997,REGIÃO NORDESTE,PB,ETANOL,2507609,JUAREZ TAVORA                 ,50000
1997,REGIÃO NORDESTE,PB,ETANOL,2507803,JUNCO DO SERIDO               ,120000
1997,REGIÃO NORDESTE,PB,ETANOL,2508907,MAMANGUAPE                    ,1172950
1997,REGIÃO NORDESTE,PB,ETANOL,2509300,MATARACA                      ,120000
1997,REGIÃO NORDESTE,PB,ETANOL,2509709,MONTEIRO                      ,395000
1997,REGIÃO NORDESTE,PB,ETANOL,2509903,NATUBA                        ,115300
1997,REGIÃO NORDESTE,PB,ETANOL,2510804,PATOS                         ,2000700
1997,REGIÃO NORDESTE,PB,ETANOL,2512106,POMBAL                        ,340000
1997,REGIÃO NORDESTE,PB,ETANOL,2512505,QUEIMADAS                     ,560000
1997,REGIÃO NORDESTE,PB,ETANOL,2512904,RIO TINTO                     ,148700
1997,REGIÃO NORDESTE,PB,ETANOL,2514508,SAO JOSE DE PIRANHAS          ,195000
1997,REGIÃO NORDESTE,PB,ETANOL,2515504,SERRA BRANCA                  ,220000
1997,REGIÃO NORDESTE,PB,ETANOL,2516209,SOUSA                         ,1421200
1997,REGIÃO NORDESTE,PB,ETANOL,2516705,TEIXEIRA                      ,220000
1997,REGIÃO NORDESTE,PB,ETANOL,2516900,UIRAUNA                       ,85000
1997,REGIÃO NORDESTE,PB,ETANOL,2500906,ARARA                         ,111000
1997,REGIÃO NORDESTE,PB,ETANOL,2506009,ESPERANCA                     ,174000
1997,REGIÃO NORDESTE,PB,ETANOL,2506408,GURINHEM                      ,229000
1997,REGIÃO NORDESTE,PB,ETANOL,2516306,SUME                          ,250000
1997,REGIÃO NORDESTE,PB,ETANOL,2500507,ALAGOINHA                     ,125000
1997,REGIÃO NORDESTE,PB,ETANOL,2500809,ARACAGI                       ,15900
1997,REGIÃO NORDESTE,PB,ETANOL,2502500,BOQUEIRAO                     ,187950
1997,REGIÃO NORDESTE,PB,ETANOL,2504600,CONDE                         ,289000
1997,REGIÃO NORDESTE,PB,ETANOL,2504901,CRUZ DO ESPIRITO SANTO        ,88000
1997,REGIÃO NORDESTE,PB,ETANOL,2506904,ITABAIANA                     ,377000
1997,REGIÃO NORDESTE,PB,ETANOL,2507404,JERICO                        ,49000
1997,REGIÃO NORDESTE,PB,ETANOL,2509105,MARI                          ,88300
1997,REGIÃO NORDESTE,PB,ETANOL,2509806,MULUNGU                       ,32000
1997,REGIÃO NORDESTE,PB,ETANOL,2511304,PIANCO                        ,435000
1997,REGIÃO NORDESTE,PB,ETANOL,2512009,POCINHOS                      ,64000
1997,REGIÃO NORDESTE,PB,ETANOL,2513404,SANTA LUZIA                   ,450000
1997,REGIÃO NORDESTE,PB,ETANOL,2514206,SAO JOSE DA LAGOA TAPADA      ,5000
1997,REGIÃO NORDESTE,PB,ETANOL,2515105,SAO SEBASTIAO DE LAGOA DE ROCA,126200
1997,REGIÃO NORDESTE,PB,ETANOL,2515202,SAO SEBASTIAO DO UMBUZEIRO    ,40000
1997,REGIÃO NORDESTE,PB,ETANOL,2516500,TAPEROA                       ,90000
1997,REGIÃO NORDESTE,PB,ETANOL,2516608,TAVARES                       ,45000
1997,REGIÃO NORDESTE,PB,ETANOL,2500302,ALAGOA GRANDE                 ,255000
1997,REGIÃO NORDESTE,PB,ETANOL,2500400,ALAGOA NOVA                   ,74900
1997,REGIÃO NORDESTE,PB,ETANOL,2502003,BELEM DO BREJO DO CRUZ        ,60000
1997,REGIÃO NORDESTE,PB,ETANOL,2502909,BREJO DOS SANTOS              ,140000
1997,REGIÃO NORDESTE,PB,ETANOL,2505100,CUITE                         ,190000
1997,REGIÃO NORDESTE,PB,ETANOL,2507102,ITAPOROROCA                   ,145000
1997,REGIÃO NORDESTE,PB,ETANOL,2507307,JACARAU                       ,55000
1997,REGIÃO NORDESTE,PB,ETANOL,2511207,PEDRAS DE FOGO                ,50000
1997,REGIÃO NORDESTE,PB,ETANOL,2511401,PICUI                         ,255000
1997,REGIÃO NORDESTE,PB,ETANOL,2516101,SOLEDADE                      ,26000
1997,REGIÃO NORDESTE,PB,ETANOL,2501600,BARRA DE SANTA ROSA           ,105000
1997,REGIÃO NORDESTE,PB,ETANOL,2503603,CAICARA                       ,35000
1997,REGIÃO NORDESTE,PB,ETANOL,2506505,GURJAO                        ,25000
1997,REGIÃO NORDESTE,PB,ETANOL,2508605,LUCENA                        ,65000
1997,REGIÃO NORDESTE,PB,ETANOL,2510103,NOVA FLORESTA                 ,40000
1997,REGIÃO NORDESTE,PB,ETANOL,2510901,PAULISTA                      ,95000
1997,REGIÃO NORDESTE,PB,ETANOL,2505401,DESTERRO                      ,10000
1997,REGIÃO NORDESTE,PB,ETANOL,2512408,PUXINANA                      ,25000
1997,REGIÃO NORDESTE,PB,ETANOL,2514001,SAO JOAO DO CARIRI            ,30000
1997,REGIÃO NORDESTE,PB,ETANOL,2511100,PEDRA LAVRADA                 ,45000
1997,REGIÃO NORDESTE,PB,ETANOL,2513102,SALGADO DE SAO FELIX          ,5000
1997,REGIÃO NORDESTE,PB,ETANOL,2500108,AGUA BRANCA                   ,15000
1997,REGIÃO NORDESTE,PB,ETANOL,2504707,CONGO                         ,10000
1997,REGIÃO NORDESTE,PB,ETANOL,2508508,LIVRAMENTO                    ,5000
1997,REGIÃO NORDESTE,PB,ETANOL,2507900,JURIPIRANGA                   ,35000
1997,REGIÃO NORDESTE,PB,ETANOL,2503107,CABACEIRAS                    ,11000
1997,REGIÃO NORDESTE,PB,ETANOL,2514702,SAO JOSE DO SABUGI            ,5000
1997,REGIÃO NORDESTE,PB,ETANOL,2511509,PILAR                         ,10000
1997,REGIÃO NORDESTE,PB,ETANOL,2504804,COREMAS                       ,25000
1997,REGIÃO NORDESTE,PB,ETANOL,2505800,DUAS ESTRADAS                 ,5000
1997,REGIÃO NORDESTE,PB,ETANOL,2506700,IMACULADA                     ,5000
1997,REGIÃO NORDESTE,PB,ETANOL,2502100,BOA VENTURA                   ,5000
1997,REGIÃO NORDESTE,PB,ETANOL,2512203,PRATA                         ,5000
1997,REGIÃO NORDESTE,PB,ETANOL,2506602,IBIARA                        ,5000
1998,REGIÃO NORDESTE,PB,ETANOL,2501805,BAYEUX                        ,3120150
1998,REGIÃO NORDESTE,PB,ETANOL,2503808,CALDAS BRANDAO                ,70000
1998,REGIÃO NORDESTE,PB,ETANOL,2504006,CAMPINA GRANDE                ,13396100
1998,REGIÃO NORDESTE,PB,ETANOL,2506807,INGA                          ,149000
1998,REGIÃO NORDESTE,PB,ETANOL,2507501,JOAO PESSOA                   ,22324950
1998,REGIÃO NORDESTE,PB,ETANOL,2512700,REMIGIO                       ,155000
1998,REGIÃO NORDESTE,PB,ETANOL,2513900,SAO BENTO                     ,145000
1998,REGIÃO NORDESTE,PB,ETANOL,2516004,SOLANEA                       ,611580
1998,REGIÃO NORDESTE,PB,ETANOL,2503204,CABEDELO                      ,2070603
1998,REGIÃO NORDESTE,PB,ETANOL,2513706,SANTA RITA                    ,1918550
1998,REGIÃO NORDESTE,PB,ETANOL,2515300,SAPE                          ,652000
1998,REGIÃO NORDESTE,PB,ETANOL,2500302,ALAGOA GRANDE                 ,275000
1998,REGIÃO NORDESTE,PB,ETANOL,2500400,ALAGOA NOVA                   ,43000
1998,REGIÃO NORDESTE,PB,ETANOL,2500507,ALAGOINHA                     ,134000
1998,REGIÃO NORDESTE,PB,ETANOL,2500604,ALHANDRA                      ,418000
1998,REGIÃO NORDESTE,PB,ETANOL,2500906,ARARA                         ,110000
1998,REGIÃO NORDESTE,PB,ETANOL,2501600,BARRA DE SANTA ROSA           ,130000
1998,REGIÃO NORDESTE,PB,ETANOL,2504804,COREMAS                       ,80000
1998,REGIÃO NORDESTE,PB,ETANOL,2505100,CUITE                         ,185000
1998,REGIÃO NORDESTE,PB,ETANOL,2506505,GURJAO                        ,30000
1998,REGIÃO NORDESTE,PB,ETANOL,2506700,IMACULADA                     ,20000
1998,REGIÃO NORDESTE,PB,ETANOL,2506904,ITABAIANA                     ,277000
1998,REGIÃO NORDESTE,PB,ETANOL,2507005,ITAPORANGA                    ,270000
1998,REGIÃO NORDESTE,PB,ETANOL,2507102,ITAPOROROCA                   ,10000
1998,REGIÃO NORDESTE,PB,ETANOL,2507307,JACARAU                       ,101000
1998,REGIÃO NORDESTE,PB,ETANOL,2507404,JERICO                        ,79000
1998,REGIÃO NORDESTE,PB,ETANOL,2507609,JUAREZ TAVORA                 ,15000
1998,REGIÃO NORDESTE,PB,ETANOL,2507803,JUNCO DO SERIDO               ,100600
1998,REGIÃO NORDESTE,PB,ETANOL,2508303,LAGOA SECA                    ,238000
1998,REGIÃO NORDESTE,PB,ETANOL,2508605,LUCENA                        ,104000
1998,REGIÃO NORDESTE,PB,ETANOL,2508907,MAMANGUAPE                    ,656850
1998,REGIÃO NORDESTE,PB,ETANOL,2510103,NOVA FLORESTA                 ,71500
1998,REGIÃO NORDESTE,PB,ETANOL,2510804,PATOS                         ,1514000
1998,REGIÃO NORDESTE,PB,ETANOL,2510901,PAULISTA                      ,601000
1998,REGIÃO NORDESTE,PB,ETANOL,2511100,PEDRA LAVRADA                 ,45000
1998,REGIÃO NORDESTE,PB,ETANOL,2511401,PICUI                         ,232000
1998,REGIÃO NORDESTE,PB,ETANOL,2513404,SANTA LUZIA                   ,375000
1998,REGIÃO NORDESTE,PB,ETANOL,2514001,SAO JOAO DO CARIRI            ,60000
1998,REGIÃO NORDESTE,PB,ETANOL,2515504,SERRA BRANCA                  ,200000
1998,REGIÃO NORDESTE,PB,ETANOL,2516306,SUME                          ,290000
1998,REGIÃO NORDESTE,PB,ETANOL,2516705,TEIXEIRA                      ,180000
1998,REGIÃO NORDESTE,PB,ETANOL,2516900,UIRAUNA                       ,135000
1998,REGIÃO NORDESTE,PB,ETANOL,2500701,SAO JOAO DO RIO DO PEIXE      ,235000
1998,REGIÃO NORDESTE,PB,ETANOL,2501007,ARARUNA                       ,180000
1998,REGIÃO NORDESTE,PB,ETANOL,2501104,AREIA                         ,122000
1998,REGIÃO NORDESTE,PB,ETANOL,2501309,AROEIRAS                      ,25000
1998,REGIÃO NORDESTE,PB,ETANOL,2501503,BANANEIRAS                    ,90000
1998,REGIÃO NORDESTE,PB,ETANOL,2501902,BELEM                         ,308000
1998,REGIÃO NORDESTE,PB,ETANOL,2503000,CAAPORA                       ,152100
1998,REGIÃO NORDESTE,PB,ETANOL,2503301,CACHOEIRA DOS INDIOS          ,5000
1998,REGIÃO NORDESTE,PB,ETANOL,2503506,CACIMBA DE DENTRO             ,110000
1998,REGIÃO NORDESTE,PB,ETANOL,2503700,CAJAZEIRAS                    ,1223300
1998,REGIÃO NORDESTE,PB,ETANOL,2504308,CATOLE DO ROCHA               ,490000
1998,REGIÃO NORDESTE,PB,ETANOL,2504502,CONDADO                       ,75000
1998,REGIÃO NORDESTE,PB,ETANOL,2504600,CONDE                         ,295000
1998,REGIÃO NORDESTE,PB,ETANOL,2506300,GUARABIRA                     ,1544350
1998,REGIÃO NORDESTE,PB,ETANOL,2509300,MATARACA                      ,95000
1998,REGIÃO NORDESTE,PB,ETANOL,2509709,MONTEIRO                      ,280000
1998,REGIÃO NORDESTE,PB,ETANOL,2509903,NATUBA                        ,148800
1998,REGIÃO NORDESTE,PB,ETANOL,2512106,POMBAL                        ,390000
1998,REGIÃO NORDESTE,PB,ETANOL,2512505,QUEIMADAS                     ,330000
1998,REGIÃO NORDESTE,PB,ETANOL,2514508,SAO JOSE DE PIRANHAS          ,177000
1998,REGIÃO NORDESTE,PB,ETANOL,2516209,SOUSA                         ,1215300
1998,REGIÃO NORDESTE,PB,ETANOL,2512300,PRINCESA ISABEL               ,75000
1998,REGIÃO NORDESTE,PB,ETANOL,2502500,BOQUEIRAO                     ,156000
1998,REGIÃO NORDESTE,PB,ETANOL,2503603,CAICARA                       ,60000
1998,REGIÃO NORDESTE,PB,ETANOL,2504901,CRUZ DO ESPIRITO SANTO        ,91000
1998,REGIÃO NORDESTE,PB,ETANOL,2507706,JUAZEIRINHO                   ,55000
1998,REGIÃO NORDESTE,PB,ETANOL,2509105,MARI                          ,88000
1998,REGIÃO NORDESTE,PB,ETANOL,2509806,MULUNGU                       ,31000
1998,REGIÃO NORDESTE,PB,ETANOL,2511304,PIANCO                        ,345000
1998,REGIÃO NORDESTE,PB,ETANOL,2512009,POCINHOS                      ,60000
1998,REGIÃO NORDESTE,PB,ETANOL,2515105,SAO SEBASTIAO DE LAGOA DE ROCA,85000
1998,REGIÃO NORDESTE,PB,ETANOL,2515202,SAO SEBASTIAO DO UMBUZEIRO    ,50000
1998,REGIÃO NORDESTE,PB,ETANOL,2516500,TAPEROA                       ,100000
1998,REGIÃO NORDESTE,PB,ETANOL,2502003,BELEM DO BREJO DO CRUZ        ,35000
1998,REGIÃO NORDESTE,PB,ETANOL,2502909,BREJO DOS SANTOS              ,15000
1998,REGIÃO NORDESTE,PB,ETANOL,2511800,PIRPIRITUBA                   ,10000
1998,REGIÃO NORDESTE,PB,ETANOL,2512904,RIO TINTO                     ,274000
1998,REGIÃO NORDESTE,PB,ETANOL,2512203,PRATA                         ,126000
1998,REGIÃO NORDESTE,PB,ETANOL,2501406,BAIA DA TRAICAO               ,20000
1998,REGIÃO NORDESTE,PB,ETANOL,2506408,GURINHEM                      ,80000
1998,REGIÃO NORDESTE,PB,ETANOL,2506602,IBIARA                        ,55000
1998,REGIÃO NORDESTE,PB,ETANOL,2517000,UMBUZEIRO                     ,44000
1998,REGIÃO NORDESTE,PB,ETANOL,2502801,BREJO DO CRUZ                 ,110000
1998,REGIÃO NORDESTE,PB,ETANOL,2505002,CUBATI                        ,10000
1998,REGIÃO NORDESTE,PB,ETANOL,2506009,ESPERANCA                     ,56000
1998,REGIÃO NORDESTE,PB,ETANOL,2503751,CAJAZEIRINHAS                 ,5000
1998,REGIÃO NORDESTE,PB,ETANOL,2500108,AGUA BRANCA                   ,30000
1998,REGIÃO NORDESTE,PB,ETANOL,2503107,CABACEIRAS                    ,5000
1998,REGIÃO NORDESTE,PB,ETANOL,2506106,FAGUNDES                      ,5000
1998,REGIÃO NORDESTE,PB,ETANOL,2508508,LIVRAMENTO                    ,5000
1998,REGIÃO NORDESTE,PB,ETANOL,2509407,MOGEIRO                       ,25000
1998,REGIÃO NORDESTE,PB,ETANOL,2504855,COXIXOLA                      ,5000
1998,REGIÃO NORDESTE,PB,ETANOL,2505401,DESTERRO                      ,96000
1998,REGIÃO NORDESTE,PB,ETANOL,2508800,MALTA                         ,35000
1998,REGIÃO NORDESTE,PB,ETANOL,2512408,PUXINANA                      ,43000
1998,REGIÃO NORDESTE,PB,ETANOL,2511908,PITIMBU                       ,5000
1998,REGIÃO NORDESTE,PB,ETANOL,2516608,TAVARES                       ,20000
1998,REGIÃO NORDESTE,PB,ETANOL,2502100,BOA VENTURA                   ,35000
1998,REGIÃO NORDESTE,PB,ETANOL,2509156,MARIZOPOLIS                   ,5000
1998,REGIÃO NORDESTE,PB,ETANOL,2508001,JURU                          ,40000
1998,REGIÃO NORDESTE,PB,ETANOL,2500809,ARACAGI                       ,45000
1998,REGIÃO NORDESTE,PB,ETANOL,2504707,CONGO                         ,14000
1998,REGIÃO NORDESTE,PB,ETANOL,2511207,PEDRAS DE FOGO                ,36000
1998,REGIÃO NORDESTE,PB,ETANOL,2504405,CONCEICAO                     ,5000
1998,REGIÃO NORDESTE,PB,ETANOL,2516101,SOLEDADE                      ,5000
1998,REGIÃO NORDESTE,PB,ETANOL,2501201,AREIAL                        ,5000
1998,REGIÃO NORDESTE,PB,ETANOL,2502402,BONITO DE SANTA FE            ,85000
1998,REGIÃO NORDESTE,PB,ETANOL,2510308,NOVA PALMEIRA                 ,19000
1998,REGIÃO NORDESTE,PB,ETANOL,2505800,DUAS ESTRADAS                 ,5000
1998,REGIÃO NORDESTE,PB,ETANOL,2517108,VARZEA                        ,5000
1998,REGIÃO NORDESTE,PB,ETANOL,2514702,SAO JOSE DO SABUGI            ,2500
1998,REGIÃO NORDESTE,PB,ETANOL,2504073,CARAUBAS                      ,5000
1999,REGIÃO NORDESTE,PB,ETANOL,2503204,CABEDELO                      ,1884428
1999,REGIÃO NORDESTE,PB,ETANOL,2503808,CALDAS BRANDAO                ,75000
1999,REGIÃO NORDESTE,PB,ETANOL,2504006,CAMPINA GRANDE                ,9375650
1999,REGIÃO NORDESTE,PB,ETANOL,2506807,INGA                          ,166000
1999,REGIÃO NORDESTE,PB,ETANOL,2507501,JOAO PESSOA                   ,18773200
1999,REGIÃO NORDESTE,PB,ETANOL,2512700,REMIGIO                       ,220000
1999,REGIÃO NORDESTE,PB,ETANOL,2516004,SOLANEA                       ,380000
1999,REGIÃO NORDESTE,PB,ETANOL,2501805,BAYEUX                        ,3625050
1999,REGIÃO NORDESTE,PB,ETANOL,2510804,PATOS                         ,1177700
1999,REGIÃO NORDESTE,PB,ETANOL,2513706,SANTA RITA                    ,2010150
1999,REGIÃO NORDESTE,PB,ETANOL,2515300,SAPE                          ,629100
1999,REGIÃO NORDESTE,PB,ETANOL,2500302,ALAGOA GRANDE                 ,180000
1999,REGIÃO NORDESTE,PB,ETANOL,2500507,ALAGOINHA                     ,178000
1999,REGIÃO NORDESTE,PB,ETANOL,2500604,ALHANDRA                      ,482100
1999,REGIÃO NORDESTE,PB,ETANOL,2500906,ARARA                         ,130000
1999,REGIÃO NORDESTE,PB,ETANOL,2501600,BARRA DE SANTA ROSA           ,85000
1999,REGIÃO NORDESTE,PB,ETANOL,2502402,BONITO DE SANTA FE            ,82000
1999,REGIÃO NORDESTE,PB,ETANOL,2504804,COREMAS                       ,30000
1999,REGIÃO NORDESTE,PB,ETANOL,2505100,CUITE                         ,130000
1999,REGIÃO NORDESTE,PB,ETANOL,2505401,DESTERRO                      ,135000
1999,REGIÃO NORDESTE,PB,ETANOL,2506408,GURINHEM                      ,127100
1999,REGIÃO NORDESTE,PB,ETANOL,2506505,GURJAO                        ,69000
1999,REGIÃO NORDESTE,PB,ETANOL,2507005,ITAPORANGA                    ,195000
1999,REGIÃO NORDESTE,PB,ETANOL,2508605,LUCENA                        ,75000
1999,REGIÃO NORDESTE,PB,ETANOL,2508907,MAMANGUAPE                    ,642350
1999,REGIÃO NORDESTE,PB,ETANOL,2509709,MONTEIRO                      ,367000
1999,REGIÃO NORDESTE,PB,ETANOL,2510103,NOVA FLORESTA                 ,80000
1999,REGIÃO NORDESTE,PB,ETANOL,2510308,NOVA PALMEIRA                 ,67000
1999,REGIÃO NORDESTE,PB,ETANOL,2510901,PAULISTA                      ,323000
1999,REGIÃO NORDESTE,PB,ETANOL,2511401,PICUI                         ,211000
1999,REGIÃO NORDESTE,PB,ETANOL,2512106,POMBAL                        ,331000
1999,REGIÃO NORDESTE,PB,ETANOL,2512904,RIO TINTO                     ,244000
1999,REGIÃO NORDESTE,PB,ETANOL,2513404,SANTA LUZIA                   ,310000
1999,REGIÃO NORDESTE,PB,ETANOL,2513900,SAO BENTO                     ,175000
1999,REGIÃO NORDESTE,PB,ETANOL,2514001,SAO JOAO DO CARIRI            ,50000
1999,REGIÃO NORDESTE,PB,ETANOL,2514508,SAO JOSE DE PIRANHAS          ,159000
1999,REGIÃO NORDESTE,PB,ETANOL,2515504,SERRA BRANCA                  ,210000
1999,REGIÃO NORDESTE,PB,ETANOL,2516209,SOUSA                         ,917100
1999,REGIÃO NORDESTE,PB,ETANOL,2516306,SUME                          ,255000
1999,REGIÃO NORDESTE,PB,ETANOL,2516705,TEIXEIRA                      ,174000
1999,REGIÃO NORDESTE,PB,ETANOL,2516900,UIRAUNA                       ,100000
1999,REGIÃO NORDESTE,PB,ETANOL,2517000,UMBUZEIRO                     ,54050
1999,REGIÃO NORDESTE,PB,ETANOL,2500701,SAO JOAO DO RIO DO PEIXE      ,194000
1999,REGIÃO NORDESTE,PB,ETANOL,2501007,ARARUNA                       ,165000
1999,REGIÃO NORDESTE,PB,ETANOL,2501902,BELEM                         ,448500
1999,REGIÃO NORDESTE,PB,ETANOL,2503000,CAAPORA                       ,170100
1999,REGIÃO NORDESTE,PB,ETANOL,2503506,CACIMBA DE DENTRO             ,150000
1999,REGIÃO NORDESTE,PB,ETANOL,2503700,CAJAZEIRAS                    ,1154000
1999,REGIÃO NORDESTE,PB,ETANOL,2504308,CATOLE DO ROCHA               ,475000
1999,REGIÃO NORDESTE,PB,ETANOL,2504502,CONDADO                       ,90000
1999,REGIÃO NORDESTE,PB,ETANOL,2506300,GUARABIRA                     ,1572900
1999,REGIÃO NORDESTE,PB,ETANOL,2509300,MATARACA                      ,75000
1999,REGIÃO NORDESTE,PB,ETANOL,2509903,NATUBA                        ,124000
1999,REGIÃO NORDESTE,PB,ETANOL,2512505,QUEIMADAS                     ,510000
1999,REGIÃO NORDESTE,PB,ETANOL,2502500,BOQUEIRAO                     ,165000
1999,REGIÃO NORDESTE,PB,ETANOL,2504600,CONDE                         ,303000
1999,REGIÃO NORDESTE,PB,ETANOL,2504901,CRUZ DO ESPIRITO SANTO        ,116000
1999,REGIÃO NORDESTE,PB,ETANOL,2506904,ITABAIANA                     ,184000
1999,REGIÃO NORDESTE,PB,ETANOL,2507706,JUAZEIRINHO                   ,155000
1999,REGIÃO NORDESTE,PB,ETANOL,2509105,MARI                          ,79000
1999,REGIÃO NORDESTE,PB,ETANOL,2509806,MULUNGU                       ,24000
1999,REGIÃO NORDESTE,PB,ETANOL,2511100,PEDRA LAVRADA                 ,60000
1999,REGIÃO NORDESTE,PB,ETANOL,2511207,PEDRAS DE FOGO                ,45000
1999,REGIÃO NORDESTE,PB,ETANOL,2511304,PIANCO                        ,95000
1999,REGIÃO NORDESTE,PB,ETANOL,2512009,POCINHOS                      ,60000
1999,REGIÃO NORDESTE,PB,ETANOL,2515202,SAO SEBASTIAO DO UMBUZEIRO    ,35000
1999,REGIÃO NORDESTE,PB,ETANOL,2516500,TAPEROA                       ,80000
1999,REGIÃO NORDESTE,PB,ETANOL,2502801,BREJO DO CRUZ                 ,35000
1999,REGIÃO NORDESTE,PB,ETANOL,2514702,SAO JOSE DO SABUGI            ,16000
1999,REGIÃO NORDESTE,PB,ETANOL,2517108,VARZEA                        ,30500
1999,REGIÃO NORDESTE,PB,ETANOL,2508303,LAGOA SECA                    ,170600
1999,REGIÃO NORDESTE,PB,ETANOL,2512300,PRINCESA ISABEL               ,85000
1999,REGIÃO NORDESTE,PB,ETANOL,2500108,AGUA BRANCA                   ,39000
1999,REGIÃO NORDESTE,PB,ETANOL,2501104,AREIA                         ,220000
1999,REGIÃO NORDESTE,PB,ETANOL,2501309,AROEIRAS                      ,25000
1999,REGIÃO NORDESTE,PB,ETANOL,2504707,CONGO                         ,25000
1999,REGIÃO NORDESTE,PB,ETANOL,2508109,LAGOA                         ,58000
1999,REGIÃO NORDESTE,PB,ETANOL,2512203,PRATA                         ,35000
1999,REGIÃO NORDESTE,PB,ETANOL,2516101,SOLEDADE                      ,110000
1999,REGIÃO NORDESTE,PB,ETANOL,2516608,TAVARES                       ,25000
1999,REGIÃO NORDESTE,PB,ETANOL,2500809,ARACAGI                       ,78550
1999,REGIÃO NORDESTE,PB,ETANOL,2501201,AREIAL                        ,56000
1999,REGIÃO NORDESTE,PB,ETANOL,2503107,CABACEIRAS                    ,15000
1999,REGIÃO NORDESTE,PB,ETANOL,2505800,DUAS ESTRADAS                 ,15000
1999,REGIÃO NORDESTE,PB,ETANOL,2507803,JUNCO DO SERIDO               ,100000
1999,REGIÃO NORDESTE,PB,ETANOL,2511908,PITIMBU                       ,10000
1999,REGIÃO NORDESTE,PB,ETANOL,2512408,PUXINANA                      ,54000
1999,REGIÃO NORDESTE,PB,ETANOL,2504200,CATINGUEIRA                   ,30000
1999,REGIÃO NORDESTE,PB,ETANOL,2507307,JACARAU                       ,74900
1999,REGIÃO NORDESTE,PB,ETANOL,2507404,JERICO                        ,42000
1999,REGIÃO NORDESTE,PB,ETANOL,2508001,JURU                          ,40000
1999,REGIÃO NORDESTE,PB,ETANOL,2508800,MALTA                         ,5000
1999,REGIÃO NORDESTE,PB,ETANOL,2503603,CAICARA                       ,45000
1999,REGIÃO NORDESTE,PB,ETANOL,2500531,ALCANTIL                      ,46150
1999,REGIÃO NORDESTE,PB,ETANOL,2500400,ALAGOA NOVA                   ,60000
1999,REGIÃO NORDESTE,PB,ETANOL,2507609,JUAREZ TAVORA                 ,30000
1999,REGIÃO NORDESTE,PB,ETANOL,2502100,BOA VENTURA                   ,35000
1999,REGIÃO NORDESTE,PB,ETANOL,2506700,IMACULADA                     ,30000
1999,REGIÃO NORDESTE,PB,ETANOL,2515105,SAO SEBASTIAO DE LAGOA DE ROCA,25000
1999,REGIÃO NORDESTE,PB,ETANOL,2502704,BORBOREMA                     ,10000
1999,REGIÃO NORDESTE,PB,ETANOL,2501503,BANANEIRAS                    ,95000
1999,REGIÃO NORDESTE,PB,ETANOL,2506009,ESPERANCA                     ,128900
1999,REGIÃO NORDESTE,PB,ETANOL,2501350,ASSUNCAO                      ,25000
1999,REGIÃO NORDESTE,PB,ETANOL,2504855,COXIXOLA                      ,20000
1999,REGIÃO NORDESTE,PB,ETANOL,2515938,SERTAOZINHO                   ,20000
1999,REGIÃO NORDESTE,PB,ETANOL,2505274,CURRAL DE CIMA                ,10900
1999,REGIÃO NORDESTE,PB,ETANOL,2515970,SOBRADO                       ,5000
1999,REGIÃO NORDESTE,PB,ETANOL,2504073,CARAUBAS                      ,20000
1999,REGIÃO NORDESTE,PB,ETANOL,2511800,PIRPIRITUBA                   ,67900
1999,REGIÃO NORDESTE,PB,ETANOL,2516802,TRIUNFO                       ,35000
1999,REGIÃO NORDESTE,PB,ETANOL,2508508,LIVRAMENTO                    ,20000
1999,REGIÃO NORDESTE,PB,ETANOL,2504405,CONCEICAO                     ,53000
1999,REGIÃO NORDESTE,PB,ETANOL,2509156,MARIZOPOLIS                   ,56000
1999,REGIÃO NORDESTE,PB,ETANOL,2511606,PILOES                        ,25000
1999,REGIÃO NORDESTE,PB,ETANOL,2514206,SAO JOSE DA LAGOA TAPADA      ,10000
1999,REGIÃO NORDESTE,PB,ETANOL,2514907,SAO MAMEDE                    ,18000
1999,REGIÃO NORDESTE,PB,ETANOL,2506602,IBIARA                        ,20000
1999,REGIÃO NORDESTE,PB,ETANOL,2512742,RIACHAO                       ,31000
1999,REGIÃO NORDESTE,PB,ETANOL,2515407,SERIDO                        ,18000
1999,REGIÃO NORDESTE,PB,ETANOL,2500779,APARECIDA                     ,15000
1999,REGIÃO NORDESTE,PB,ETANOL,2507200,ITATUBA                       ,10000
1999,REGIÃO NORDESTE,PB,ETANOL,2509407,MOGEIRO                       ,10000
1999,REGIÃO NORDESTE,PB,ETANOL,2501538,BARAUNA                       ,15000
1999,REGIÃO NORDESTE,PB,ETANOL,2502151,BOA VISTA                     ,25000
1999,REGIÃO NORDESTE,PB,ETANOL,2509393,MATUREIA                      ,5000
1999,REGIÃO NORDESTE,PB,ETANOL,2503301,CACHOEIRA DOS INDIOS          ,35000
1999,REGIÃO NORDESTE,PB,ETANOL,2514400,SAO JOSE DE ESPINHARAS        ,2000
1999,REGIÃO NORDESTE,PB,ETANOL,2508206,LAGOA DE DENTRO               ,20000
1999,REGIÃO NORDESTE,PB,ETANOL,2511509,PILAR                         ,5000
1999,REGIÃO NORDESTE,PB,ETANOL,2509504,MONTADAS                      ,15000
1999,REGIÃO NORDESTE,PB,ETANOL,2514303,SAO JOSE DE CAIANA            ,10000
1999,REGIÃO NORDESTE,PB,ETANOL,2507102,ITAPOROROCA                   ,10000
1990,REGIÃO NORDESTE,PB,ETANOL,2500106,AGUA BRANCA,62550
1990,REGIÃO NORDESTE,PB,ETANOL,2500205,AGUIAR,35350
1990,REGIÃO NORDESTE,PB,ETANOL,2500304,ALAGOA GRANDE,306403
1990,REGIÃO NORDESTE,PB,ETANOL,2500403,ALAGOA NOVA,154200
1990,REGIÃO NORDESTE,PB,ETANOL,2500502,ALAGOINHA,136250
1990,REGIÃO NORDESTE,PB,ETANOL,2500601,ALHANDRA,423337
1990,REGIÃO NORDESTE,PB,ETANOL,2500700,SAO JOAO DO RIO DO PEI,334164
1990,REGIÃO NORDESTE,PB,ETANOL,2500809,ARACAGI,59750
1990,REGIÃO NORDESTE,PB,ETANOL,2500908,ARARA,74600
1990,REGIÃO NORDESTE,PB,ETANOL,2501005,ARARUNA,177449
1990,REGIÃO NORDESTE,PB,ETANOL,2501104,AREIA,330298
1990,REGIÃO NORDESTE,PB,ETANOL,2501203,AREIAL,47200
1990,REGIÃO NORDESTE,PB,ETANOL,2501302,AROEIRAS,266300
1990,REGIÃO NORDESTE,PB,ETANOL,2501401,BAIA DA TRAICAO,63206
1990,REGIÃO NORDESTE,PB,ETANOL,2501500,BANANEIRAS,182109
1990,REGIÃO NORDESTE,PB,ETANOL,2501609,BARRA DE SANTA ROSA,146621
1990,REGIÃO NORDESTE,PB,ETANOL,2501807,BAYEUX,2700982
1990,REGIÃO NORDESTE,PB,ETANOL,2501906,BELEM,331060
1990,REGIÃO NORDESTE,PB,ETANOL,2502003,BELEM DO BREJO DO CRUZ,35850
1990,REGIÃO NORDESTE,PB,ETANOL,2502102,BOA VENTURA,53200
1990,REGIÃO NORDESTE,PB,ETANOL,2502409,BONITO DE SANTA FE,82700
1990,REGIÃO NORDESTE,PB,ETANOL,2502508,BOQUEIRAO,236900
1990,REGIÃO NORDESTE,PB,ETANOL,2502805,BREJO DO CRUZ,122900
1990,REGIÃO NORDESTE,PB,ETANOL,2502904,BREJO DOS SANTOS,5000
1990,REGIÃO NORDESTE,PB,ETANOL,2503001,CAAPORA,311417
1990,REGIÃO NORDESTE,PB,ETANOL,2503100,CABACEIRAS,36800
1990,REGIÃO NORDESTE,PB,ETANOL,2503209,CABEDELO,4576422
1990,REGIÃO NORDESTE,PB,ETANOL,2503308,CACHOEIRA DOS INDIOS,93570
1990,REGIÃO NORDESTE,PB,ETANOL,2503506,CACIMBA DE DENTRO,70902
1990,REGIÃO NORDESTE,PB,ETANOL,2503605,CAICARA,19200
1990,REGIÃO NORDESTE,PB,ETANOL,2503704,CAJAZEIRAS,1293114
1990,REGIÃO NORDESTE,PB,ETANOL,2503803,CALDAS BRANDAO,360250
1990,REGIÃO NORDESTE,PB,ETANOL,2504009,CAMPINA GRANDE,18298325
1990,REGIÃO NORDESTE,PB,ETANOL,2504306,CATOLE DO ROCHA,573523
1990,REGIÃO NORDESTE,PB,ETANOL,2504405,CONCEICAO,117966
1990,REGIÃO NORDESTE,PB,ETANOL,2504504,CONDADO,98381
1990,REGIÃO NORDESTE,PB,ETANOL,2504603,CONDE,806399
1990,REGIÃO NORDESTE,PB,ETANOL,2504702,CONGO,83423
1990,REGIÃO NORDESTE,PB,ETANOL,2504801,COREMAS,146500
1990,REGIÃO NORDESTE,PB,ETANOL,2504900,CRUZ DO ESPIRITO SANTO,200450
1990,REGIÃO NORDESTE,PB,ETANOL,2505006,CUBATI,63055
1990,REGIÃO NORDESTE,PB,ETANOL,2505105,CUITE,216029
1990,REGIÃO NORDESTE,PB,ETANOL,2505204,CUITEGI,4000
1990,REGIÃO NORDESTE,PB,ETANOL,2505402,DESTERRO,55300
1990,REGIÃO NORDESTE,PB,ETANOL,2505501,VISTA SERRANA,233262
1990,REGIÃO NORDESTE,PB,ETANOL,2505808,DUAS ESTRADAS,76400
1990,REGIÃO NORDESTE,PB,ETANOL,2506004,ESPERANCA,397150
1990,REGIÃO NORDESTE,PB,ETANOL,2506103,FAGUNDES,10589
1990,REGIÃO NORDESTE,PB,ETANOL,2506301,GUARABIRA,1403662
1990,REGIÃO NORDESTE,PB,ETANOL,2506400,GURINHEM,203550
1990,REGIÃO NORDESTE,PB,ETANOL,2506608,IBIARA,38682
1990,REGIÃO NORDESTE,PB,ETANOL,2506806,INGA,422508
1990,REGIÃO NORDESTE,PB,ETANOL,2506905,ITABAIANA,515370
1990,REGIÃO NORDESTE,PB,ETANOL,2507002,ITAPORANGA,413872
1990,REGIÃO NORDESTE,PB,ETANOL,2507101,ITAPOROROCA,112298
1990,REGIÃO NORDESTE,PB,ETANOL,2507200,ITATUBA,66325
1990,REGIÃO NORDESTE,PB,ETANOL,2507309,JACARAU,51398
1990,REGIÃO NORDESTE,PB,ETANOL,2507408,JERICO,58300
1990,REGIÃO NORDESTE,PB,ETANOL,2507507,JOAO PESSOA,48232045
1990,REGIÃO NORDESTE,PB,ETANOL,2507606,JUAREZ TAVORA,83952
1990,REGIÃO NORDESTE,PB,ETANOL,2507705,JUAZEIRINHO,141950
1990,REGIÃO NORDESTE,PB,ETANOL,2507804,JUNCO DO SERIDO,79803
1990,REGIÃO NORDESTE,PB,ETANOL,2507903,JURIPIRANGA,78000
1990,REGIÃO NORDESTE,PB,ETANOL,2508208,LAGOA DE DENTRO,85338
1990,REGIÃO NORDESTE,PB,ETANOL,2508307,LAGOA SECA,370450
1990,REGIÃO NORDESTE,PB,ETANOL,2508604,LUCENA,105860
1990,REGIÃO NORDESTE,PB,ETANOL,2508802,MALTA,147550
1990,REGIÃO NORDESTE,PB,ETANOL,2508901,MAMANGUAPE,2163041
1990,REGIÃO NORDESTE,PB,ETANOL,2509107,MARI,219800
1990,REGIÃO NORDESTE,PB,ETANOL,2509305,MATARACA,101657
1990,REGIÃO NORDESTE,PB,ETANOL,2509404,MOGEIRO,37226
1990,REGIÃO NORDESTE,PB,ETANOL,2509701,MONTEIRO,326169
1990,REGIÃO NORDESTE,PB,ETANOL,2509909,NATUBA,67800
1990,REGIÃO NORDESTE,PB,ETANOL,2510105,NOVA FLORESTA,55700
1990,REGIÃO NORDESTE,PB,ETANOL,2510808,PATOS,3885480
1990,REGIÃO NORDESTE,PB,ETANOL,2510907,PAULISTA,66350
1990,REGIÃO NORDESTE,PB,ETANOL,2511103,PEDRA LAVRADA,103550
1990,REGIÃO NORDESTE,PB,ETANOL,2511202,PEDRAS DE FOGO,12100
1990,REGIÃO NORDESTE,PB,ETANOL,2511301,PIANCO,383547
1990,REGIÃO NORDESTE,PB,ETANOL,2511400,PICUI,257441
1990,REGIÃO NORDESTE,PB,ETANOL,2511509,PILAR,51260
1990,REGIÃO NORDESTE,PB,ETANOL,2511608,PILOES,55336
1990,REGIÃO NORDESTE,PB,ETANOL,2511806,PIRPIRITUBA,14000
1990,REGIÃO NORDESTE,PB,ETANOL,2511905,PITIMBU,69397
1990,REGIÃO NORDESTE,PB,ETANOL,2512002,POCINHOS,62550
1990,REGIÃO NORDESTE,PB,ETANOL,2512101,POMBAL,781916
1990,REGIÃO NORDESTE,PB,ETANOL,2512200,PRATA,122234
1990,REGIÃO NORDESTE,PB,ETANOL,2512309,PRINCESA ISABEL,205550
1990,REGIÃO NORDESTE,PB,ETANOL,2512507,QUEIMADAS,254674
1990,REGIÃO NORDESTE,PB,ETANOL,2512705,REMIGIO,191300
1990,REGIÃO NORDESTE,PB,ETANOL,2512903,RIO TINTO,159400
1990,REGIÃO NORDESTE,PB,ETANOL,2513109,SALGADO DE SAO FELIX,42208
1990,REGIÃO NORDESTE,PB,ETANOL,2513406,SANTA LUZIA,404850
1990,REGIÃO NORDESTE,PB,ETANOL,2513703,SANTA RITA,1713793
1990,REGIÃO NORDESTE,PB,ETANOL,2513901,SAO BENTO,355800
1990,REGIÃO NORDESTE,PB,ETANOL,2514008,SAO JOAO DO CARIRI,86300
1990,REGIÃO NORDESTE,PB,ETANOL,2514206,SAO JOSE DA LAGOA TAPA,35200
1990,REGIÃO NORDESTE,PB,ETANOL,2514503,SAO JOSE DE PIRANHAS,182461
1990,REGIÃO NORDESTE,PB,ETANOL,2514602,SAO JOSE DO BONFIM,641947
1990,REGIÃO NORDESTE,PB,ETANOL,2514909,SAO MAMEDE,144450
1990,REGIÃO NORDESTE,PB,ETANOL,2515104,SAO SEBASTIAO DE LAGOA,99650
1990,REGIÃO NORDESTE,PB,ETANOL,2515203,SAO SEBASTIAO DO UMBUZ,37650
1990,REGIÃO NORDESTE,PB,ETANOL,2515302,SAPE,1182043
1990,REGIÃO NORDESTE,PB,ETANOL,2515500,SERRA BRANCA,156113
1990,REGIÃO NORDESTE,PB,ETANOL,2516003,SOLANEA,688400
1990,REGIÃO NORDESTE,PB,ETANOL,2516102,SOLEDADE,491756
1990,REGIÃO NORDESTE,PB,ETANOL,2516201,SOUSA,1590384
1990,REGIÃO NORDESTE,PB,ETANOL,2516300,SUME,365700
1990,REGIÃO NORDESTE,PB,ETANOL,2516508,TAPEROA,272550
1990,REGIÃO NORDESTE,PB,ETANOL,2516607,TAVARES,66400
1990,REGIÃO NORDESTE,PB,ETANOL,2516706,TEIXEIRA,236755
1990,REGIÃO NORDESTE,PB,ETANOL,2516904,UIRAUNA,212308
1990,REGIÃO NORDESTE,PB,ETANOL,2517001,UMBUZEIRO,175200
1991,REGIÃO NORDESTE,PB,ETANOL,2500106,AGUA BRANCA,59800
1991,REGIÃO NORDESTE,PB,ETANOL,2500304,ALAGOA GRANDE,352838
1991,REGIÃO NORDESTE,PB,ETANOL,2500403,ALAGOA NOVA,196000
1991,REGIÃO NORDESTE,PB,ETANOL,2500502,ALAGOINHA,128050
1991,REGIÃO NORDESTE,PB,ETANOL,2500601,ALHANDRA,440656
1991,REGIÃO NORDESTE,PB,ETANOL,2500700,SAO JOAO DO RIO DO PEI,287549
1991,REGIÃO NORDESTE,PB,ETANOL,2500809,ARACAGI,95900
1991,REGIÃO NORDESTE,PB,ETANOL,2500908,ARARA,92400
1991,REGIÃO NORDESTE,PB,ETANOL,2501005,ARARUNA,139756
1991,REGIÃO NORDESTE,PB,ETANOL,2501104,AREIA,151612
1991,REGIÃO NORDESTE,PB,ETANOL,2501203,AREIAL,75550
1991,REGIÃO NORDESTE,PB,ETANOL,2501302,AROEIRAS,290000
1991,REGIÃO NORDESTE,PB,ETANOL,2501401,BAIA DA TRAICAO,16011
1991,REGIÃO NORDESTE,PB,ETANOL,2501500,BANANEIRAS,102633
1991,REGIÃO NORDESTE,PB,ETANOL,2501609,BARRA DE SANTA ROSA,200715
1991,REGIÃO NORDESTE,PB,ETANOL,2501807,BAYEUX,2886408
1991,REGIÃO NORDESTE,PB,ETANOL,2501906,BELEM,364295
1991,REGIÃO NORDESTE,PB,ETANOL,2502003,BELEM DO BREJO DO CRUZ,47700
1991,REGIÃO NORDESTE,PB,ETANOL,2502102,BOA VENTURA,113500
1991,REGIÃO NORDESTE,PB,ETANOL,2502409,BONITO DE SANTA FE,79150
1991,REGIÃO NORDESTE,PB,ETANOL,2502508,BOQUEIRAO,258650
1991,REGIÃO NORDESTE,PB,ETANOL,2502805,BREJO DO CRUZ,159900
1991,REGIÃO NORDESTE,PB,ETANOL,2503001,CAAPORA,351036
1991,REGIÃO NORDESTE,PB,ETANOL,2503100,CABACEIRAS,67400
1991,REGIÃO NORDESTE,PB,ETANOL,2503209,CABEDELO,4320425
1991,REGIÃO NORDESTE,PB,ETANOL,2503308,CACHOEIRA DOS INDIOS,92356
1991,REGIÃO NORDESTE,PB,ETANOL,2503506,CACIMBA DE DENTRO,72874
1991,REGIÃO NORDESTE,PB,ETANOL,2503605,CAICARA,24450
1991,REGIÃO NORDESTE,PB,ETANOL,2503704,CAJAZEIRAS,1170795
1991,REGIÃO NORDESTE,PB,ETANOL,2503803,CALDAS BRANDAO,300200
1991,REGIÃO NORDESTE,PB,ETANOL,2504009,CAMPINA GRANDE,20715123
1991,REGIÃO NORDESTE,PB,ETANOL,2504306,CATOLE DO ROCHA,606255
1991,REGIÃO NORDESTE,PB,ETANOL,2504405,CONCEICAO,135450
1991,REGIÃO NORDESTE,PB,ETANOL,2504504,CONDADO,51110
1991,REGIÃO NORDESTE,PB,ETANOL,2504603,CONDE,643833
1991,REGIÃO NORDESTE,PB,ETANOL,2504702,CONGO,159182
1991,REGIÃO NORDESTE,PB,ETANOL,2504801,COREMAS,101450
1991,REGIÃO NORDESTE,PB,ETANOL,2504900,CRUZ DO ESPIRITO SANTO,320000
1991,REGIÃO NORDESTE,PB,ETANOL,2505006,CUBATI,22000
1991,REGIÃO NORDESTE,PB,ETANOL,2505105,CUITE,278082
1991,REGIÃO NORDESTE,PB,ETANOL,2505402,DESTERRO,95300
1991,REGIÃO NORDESTE,PB,ETANOL,2505501,VISTA SERRANA,57861
1991,REGIÃO NORDESTE,PB,ETANOL,2505808,DUAS ESTRADAS,97000
1991,REGIÃO NORDESTE,PB,ETANOL,2506004,ESPERANCA,373100
1991,REGIÃO NORDESTE,PB,ETANOL,2506103,FAGUNDES,23320
1991,REGIÃO NORDESTE,PB,ETANOL,2506301,GUARABIRA,1752064
1991,REGIÃO NORDESTE,PB,ETANOL,2506400,GURINHEM,150300
1991,REGIÃO NORDESTE,PB,ETANOL,2506608,IBIARA,11940
1991,REGIÃO NORDESTE,PB,ETANOL,2506806,INGA,541669
1991,REGIÃO NORDESTE,PB,ETANOL,2506905,ITABAIANA,607788
1991,REGIÃO NORDESTE,PB,ETANOL,2507002,ITAPORANGA,472669
1991,REGIÃO NORDESTE,PB,ETANOL,2507101,ITAPOROROCA,114818
1991,REGIÃO NORDESTE,PB,ETANOL,2507200,ITATUBA,28937
1991,REGIÃO NORDESTE,PB,ETANOL,2507309,JACARAU,48730
1991,REGIÃO NORDESTE,PB,ETANOL,2507408,JERICO,59900
1991,REGIÃO NORDESTE,PB,ETANOL,2507507,JOAO PESSOA,42211055
1991,REGIÃO NORDESTE,PB,ETANOL,2507606,JUAREZ TAVORA,42156
1991,REGIÃO NORDESTE,PB,ETANOL,2507705,JUAZEIRINHO,149250
1991,REGIÃO NORDESTE,PB,ETANOL,2507804,JUNCO DO SERIDO,156649
1991,REGIÃO NORDESTE,PB,ETANOL,2507903,JURIPIRANGA,113200
1991,REGIÃO NORDESTE,PB,ETANOL,2508208,LAGOA DE DENTRO,46148
1991,REGIÃO NORDESTE,PB,ETANOL,2508307,LAGOA SECA,361250
1991,REGIÃO NORDESTE,PB,ETANOL,2508604,LUCENA,138259
1991,REGIÃO NORDESTE,PB,ETANOL,2508802,MALTA,182350
1991,REGIÃO NORDESTE,PB,ETANOL,2508901,MAMANGUAPE,1873833
1991,REGIÃO NORDESTE,PB,ETANOL,2509107,MARI,214650
1991,REGIÃO NORDESTE,PB,ETANOL,2509305,MATARACA,97326
1991,REGIÃO NORDESTE,PB,ETANOL,2509404,MOGEIRO,25823
1991,REGIÃO NORDESTE,PB,ETANOL,2509701,MONTEIRO,283407
1991,REGIÃO NORDESTE,PB,ETANOL,2509909,NATUBA,85030
1991,REGIÃO NORDESTE,PB,ETANOL,2510105,NOVA FLORESTA,79400
1991,REGIÃO NORDESTE,PB,ETANOL,2510808,PATOS,3214672
1991,REGIÃO NORDESTE,PB,ETANOL,2510907,PAULISTA,89750
1991,REGIÃO NORDESTE,PB,ETANOL,2511103,PEDRA LAVRADA,117600
1991,REGIÃO NORDESTE,PB,ETANOL,2511202,PEDRAS DE FOGO,76850
1991,REGIÃO NORDESTE,PB,ETANOL,2511301,PIANCO,427154
1991,REGIÃO NORDESTE,PB,ETANOL,2511400,PICUI,240617
1991,REGIÃO NORDESTE,PB,ETANOL,2511608,PILOES,42198
1991,REGIÃO NORDESTE,PB,ETANOL,2511806,PIRPIRITUBA,35400
1991,REGIÃO NORDESTE,PB,ETANOL,2512002,POCINHOS,67900
1991,REGIÃO NORDESTE,PB,ETANOL,2512101,POMBAL,886620
1991,REGIÃO NORDESTE,PB,ETANOL,2512200,PRATA,28023
1991,REGIÃO NORDESTE,PB,ETANOL,2512309,PRINCESA ISABEL,184800
1991,REGIÃO NORDESTE,PB,ETANOL,2512507,QUEIMADAS,348699
1991,REGIÃO NORDESTE,PB,ETANOL,2512705,REMIGIO,216900
1991,REGIÃO NORDESTE,PB,ETANOL,2512903,RIO TINTO,226800
1991,REGIÃO NORDESTE,PB,ETANOL,2513109,SALGADO DE SAO FELIX,48308
1991,REGIÃO NORDESTE,PB,ETANOL,2513406,SANTA LUZIA,457200
1991,REGIÃO NORDESTE,PB,ETANOL,2513703,SANTA RITA,1427253
1991,REGIÃO NORDESTE,PB,ETANOL,2513901,SAO BENTO,406700
1991,REGIÃO NORDESTE,PB,ETANOL,2514008,SAO JOAO DO CARIRI,52600
1991,REGIÃO NORDESTE,PB,ETANOL,2514206,SAO JOSE DA LAGOA TAPA,38000
1991,REGIÃO NORDESTE,PB,ETANOL,2514503,SAO JOSE DE PIRANHAS,156047
1991,REGIÃO NORDESTE,PB,ETANOL,2514602,SAO JOSE DO BONFIM,103236
1991,REGIÃO NORDESTE,PB,ETANOL,2514909,SAO MAMEDE,159400
1991,REGIÃO NORDESTE,PB,ETANOL,2515005,SAO MIGUEL DE TAIPU,240700
1991,REGIÃO NORDESTE,PB,ETANOL,2515104,SAO SEBASTIAO DE LAGOA,286900
1991,REGIÃO NORDESTE,PB,ETANOL,2515203,SAO SEBASTIAO DO UMBUZ,14400
1991,REGIÃO NORDESTE,PB,ETANOL,2515302,SAPE,1224107
1991,REGIÃO NORDESTE,PB,ETANOL,2515500,SERRA BRANCA,182649
1991,REGIÃO NORDESTE,PB,ETANOL,2516003,SOLANEA,744350
1991,REGIÃO NORDESTE,PB,ETANOL,2516102,SOLEDADE,310791
1991,REGIÃO NORDESTE,PB,ETANOL,2516201,SOUSA,1606656
1991,REGIÃO NORDESTE,PB,ETANOL,2516300,SUME,312409
1991,REGIÃO NORDESTE,PB,ETANOL,2516508,TAPEROA,217750
1991,REGIÃO NORDESTE,PB,ETANOL,2516607,TAVARES,108700
1991,REGIÃO NORDESTE,PB,ETANOL,2516706,TEIXEIRA,271972
1991,REGIÃO NORDESTE,PB,ETANOL,2516904,UIRAUNA,178025
1991,REGIÃO NORDESTE,PB,ETANOL,2517001,UMBUZEIRO,156600
2000,REGIÃO NORDESTE,PB,ETANOL,2500106,AGUA BRANCA,20000
2000,REGIÃO NORDESTE,PB,ETANOL,2500304,ALAGOA GRANDE,51000
2000,REGIÃO NORDESTE,PB,ETANOL,2500403,ALAGOA NOVA,60000
2000,REGIÃO NORDESTE,PB,ETANOL,2500502,ALAGOINHA,118000
2000,REGIÃO NORDESTE,PB,ETANOL,2500536,ALCANTIL,50000
2000,REGIÃO NORDESTE,PB,ETANOL,2500601,ALHANDRA,431150
2000,REGIÃO NORDESTE,PB,ETANOL,2500700,SAO JOAO DO RIO DO PEI,105783
2000,REGIÃO NORDESTE,PB,ETANOL,2500734,AMPARO,5000
2000,REGIÃO NORDESTE,PB,ETANOL,2500775,APARECIDA,10000
2000,REGIÃO NORDESTE,PB,ETANOL,2500809,ARACAGI,10000
2000,REGIÃO NORDESTE,PB,ETANOL,2500908,ARARA,95000
2000,REGIÃO NORDESTE,PB,ETANOL,2501005,ARARUNA,140000
2000,REGIÃO NORDESTE,PB,ETANOL,2501104,AREIA,190000
2000,REGIÃO NORDESTE,PB,ETANOL,2501203,AREIAL,30000
2000,REGIÃO NORDESTE,PB,ETANOL,2501302,AROEIRAS,50000
2000,REGIÃO NORDESTE,PB,ETANOL,2501351,ASSUNCAO,20000
2000,REGIÃO NORDESTE,PB,ETANOL,2501401,BAIA DA TRAICAO,31000
2000,REGIÃO NORDESTE,PB,ETANOL,2501500,BANANEIRAS,61000
2000,REGIÃO NORDESTE,PB,ETANOL,2501534,BARAUNA,45000
2000,REGIÃO NORDESTE,PB,ETANOL,2501609,BARRA DE SANTA ROSA,112000
2000,REGIÃO NORDESTE,PB,ETANOL,2501807,BAYEUX,2028200
2000,REGIÃO NORDESTE,PB,ETANOL,2501906,BELEM,434000
2000,REGIÃO NORDESTE,PB,ETANOL,2502102,BOA VENTURA,22000
2000,REGIÃO NORDESTE,PB,ETANOL,2502151,BOA VISTA,50000
2000,REGIÃO NORDESTE,PB,ETANOL,2502201,BOM JESUS,10000
2000,REGIÃO NORDESTE,PB,ETANOL,2502409,BONITO DE SANTA FE,45000
2000,REGIÃO NORDESTE,PB,ETANOL,2502508,BOQUEIRAO,148000
2000,REGIÃO NORDESTE,PB,ETANOL,2502706,BORBOREMA,5000
2000,REGIÃO NORDESTE,PB,ETANOL,2502805,BREJO DO CRUZ,15000
2000,REGIÃO NORDESTE,PB,ETANOL,2503001,CAAPORA,128050
2000,REGIÃO NORDESTE,PB,ETANOL,2503100,CABACEIRAS,28000
2000,REGIÃO NORDESTE,PB,ETANOL,2503209,CABEDELO,1212185
2000,REGIÃO NORDESTE,PB,ETANOL,2503308,CACHOEIRA DOS INDIOS,100000
2000,REGIÃO NORDESTE,PB,ETANOL,2503506,CACIMBA DE DENTRO,104000
2000,REGIÃO NORDESTE,PB,ETANOL,2503605,CAICARA,65000
2000,REGIÃO NORDESTE,PB,ETANOL,2503704,CAJAZEIRAS,866000
2000,REGIÃO NORDESTE,PB,ETANOL,2503803,CALDAS BRANDAO,5000
2000,REGIÃO NORDESTE,PB,ETANOL,2504009,CAMPINA GRANDE,6040238
2000,REGIÃO NORDESTE,PB,ETANOL,2504207,CATINGUEIRA,35000
2000,REGIÃO NORDESTE,PB,ETANOL,2504306,CATOLE DO ROCHA,189000
2000,REGIÃO NORDESTE,PB,ETANOL,2504355,CATURITE,5000
2000,REGIÃO NORDESTE,PB,ETANOL,2504405,CONCEICAO,52500
2000,REGIÃO NORDESTE,PB,ETANOL,2504504,CONDADO,40000
2000,REGIÃO NORDESTE,PB,ETANOL,2504603,CONDE,205000
2000,REGIÃO NORDESTE,PB,ETANOL,2504702,CONGO,30000
2000,REGIÃO NORDESTE,PB,ETANOL,2504801,COREMAS,26000
2000,REGIÃO NORDESTE,PB,ETANOL,2504900,CRUZ DO ESPIRITO SANTO,46000
2000,REGIÃO NORDESTE,PB,ETANOL,2505105,CUITE,175000
2000,REGIÃO NORDESTE,PB,ETANOL,2505238,CUITE DE MAMANGUAPE,5000
2000,REGIÃO NORDESTE,PB,ETANOL,2505279,CURRAL DE CIMA,5000
2000,REGIÃO NORDESTE,PB,ETANOL,2505402,DESTERRO,95000
2000,REGIÃO NORDESTE,PB,ETANOL,2505709,DONA INES,15600
2000,REGIÃO NORDESTE,PB,ETANOL,2506004,ESPERANCA,171000
2000,REGIÃO NORDESTE,PB,ETANOL,2506301,GUARABIRA,1163800
2000,REGIÃO NORDESTE,PB,ETANOL,2506400,GURINHEM,36000
2000,REGIÃO NORDESTE,PB,ETANOL,2506509,GURJAO,43000
2000,REGIÃO NORDESTE,PB,ETANOL,2506608,IBIARA,20000
2000,REGIÃO NORDESTE,PB,ETANOL,2506707,IMACULADA,45000
2000,REGIÃO NORDESTE,PB,ETANOL,2506806,INGA,95000
2000,REGIÃO NORDESTE,PB,ETANOL,2506905,ITABAIANA,153000
2000,REGIÃO NORDESTE,PB,ETANOL,2507002,ITAPORANGA,125500
2000,REGIÃO NORDESTE,PB,ETANOL,2507101,ITAPOROROCA,65000
2000,REGIÃO NORDESTE,PB,ETANOL,2507309,JACARAU,55000
2000,REGIÃO NORDESTE,PB,ETANOL,2507408,JERICO,20000
2000,REGIÃO NORDESTE,PB,ETANOL,2507507,JOAO PESSOA,13710677
2000,REGIÃO NORDESTE,PB,ETANOL,2507606,JUAREZ TAVORA,25000
2000,REGIÃO NORDESTE,PB,ETANOL,2507705,JUAZEIRINHO,198000
2000,REGIÃO NORDESTE,PB,ETANOL,2507804,JUNCO DO SERIDO,81000
2000,REGIÃO NORDESTE,PB,ETANOL,2507903,JURIPIRANGA,22000
2000,REGIÃO NORDESTE,PB,ETANOL,2508000,JURU,35000
2000,REGIÃO NORDESTE,PB,ETANOL,2508109,LAGOA,20000
2000,REGIÃO NORDESTE,PB,ETANOL,2508208,LAGOA DE DENTRO,10000
2000,REGIÃO NORDESTE,PB,ETANOL,2508307,LAGOA SECA,173800
2000,REGIÃO NORDESTE,PB,ETANOL,2508505,LIVRAMENTO,30000
2000,REGIÃO NORDESTE,PB,ETANOL,2508604,LUCENA,86000
2000,REGIÃO NORDESTE,PB,ETANOL,2508901,MAMANGUAPE,586250
2000,REGIÃO NORDESTE,PB,ETANOL,2509107,MARI,36000
2000,REGIÃO NORDESTE,PB,ETANOL,2509156,MARIZOPOLIS,25000
2000,REGIÃO NORDESTE,PB,ETANOL,2509206,MASSARANDUBA,5000
2000,REGIÃO NORDESTE,PB,ETANOL,2509305,MATARACA,50000
2000,REGIÃO NORDESTE,PB,ETANOL,2509404,MOGEIRO,2000
2000,REGIÃO NORDESTE,PB,ETANOL,2509503,MONTADAS,5000
2000,REGIÃO NORDESTE,PB,ETANOL,2509602,MONTE HOREBE,5000
2000,REGIÃO NORDESTE,PB,ETANOL,2509701,MONTEIRO,280000
2000,REGIÃO NORDESTE,PB,ETANOL,2509800,MULUNGU,10000
2000,REGIÃO NORDESTE,PB,ETANOL,2509909,NATUBA,87000
2000,REGIÃO NORDESTE,PB,ETANOL,2510105,NOVA FLORESTA,55000
2000,REGIÃO NORDESTE,PB,ETANOL,2510303,NOVA PALMEIRA,48000
2000,REGIÃO NORDESTE,PB,ETANOL,2510402,OLHO D'AGUA,10000
2000,REGIÃO NORDESTE,PB,ETANOL,2510808,PATOS,801000
2000,REGIÃO NORDESTE,PB,ETANOL,2511103,PEDRA LAVRADA,40000
2000,REGIÃO NORDESTE,PB,ETANOL,2511202,PEDRAS DE FOGO,78200
2000,REGIÃO NORDESTE,PB,ETANOL,2511301,PIANCO,125000
2000,REGIÃO NORDESTE,PB,ETANOL,2511400,PICUI,165000
2000,REGIÃO NORDESTE,PB,ETANOL,2511509,PILAR,45000
2000,REGIÃO NORDESTE,PB,ETANOL,2511608,PILOES,16950
2000,REGIÃO NORDESTE,PB,ETANOL,2511707,PILOEZINHOS,5000
2000,REGIÃO NORDESTE,PB,ETANOL,2511806,PIRPIRITUBA,20000
2000,REGIÃO NORDESTE,PB,ETANOL,2512002,POCINHOS,55000
2000,REGIÃO NORDESTE,PB,ETANOL,2512101,POMBAL,145000
2000,REGIÃO NORDESTE,PB,ETANOL,2512200,PRATA,30000
2000,REGIÃO NORDESTE,PB,ETANOL,2512309,PRINCESA ISABEL,50000
2000,REGIÃO NORDESTE,PB,ETANOL,2512408,PUXINANA,10000
2000,REGIÃO NORDESTE,PB,ETANOL,2512507,QUEIMADAS,430000
2000,REGIÃO NORDESTE,PB,ETANOL,2512705,REMIGIO,133000
2000,REGIÃO NORDESTE,PB,ETANOL,2512804,RIACHO DOS CAVALOS,5000
2000,REGIÃO NORDESTE,PB,ETANOL,2512903,RIO TINTO,75000
2000,REGIÃO NORDESTE,PB,ETANOL,2513109,SALGADO DE SAO FELIX,5000
2000,REGIÃO NORDESTE,PB,ETANOL,2513406,SANTA LUZIA,170000
2000,REGIÃO NORDESTE,PB,ETANOL,2513703,SANTA RITA,1246950
2000,REGIÃO NORDESTE,PB,ETANOL,2513901,SAO BENTO,45000
2000,REGIÃO NORDESTE,PB,ETANOL,2514008,SAO JOAO DO CARIRI,60000
2000,REGIÃO NORDESTE,PB,ETANOL,2514206,SAO JOSE DA LAGOA TAPA,5000
2000,REGIÃO NORDESTE,PB,ETANOL,2514305,SAO JOSE DE CAIANA,10000
2000,REGIÃO NORDESTE,PB,ETANOL,2514404,SAO JOSE DE ESPINHARAS,4000
2000,REGIÃO NORDESTE,PB,ETANOL,2514503,SAO JOSE DE PIRANHAS,119000
2000,REGIÃO NORDESTE,PB,ETANOL,2514701,SAO JOSE DO SABUGI,23000
2000,REGIÃO NORDESTE,PB,ETANOL,2514909,SAO MAMEDE,17000
2000,REGIÃO NORDESTE,PB,ETANOL,2515005,SAO MIGUEL DE TAIPU,2000
2000,REGIÃO NORDESTE,PB,ETANOL,2515104,SAO SEBASTIAO DE LAGOA,10000
2000,REGIÃO NORDESTE,PB,ETANOL,2515203,SAO SEBASTIAO DO UMBUZ,35000
2000,REGIÃO NORDESTE,PB,ETANOL,2515302,SAPE,437207
2000,REGIÃO NORDESTE,PB,ETANOL,2515401,SERIDO,93000
2000,REGIÃO NORDESTE,PB,ETANOL,2515500,SERRA BRANCA,210000
2000,REGIÃO NORDESTE,PB,ETANOL,2515807,SERRA REDONDA,15000
2000,REGIÃO NORDESTE,PB,ETANOL,2515930,SERTAOZINHO,84000
2000,REGIÃO NORDESTE,PB,ETANOL,2515971,SOBRADO,2000
2000,REGIÃO NORDESTE,PB,ETANOL,2516003,SOLANEA,300000
2000,REGIÃO NORDESTE,PB,ETANOL,2516102,SOLEDADE,70000
2000,REGIÃO NORDESTE,PB,ETANOL,2516151,SOSSEGO,5000
2000,REGIÃO NORDESTE,PB,ETANOL,2516201,SOUSA,575000
2000,REGIÃO NORDESTE,PB,ETANOL,2516300,SUME,200000
2000,REGIÃO NORDESTE,PB,ETANOL,2516409,CAMPO DE SANTANA,10000
2000,REGIÃO NORDESTE,PB,ETANOL,2516508,TAPEROA,100000
2000,REGIÃO NORDESTE,PB,ETANOL,2516607,TAVARES,20000
2000,REGIÃO NORDESTE,PB,ETANOL,2516706,TEIXEIRA,135000
2000,REGIÃO NORDESTE,PB,ETANOL,2516805,TRIUNFO,40000
2000,REGIÃO NORDESTE,PB,ETANOL,2516904,UIRAUNA,103000
2000,REGIÃO NORDESTE,PB,ETANOL,2517001,UMBUZEIRO,27200
2000,REGIÃO NORDESTE,PB,ETANOL,2517100,VARZEA,17000
2001,REGIÃO NORDESTE,PB,ETANOL,2500304,ALAGOA GRANDE,71000
2001,REGIÃO NORDESTE,PB,ETANOL,2500403,ALAGOA NOVA,35000
2001,REGIÃO NORDESTE,PB,ETANOL,2500502,ALAGOINHA,155000
2001,REGIÃO NORDESTE,PB,ETANOL,2500536,ALCANTIL,40000
2001,REGIÃO NORDESTE,PB,ETANOL,2500601,ALHANDRA,260000
2001,REGIÃO NORDESTE,PB,ETANOL,2500700,SAO JOAO DO RIO DO PEIXE,54758
2001,REGIÃO NORDESTE,PB,ETANOL,2500809,ARACAGI,5000
2001,REGIÃO NORDESTE,PB,ETANOL,2500908,ARARA,64000
2001,REGIÃO NORDESTE,PB,ETANOL,2501104,AREIA,178000
2001,REGIÃO NORDESTE,PB,ETANOL,2501203,AREIAL,35000
2001,REGIÃO NORDESTE,PB,ETANOL,2501302,AROEIRAS,35000
2001,REGIÃO NORDESTE,PB,ETANOL,2501401,BAIA DA TRAICAO,25000
2001,REGIÃO NORDESTE,PB,ETANOL,2501500,BANANEIRAS,5000
2001,REGIÃO NORDESTE,PB,ETANOL,2501534,BARAUNA,32000
2001,REGIÃO NORDESTE,PB,ETANOL,2501609,BARRA DE SANTA ROSA,48000
2001,REGIÃO NORDESTE,PB,ETANOL,2501807,BAYEUX,943000
2001,REGIÃO NORDESTE,PB,ETANOL,2502102,BOA VENTURA,7000
2001,REGIÃO NORDESTE,PB,ETANOL,2502409,BONITO DE SANTA FE,30000
2001,REGIÃO NORDESTE,PB,ETANOL,2502508,BOQUEIRAO,15000
2001,REGIÃO NORDESTE,PB,ETANOL,2502706,BORBOREMA,423000
2001,REGIÃO NORDESTE,PB,ETANOL,2503001,CAAPORA,71000
2001,REGIÃO NORDESTE,PB,ETANOL,2503100,CABACEIRAS,21000
2001,REGIÃO NORDESTE,PB,ETANOL,2503209,CABEDELO,798678
2001,REGIÃO NORDESTE,PB,ETANOL,2503308,CACHOEIRA DOS INDIOS,71000
2001,REGIÃO NORDESTE,PB,ETANOL,2503506,CACIMBA DE DENTRO,90000
2001,REGIÃO NORDESTE,PB,ETANOL,2503704,CAJAZEIRAS,613600
2001,REGIÃO NORDESTE,PB,ETANOL,2503902,CAMALAU,15000
2001,REGIÃO NORDESTE,PB,ETANOL,2504009,CAMPINA GRANDE,3778995
2001,REGIÃO NORDESTE,PB,ETANOL,2504033,CAPIM,10000
2001,REGIÃO NORDESTE,PB,ETANOL,2504207,CATINGUEIRA,10000
2001,REGIÃO NORDESTE,PB,ETANOL,2504306,CATOLE DO ROCHA,100000
2001,REGIÃO NORDESTE,PB,ETANOL,2504355,CATURITE,15000
2001,REGIÃO NORDESTE,PB,ETANOL,2504405,CONCEICAO,25000
2001,REGIÃO NORDESTE,PB,ETANOL,2504504,CONDADO,125000
2001,REGIÃO NORDESTE,PB,ETANOL,2504603,CONDE,100000
2001,REGIÃO NORDESTE,PB,ETANOL,2504702,CONGO,20000
2001,REGIÃO NORDESTE,PB,ETANOL,2504801,COREMAS,28000
2001,REGIÃO NORDESTE,PB,ETANOL,2504900,CRUZ DO ESPIRITO SANTO,10170
2001,REGIÃO NORDESTE,PB,ETANOL,2505105,CUITE,98500
2001,REGIÃO NORDESTE,PB,ETANOL,2505352,DAMIAO,6500
2001,REGIÃO NORDESTE,PB,ETANOL,2505402,DESTERRO,30000
2001,REGIÃO NORDESTE,PB,ETANOL,2505709,DONA INES,15000
2001,REGIÃO NORDESTE,PB,ETANOL,2505808,DUAS ESTRADAS,5000
2001,REGIÃO NORDESTE,PB,ETANOL,2506004,ESPERANCA,116000
2001,REGIÃO NORDESTE,PB,ETANOL,2506301,GUARABIRA,472000
2001,REGIÃO NORDESTE,PB,ETANOL,2506400,GURINHEM,57000
2001,REGIÃO NORDESTE,PB,ETANOL,2506509,GURJAO,37000
2001,REGIÃO NORDESTE,PB,ETANOL,2506608,IBIARA,5000
2001,REGIÃO NORDESTE,PB,ETANOL,2506707,IMACULADA,14000
2001,REGIÃO NORDESTE,PB,ETANOL,2506806,INGA,68000
2001,REGIÃO NORDESTE,PB,ETANOL,2507002,ITAPORANGA,639500
2001,REGIÃO NORDESTE,PB,ETANOL,2507101,ITAPOROROCA,25000
2001,REGIÃO NORDESTE,PB,ETANOL,2507200,ITATUBA,10000
2001,REGIÃO NORDESTE,PB,ETANOL,2507309,JACARAU,35000
2001,REGIÃO NORDESTE,PB,ETANOL,2507507,JOAO PESSOA,8465733
2001,REGIÃO NORDESTE,PB,ETANOL,2507606,JUAREZ TAVORA,15000
2001,REGIÃO NORDESTE,PB,ETANOL,2507705,JUAZEIRINHO,192000
2001,REGIÃO NORDESTE,PB,ETANOL,2507804,JUNCO DO SERIDO,75000
2001,REGIÃO NORDESTE,PB,ETANOL,2507903,JURIPIRANGA,4000
2001,REGIÃO NORDESTE,PB,ETANOL,2508000,JURU,9000
2001,REGIÃO NORDESTE,PB,ETANOL,2508208,LAGOA DE DENTRO,5000
2001,REGIÃO NORDESTE,PB,ETANOL,2508307,LAGOA SECA,95000
2001,REGIÃO NORDESTE,PB,ETANOL,2508505,LIVRAMENTO,12000
2001,REGIÃO NORDESTE,PB,ETANOL,2508604,LUCENA,58000
2001,REGIÃO NORDESTE,PB,ETANOL,2508901,MAMANGUAPE,305500
2001,REGIÃO NORDESTE,PB,ETANOL,2509107,MARI,10000
2001,REGIÃO NORDESTE,PB,ETANOL,2509305,MATARACA,29000
2001,REGIÃO NORDESTE,PB,ETANOL,2509602,MONTE HOREBE,5000
2001,REGIÃO NORDESTE,PB,ETANOL,2509701,MONTEIRO,225000
2001,REGIÃO NORDESTE,PB,ETANOL,2509909,NATUBA,102900
2001,REGIÃO NORDESTE,PB,ETANOL,2510105,NOVA FLORESTA,50000
2001,REGIÃO NORDESTE,PB,ETANOL,2510303,NOVA PALMEIRA,46000
2001,REGIÃO NORDESTE,PB,ETANOL,2510600,OURO VELHO,10000
2001,REGIÃO NORDESTE,PB,ETANOL,2510808,PATOS,731000
2001,REGIÃO NORDESTE,PB,ETANOL,2510907,PAULISTA,1584450
2001,REGIÃO NORDESTE,PB,ETANOL,2511103,PEDRA LAVRADA,45000
2001,REGIÃO NORDESTE,PB,ETANOL,2511202,PEDRAS DE FOGO,54100
2001,REGIÃO NORDESTE,PB,ETANOL,2511301,PIANCO,98000
2001,REGIÃO NORDESTE,PB,ETANOL,2511400,PICUI,85600
2001,REGIÃO NORDESTE,PB,ETANOL,2511509,PILAR,60000
2001,REGIÃO NORDESTE,PB,ETANOL,2511707,PILOEZINHOS,5000
2001,REGIÃO NORDESTE,PB,ETANOL,2511806,PIRPIRITUBA,30000
2001,REGIÃO NORDESTE,PB,ETANOL,2511905,PITIMBU,5000
2001,REGIÃO NORDESTE,PB,ETANOL,2512002,POCINHOS,50000
2001,REGIÃO NORDESTE,PB,ETANOL,2512101,POMBAL,55000
2001,REGIÃO NORDESTE,PB,ETANOL,2512200,PRATA,35000
2001,REGIÃO NORDESTE,PB,ETANOL,2512309,PRINCESA ISABEL,35000
2001,REGIÃO NORDESTE,PB,ETANOL,2512507,QUEIMADAS,480000
2001,REGIÃO NORDESTE,PB,ETANOL,2512705,REMIGIO,146000
2001,REGIÃO NORDESTE,PB,ETANOL,2512903,RIO TINTO,14310
2001,REGIÃO NORDESTE,PB,ETANOL,2513109,SALGADO DE SAO FELIX,5000
2001,REGIÃO NORDESTE,PB,ETANOL,2513406,SANTA LUZIA,160000
2001,REGIÃO NORDESTE,PB,ETANOL,2513703,SANTA RITA,465000
2001,REGIÃO NORDESTE,PB,ETANOL,2513851,SANTO ANDRE,23824389
2001,REGIÃO NORDESTE,PB,ETANOL,2513901,SAO BENTO,60000
2001,REGIÃO NORDESTE,PB,ETANOL,2514008,SAO JOAO DO CARIRI,45000
2001,REGIÃO NORDESTE,PB,ETANOL,2514206,SAO JOSE DA LAGOA TAPADA,9000
2001,REGIÃO NORDESTE,PB,ETANOL,2514404,SAO JOSE DE ESPINHARAS,1000
2001,REGIÃO NORDESTE,PB,ETANOL,2514503,SAO JOSE DE PIRANHAS,102000
2001,REGIÃO NORDESTE,PB,ETANOL,2514602,SAO JOSE DO BONFIM,20000
2001,REGIÃO NORDESTE,PB,ETANOL,2514701,SAO JOSE DO SABUGI,8000
2001,REGIÃO NORDESTE,PB,ETANOL,2514909,SAO MAMEDE,7000
2001,REGIÃO NORDESTE,PB,ETANOL,2515203,SAO SEBASTIAO DO UMBUZEIRO,20000
2001,REGIÃO NORDESTE,PB,ETANOL,2515302,SAPE,254000
2001,REGIÃO NORDESTE,PB,ETANOL,2515401,SERIDO,30000
2001,REGIÃO NORDESTE,PB,ETANOL,2515500,SERRA BRANCA,125000
2001,REGIÃO NORDESTE,PB,ETANOL,2516003,SOLANEA,144000
2001,REGIÃO NORDESTE,PB,ETANOL,2516201,SOUSA,235000
2001,REGIÃO NORDESTE,PB,ETANOL,2516300,SUME,175000
2001,REGIÃO NORDESTE,PB,ETANOL,2516508,TAPEROA,35000
2001,REGIÃO NORDESTE,PB,ETANOL,2516706,TEIXEIRA,145000
2001,REGIÃO NORDESTE,PB,ETANOL,2516755,TENORIO,2000
2001,REGIÃO NORDESTE,PB,ETANOL,2516805,TRIUNFO,472740
2001,REGIÃO NORDESTE,PB,ETANOL,2516904,UIRAUNA,68000
2001,REGIÃO NORDESTE,PB,ETANOL,2517001,UMBUZEIRO,13050
2001,REGIÃO NORDESTE,PB,ETANOL,2517100,VARZEA,5000
2001,REGIÃO NORDESTE,PB,ETANOL,2510907,PAULISTA,1584450
2001,REGIÃO NORDESTE,PB,ETANOL,2500106,AGUA BRANCA,106173
2001,REGIÃO NORDESTE,PB,ETANOL,2502201,BOM JESUS,567100
2001,REGIÃO NORDESTE,PB,ETANOL,2501005,ARARUNA,619600
2001,REGIÃO NORDESTE,PB,ETANOL,2502300,BOM SUCESSO,82500
2001,REGIÃO NORDESTE,PB,ETANOL,2513307,SANTA HELENA,826450
2001,REGIÃO NORDESTE,PB,ETANOL,2513356,SANTA INES,60000
2001,REGIÃO NORDESTE,PB,ETANOL,2502201,BOM JESUS,567100
2001,REGIÃO NORDESTE,PB,ETANOL,2504074,CARAUBAS,107000
2001,REGIÃO NORDESTE,PB,ETANOL,2510709,PASSAGEM,16000
2001,REGIÃO NORDESTE,PB,ETANOL,2502151,BOA VISTA,1318500
2001,REGIÃO NORDESTE,PB,ETANOL,2503605,CAICARA,35000
2001,REGIÃO NORDESTE,PB,ETANOL,2516607,TAVARES,35000
2001,REGIÃO NORDESTE,PB,ETANOL,2502201,BOM JESUS,567100
2001,REGIÃO NORDESTE,PB,ETANOL,2509206,MASSARANDUBA,572000
2001,REGIÃO NORDESTE,PB,ETANOL,2506905,ITABAIANA,918000
2001,REGIÃO NORDESTE,PB,ETANOL,2500734,AMPARO,3652321
2001,REGIÃO NORDESTE,PB,ETANOL,2500775,APARECIDA,1413250
2001,REGIÃO NORDESTE,PB,ETANOL,2507002,ITAPORANGA,639500
2001,REGIÃO NORDESTE,PB,ETANOL,2513984,SAO FRANCISCO,90000
2001,REGIÃO NORDESTE,PB,ETANOL,2515930,SERTAOZINHO,2683672
2002,REGIÃO NORDESTE,PB,ETANOL,2501708,BARRA DE SAO MIGUEL,35000
2002,REGIÃO NORDESTE,PB,ETANOL,2511509,PILAR,391050
2002,REGIÃO NORDESTE,PB,ETANOL,2504603,CONDE,94000
2002,REGIÃO NORDESTE,PB,ETANOL,2513968,SAO DOMINGOS,501150
2002,REGIÃO NORDESTE,PB,ETANOL,2512200,PRATA,684480
2002,REGIÃO NORDESTE,PB,ETANOL,2513984,SAO FRANCISCO,454000
2002,REGIÃO NORDESTE,PB,ETANOL,2509370,MATO GROSSO,0
2002,REGIÃO NORDESTE,PB,ETANOL,2500304,ALAGOA GRANDE,45000
2002,REGIÃO NORDESTE,PB,ETANOL,2500403,ALAGOA NOVA,40000
2002,REGIÃO NORDESTE,PB,ETANOL,2500536,ALCANTIL,25000
2002,REGIÃO NORDESTE,PB,ETANOL,2500601,ALHANDRA,230000
2002,REGIÃO NORDESTE,PB,ETANOL,2500700,SAO JOAO DO RIO DO PEI,53000
2002,REGIÃO NORDESTE,PB,ETANOL,2500734,AMPARO,4327233
2002,REGIÃO NORDESTE,PB,ETANOL,2500908,ARARA,32000
2002,REGIÃO NORDESTE,PB,ETANOL,2501104,AREIA,140150
2002,REGIÃO NORDESTE,PB,ETANOL,2501203,AREIAL,35000
2002,REGIÃO NORDESTE,PB,ETANOL,2501302,AROEIRAS,95000
2002,REGIÃO NORDESTE,PB,ETANOL,2501401,BAIA DA TRAICAO,60000
2002,REGIÃO NORDESTE,PB,ETANOL,2501500,BANANEIRAS,15000
2002,REGIÃO NORDESTE,PB,ETANOL,2501575,BARRA DE SANTANA,5000
2002,REGIÃO NORDESTE,PB,ETANOL,2501609,BARRA DE SANTA ROSA,50500
2002,REGIÃO NORDESTE,PB,ETANOL,2501807,BAYEUX,693200
2002,REGIÃO NORDESTE,PB,ETANOL,2502102,BOA VENTURA,8000
2002,REGIÃO NORDESTE,PB,ETANOL,2502409,BONITO DE SANTA FE,8000
2002,REGIÃO NORDESTE,PB,ETANOL,2502508,BOQUEIRAO,141500
2002,REGIÃO NORDESTE,PB,ETANOL,2502706,BORBOREMA,716500
2002,REGIÃO NORDESTE,PB,ETANOL,2502805,BREJO DO CRUZ,15000
2002,REGIÃO NORDESTE,PB,ETANOL,2503001,CAAPORA,96600
2002,REGIÃO NORDESTE,PB,ETANOL,2503100,CABACEIRAS,5000
2002,REGIÃO NORDESTE,PB,ETANOL,2503209,CABEDELO,749900
2002,REGIÃO NORDESTE,PB,ETANOL,2503308,CACHOEIRA DOS INDIOS,51000
2002,REGIÃO NORDESTE,PB,ETANOL,2503506,CACIMBA DE DENTRO,99950
2002,REGIÃO NORDESTE,PB,ETANOL,2503704,CAJAZEIRAS,562000
2002,REGIÃO NORDESTE,PB,ETANOL,2503753,CAJAZEIRINHAS,2000
2002,REGIÃO NORDESTE,PB,ETANOL,2503803,CALDAS BRANDAO,4000
2002,REGIÃO NORDESTE,PB,ETANOL,2503902,CAMALAU,15000
2002,REGIÃO NORDESTE,PB,ETANOL,2504009,CAMPINA GRANDE,4110100
2002,REGIÃO NORDESTE,PB,ETANOL,2504033,CAPIM,10000
2002,REGIÃO NORDESTE,PB,ETANOL,2504306,CATOLE DO ROCHA,130000
2002,REGIÃO NORDESTE,PB,ETANOL,2504355,CATURITE,9000
2002,REGIÃO NORDESTE,PB,ETANOL,2504405,CONCEICAO,30000
2002,REGIÃO NORDESTE,PB,ETANOL,2504504,CONDADO,173000
2002,REGIÃO NORDESTE,PB,ETANOL,2504702,CONGO,20000
2002,REGIÃO NORDESTE,PB,ETANOL,2504801,COREMAS,21000
2002,REGIÃO NORDESTE,PB,ETANOL,2504900,CRUZ DO ESPIRITO SANTO,4000
2002,REGIÃO NORDESTE,PB,ETANOL,2505006,CUBATI,10000
2002,REGIÃO NORDESTE,PB,ETANOL,2505105,CUITE,131000
2002,REGIÃO NORDESTE,PB,ETANOL,2505279,CURRAL DE CIMA,5000
2002,REGIÃO NORDESTE,PB,ETANOL,2505352,DAMIAO,10500
2002,REGIÃO NORDESTE,PB,ETANOL,2505402,DESTERRO,39000
2002,REGIÃO NORDESTE,PB,ETANOL,2505709,DONA INES,10000
2002,REGIÃO NORDESTE,PB,ETANOL,2505808,DUAS ESTRADAS,5000
2002,REGIÃO NORDESTE,PB,ETANOL,2506004,ESPERANCA,130950
2002,REGIÃO NORDESTE,PB,ETANOL,2506301,GUARABIRA,292000
2002,REGIÃO NORDESTE,PB,ETANOL,2506400,GURINHEM,91000
2002,REGIÃO NORDESTE,PB,ETANOL,2506509,GURJAO,32000
2002,REGIÃO NORDESTE,PB,ETANOL,2506707,IMACULADA,3000
2002,REGIÃO NORDESTE,PB,ETANOL,2506806,INGA,40000
2002,REGIÃO NORDESTE,PB,ETANOL,2507002,ITAPORANGA,696140
2002,REGIÃO NORDESTE,PB,ETANOL,2507101,ITAPOROROCA,49289
2002,REGIÃO NORDESTE,PB,ETANOL,2507309,JACARAU,20000
2002,REGIÃO NORDESTE,PB,ETANOL,2507507,JOAO PESSOA,7326340
2002,REGIÃO NORDESTE,PB,ETANOL,2507606,JUAREZ TAVORA,30000
2002,REGIÃO NORDESTE,PB,ETANOL,2507705,JUAZEIRINHO,179000
2002,REGIÃO NORDESTE,PB,ETANOL,2507903,JURIPIRANGA,5000
2002,REGIÃO NORDESTE,PB,ETANOL,2508000,JURU,8000
2002,REGIÃO NORDESTE,PB,ETANOL,2508109,LAGOA,5000
2002,REGIÃO NORDESTE,PB,ETANOL,2508208,LAGOA DE DENTRO,60000
2002,REGIÃO NORDESTE,PB,ETANOL,2508307,LAGOA SECA,75000
2002,REGIÃO NORDESTE,PB,ETANOL,2508505,LIVRAMENTO,3000
2002,REGIÃO NORDESTE,PB,ETANOL,2508604,LUCENA,69000
2002,REGIÃO NORDESTE,PB,ETANOL,2508901,MAMANGUAPE,365850
2002,REGIÃO NORDESTE,PB,ETANOL,2509156,MARIZOPOLIS,35000
2002,REGIÃO NORDESTE,PB,ETANOL,2509305,MATARACA,24300
2002,REGIÃO NORDESTE,PB,ETANOL,2509602,MONTE HOREBE,15000
2002,REGIÃO NORDESTE,PB,ETANOL,2509701,MONTEIRO,185000
2002,REGIÃO NORDESTE,PB,ETANOL,2509909,NATUBA,76350
2002,REGIÃO NORDESTE,PB,ETANOL,2510105,NOVA FLORESTA,46950
2002,REGIÃO NORDESTE,PB,ETANOL,2510303,NOVA PALMEIRA,12000
2002,REGIÃO NORDESTE,PB,ETANOL,2510600,OURO VELHO,10000
2002,REGIÃO NORDESTE,PB,ETANOL,2510808,PATOS,782000
2002,REGIÃO NORDESTE,PB,ETANOL,2511103,PEDRA LAVRADA,10000
2002,REGIÃO NORDESTE,PB,ETANOL,2511202,PEDRAS DE FOGO,65000
2002,REGIÃO NORDESTE,PB,ETANOL,2511301,PIANCO,100000
2002,REGIÃO NORDESTE,PB,ETANOL,2511400,PICUI,71000
2002,REGIÃO NORDESTE,PB,ETANOL,2511509,PILAR,391050
2002,REGIÃO NORDESTE,PB,ETANOL,2511707,PILOEZINHOS,5000
2002,REGIÃO NORDESTE,PB,ETANOL,2511806,PIRPIRITUBA,5000
2002,REGIÃO NORDESTE,PB,ETANOL,2512002,POCINHOS,45000
2002,REGIÃO NORDESTE,PB,ETANOL,2512101,POMBAL,87000
2002,REGIÃO NORDESTE,PB,ETANOL,2512309,PRINCESA ISABEL,50000
2002,REGIÃO NORDESTE,PB,ETANOL,2512408,PUXINANA,35000
2002,REGIÃO NORDESTE,PB,ETANOL,2512507,QUEIMADAS,319500
2002,REGIÃO NORDESTE,PB,ETANOL,2512606,QUIXABA,5000
2002,REGIÃO NORDESTE,PB,ETANOL,2512705,REMIGIO,142000
2002,REGIÃO NORDESTE,PB,ETANOL,2512903,RIO TINTO,15000
2002,REGIÃO NORDESTE,PB,ETANOL,2513604,SANTANA DOS GARROTES,2000
2002,REGIÃO NORDESTE,PB,ETANOL,2514008,SAO JOAO DO CARIRI,15000
2002,REGIÃO NORDESTE,PB,ETANOL,2514305,SAO JOSE DE CAIANA,10000
2002,REGIÃO NORDESTE,PB,ETANOL,2514404,SAO JOSE DE ESPINHARAS,2000
2002,REGIÃO NORDESTE,PB,ETANOL,2514503,SAO JOSE DE PIRANHAS,104000
2002,REGIÃO NORDESTE,PB,ETANOL,2514701,SAO JOSE DO SABUGI,2000
2002,REGIÃO NORDESTE,PB,ETANOL,2514909,SAO MAMEDE,31000
2002,REGIÃO NORDESTE,PB,ETANOL,2515203,SAO SEBASTIAO DO UMBUZ,20000
2002,REGIÃO NORDESTE,PB,ETANOL,2515302,SAPE,417000
2002,REGIÃO NORDESTE,PB,ETANOL,2515500,SERRA BRANCA,168019
2002,REGIÃO NORDESTE,PB,ETANOL,2515971,SOBRADO,20000
2002,REGIÃO NORDESTE,PB,ETANOL,2516003,SOLANEA,137050
2002,REGIÃO NORDESTE,PB,ETANOL,2516102,SOLEDADE,541000
2002,REGIÃO NORDESTE,PB,ETANOL,2516201,SOUSA,335000
2002,REGIÃO NORDESTE,PB,ETANOL,2516300,SUME,175000
2002,REGIÃO NORDESTE,PB,ETANOL,2516409,TACIMA,5000
2002,REGIÃO NORDESTE,PB,ETANOL,2516508,TAPEROA,25000
2002,REGIÃO NORDESTE,PB,ETANOL,2516706,TEIXEIRA,141050
2002,REGIÃO NORDESTE,PB,ETANOL,2516755,TENORIO,3000
2002,REGIÃO NORDESTE,PB,ETANOL,2516805,TRIUNFO,468805
2002,REGIÃO NORDESTE,PB,ETANOL,2516904,UIRAUNA,60000
2002,REGIÃO NORDESTE,PB,ETANOL,2517001,UMBUZEIRO,18050
2002,REGIÃO NORDESTE,PB,ETANOL,2500502,ALAGOINHA,216000
2002,REGIÃO NORDESTE,PB,ETANOL,2510907,PAULISTA,1260150
2002,REGIÃO NORDESTE,PB,ETANOL,2516805,TRIUNFO,468805
2002,REGIÃO NORDESTE,PB,ETANOL,2501005,ARARUNA,498700
2002,REGIÃO NORDESTE,PB,ETANOL,2502300,BOM SUCESSO,272000
2002,REGIÃO NORDESTE,PB,ETANOL,2503605,CAICARA,97000
2002,REGIÃO NORDESTE,PB,ETANOL,2516607,TAVARES,55000
2002,REGIÃO NORDESTE,PB,ETANOL,2509206,MASSARANDUBA,527000
2002,REGIÃO NORDESTE,PB,ETANOL,2513158,SANTA CECILIA,275500
2002,REGIÃO NORDESTE,PB,ETANOL,2513968,SAO DOMINGOS,501150
2002,REGIÃO NORDESTE,PB,ETANOL,2506905,ITABAIANA,705000
2002,REGIÃO NORDESTE,PB,ETANOL,2500775,APARECIDA,1496450
2002,REGIÃO NORDESTE,PB,ETANOL,2513851,SANTO ANDRE,27148725
2002,REGIÃO NORDESTE,PB,ETANOL,2515930,SERTAOZINHO,2478302
2003,REGIÃO NORDESTE,PB,ETANOL,2500106,AGUA BRANCA,10000
2003,REGIÃO NORDESTE,PB,ETANOL,2500304,ALAGOA GRANDE,96000
2003,REGIÃO NORDESTE,PB,ETANOL,2500403,ALAGOA NOVA,41000
2003,REGIÃO NORDESTE,PB,ETANOL,2500502,ALAGOINHA,116000
2003,REGIÃO NORDESTE,PB,ETANOL,2500601,ALHANDRA,278000
2003,REGIÃO NORDESTE,PB,ETANOL,2500700,SAO JOAO DO RIO DO PEI,57000
2003,REGIÃO NORDESTE,PB,ETANOL,2500775,APARECIDA,45000
2003,REGIÃO NORDESTE,PB,ETANOL,2500809,ARACAGI,5000
2003,REGIÃO NORDESTE,PB,ETANOL,2500908,ARARA,68000
2003,REGIÃO NORDESTE,PB,ETANOL,2501005,ARARUNA,85000
2003,REGIÃO NORDESTE,PB,ETANOL,2501104,AREIA,114000
2003,REGIÃO NORDESTE,PB,ETANOL,2501203,AREIAL,25000
2003,REGIÃO NORDESTE,PB,ETANOL,2501302,AROEIRAS,40000
2003,REGIÃO NORDESTE,PB,ETANOL,2501351,ASSUNCAO,5000
2003,REGIÃO NORDESTE,PB,ETANOL,2501401,BAIA DA TRAICAO,55000
2003,REGIÃO NORDESTE,PB,ETANOL,2501500,BANANEIRAS,40000
2003,REGIÃO NORDESTE,PB,ETANOL,2501534,BARAUNA,16000
2003,REGIÃO NORDESTE,PB,ETANOL,2501575,BARRA DE SANTANA,11100
2003,REGIÃO NORDESTE,PB,ETANOL,2501609,BARRA DE SANTA ROSA,48500
2003,REGIÃO NORDESTE,PB,ETANOL,2501807,BAYEUX,1032000
2003,REGIÃO NORDESTE,PB,ETANOL,2501906,BELEM,302050
2003,REGIÃO NORDESTE,PB,ETANOL,2502003,BELEM DO BREJO DO CRUZ,10000
2003,REGIÃO NORDESTE,PB,ETANOL,2502151,BOA VISTA,15000
2003,REGIÃO NORDESTE,PB,ETANOL,2502409,BONITO DE SANTA FE,36500
2003,REGIÃO NORDESTE,PB,ETANOL,2502508,BOQUEIRAO,128300
2003,REGIÃO NORDESTE,PB,ETANOL,2502706,BORBOREMA,13000
2003,REGIÃO NORDESTE,PB,ETANOL,2502805,BREJO DO CRUZ,40000
2003,REGIÃO NORDESTE,PB,ETANOL,2503001,CAAPORA,105900
2003,REGIÃO NORDESTE,PB,ETANOL,2503209,CABEDELO,830500
2003,REGIÃO NORDESTE,PB,ETANOL,2503308,CACHOEIRA DOS INDIOS,100000
2003,REGIÃO NORDESTE,PB,ETANOL,2503506,CACIMBA DE DENTRO,75000
2003,REGIÃO NORDESTE,PB,ETANOL,2503605,CAICARA,45000
2003,REGIÃO NORDESTE,PB,ETANOL,2503704,CAJAZEIRAS,865000
2003,REGIÃO NORDESTE,PB,ETANOL,2503803,CALDAS BRANDAO,107000
2003,REGIÃO NORDESTE,PB,ETANOL,2503902,CAMALAU,15000
2003,REGIÃO NORDESTE,PB,ETANOL,2504009,CAMPINA GRANDE,4625137
2003,REGIÃO NORDESTE,PB,ETANOL,2504033,CAPIM,35000
2003,REGIÃO NORDESTE,PB,ETANOL,2504306,CATOLE DO ROCHA,225000
2003,REGIÃO NORDESTE,PB,ETANOL,2504355,CATURITE,30100
2003,REGIÃO NORDESTE,PB,ETANOL,2504405,CONCEICAO,28000
2003,REGIÃO NORDESTE,PB,ETANOL,2504504,CONDADO,50000
2003,REGIÃO NORDESTE,PB,ETANOL,2504603,CONDE,238000
2003,REGIÃO NORDESTE,PB,ETANOL,2504702,CONGO,20000
2003,REGIÃO NORDESTE,PB,ETANOL,2504801,COREMAS,18000
2003,REGIÃO NORDESTE,PB,ETANOL,2504900,CRUZ DO ESPIRITO SANTO,80000
2003,REGIÃO NORDESTE,PB,ETANOL,2505006,CUBATI,42000
2003,REGIÃO NORDESTE,PB,ETANOL,2505105,CUITE,108950
2003,REGIÃO NORDESTE,PB,ETANOL,2505204,CUITEGI,47000
2003,REGIÃO NORDESTE,PB,ETANOL,2505352,DAMIAO,16500
2003,REGIÃO NORDESTE,PB,ETANOL,2505402,DESTERRO,30560
2003,REGIÃO NORDESTE,PB,ETANOL,2505709,DONA INES,25000
2003,REGIÃO NORDESTE,PB,ETANOL,2505808,DUAS ESTRADAS,6000
2003,REGIÃO NORDESTE,PB,ETANOL,2506004,ESPERANCA,229000
2003,REGIÃO NORDESTE,PB,ETANOL,2506103,FAGUNDES,15000
2003,REGIÃO NORDESTE,PB,ETANOL,2506301,GUARABIRA,617000
2003,REGIÃO NORDESTE,PB,ETANOL,2506400,GURINHEM,352000
2003,REGIÃO NORDESTE,PB,ETANOL,2506509,GURJAO,20000
2003,REGIÃO NORDESTE,PB,ETANOL,2506608,IBIARA,17300
2003,REGIÃO NORDESTE,PB,ETANOL,2506707,IMACULADA,7000
2003,REGIÃO NORDESTE,PB,ETANOL,2506806,INGA,99900
2003,REGIÃO NORDESTE,PB,ETANOL,2506905,ITABAIANA,324000
2003,REGIÃO NORDESTE,PB,ETANOL,2507002,ITAPORANGA,135100
2003,REGIÃO NORDESTE,PB,ETANOL,2507101,ITAPOROROCA,145000
2003,REGIÃO NORDESTE,PB,ETANOL,2507309,JACARAU,76000
2003,REGIÃO NORDESTE,PB,ETANOL,2507507,JOAO PESSOA,9973668
2003,REGIÃO NORDESTE,PB,ETANOL,2507606,JUAREZ TAVORA,35000
2003,REGIÃO NORDESTE,PB,ETANOL,2507705,JUAZEIRINHO,134050
2003,REGIÃO NORDESTE,PB,ETANOL,2507804,JUNCO DO SERIDO,24900
2003,REGIÃO NORDESTE,PB,ETANOL,2507903,JURIPIRANGA,20000
2003,REGIÃO NORDESTE,PB,ETANOL,2508000,JURU,6000
2003,REGIÃO NORDESTE,PB,ETANOL,2508208,LAGOA DE DENTRO,45000
2003,REGIÃO NORDESTE,PB,ETANOL,2508307,LAGOA SECA,139000
2003,REGIÃO NORDESTE,PB,ETANOL,2508505,LIVRAMENTO,7000
2003,REGIÃO NORDESTE,PB,ETANOL,2508604,LUCENA,124000
2003,REGIÃO NORDESTE,PB,ETANOL,2508802,MALTA,5000
2003,REGIÃO NORDESTE,PB,ETANOL,2508901,MAMANGUAPE,723911
2003,REGIÃO NORDESTE,PB,ETANOL,2509107,MARI,65000
2003,REGIÃO NORDESTE,PB,ETANOL,2509156,MARIZOPOLIS,70000
2003,REGIÃO NORDESTE,PB,ETANOL,2509206,MASSARANDUBA,30000
2003,REGIÃO NORDESTE,PB,ETANOL,2509305,MATARACA,47000
2003,REGIÃO NORDESTE,PB,ETANOL,2509396,MATUREIA,2500
2003,REGIÃO NORDESTE,PB,ETANOL,2509503,MONTADAS,5000
2003,REGIÃO NORDESTE,PB,ETANOL,2509602,MONTE HOREBE,12500
2003,REGIÃO NORDESTE,PB,ETANOL,2509701,MONTEIRO,160000
2003,REGIÃO NORDESTE,PB,ETANOL,2509909,NATUBA,59150
2003,REGIÃO NORDESTE,PB,ETANOL,2510105,NOVA FLORESTA,37000
2003,REGIÃO NORDESTE,PB,ETANOL,2510303,NOVA PALMEIRA,6000
2003,REGIÃO NORDESTE,PB,ETANOL,2510600,OURO VELHO,15000
2003,REGIÃO NORDESTE,PB,ETANOL,2510709,PASSAGEM,15000
2003,REGIÃO NORDESTE,PB,ETANOL,2510808,PATOS,821009
2003,REGIÃO NORDESTE,PB,ETANOL,2510907,PAULISTA,35000
2003,REGIÃO NORDESTE,PB,ETANOL,2511103,PEDRA LAVRADA,24000
2003,REGIÃO NORDESTE,PB,ETANOL,2511202,PEDRAS DE FOGO,35000
2003,REGIÃO NORDESTE,PB,ETANOL,2511301,PIANCO,118000
2003,REGIÃO NORDESTE,PB,ETANOL,2511400,PICUI,112000
2003,REGIÃO NORDESTE,PB,ETANOL,2511509,PILAR,59100
2003,REGIÃO NORDESTE,PB,ETANOL,2511608,PILOES,21000
2003,REGIÃO NORDESTE,PB,ETANOL,2511707,PILOEZINHOS,5000
2003,REGIÃO NORDESTE,PB,ETANOL,2511806,PIRPIRITUBA,15000
2003,REGIÃO NORDESTE,PB,ETANOL,2511905,PITIMBU,15000
2003,REGIÃO NORDESTE,PB,ETANOL,2512002,POCINHOS,40000
2003,REGIÃO NORDESTE,PB,ETANOL,2512101,POMBAL,117000
2003,REGIÃO NORDESTE,PB,ETANOL,2512200,PRATA,25000
2003,REGIÃO NORDESTE,PB,ETANOL,2512309,PRINCESA ISABEL,50100
2003,REGIÃO NORDESTE,PB,ETANOL,2512408,PUXINANA,48000
2003,REGIÃO NORDESTE,PB,ETANOL,2512507,QUEIMADAS,323100
2003,REGIÃO NORDESTE,PB,ETANOL,2512705,REMIGIO,191900
2003,REGIÃO NORDESTE,PB,ETANOL,2512754,RIACHAO DO BACAMARTE,35000
2003,REGIÃO NORDESTE,PB,ETANOL,2512903,RIO TINTO,188000
2003,REGIÃO NORDESTE,PB,ETANOL,2513356,SANTA INES,5000
2003,REGIÃO NORDESTE,PB,ETANOL,2513406,SANTA LUZIA,125000
2003,REGIÃO NORDESTE,PB,ETANOL,2513604,SANTANA DOS GARROTES,2000
2003,REGIÃO NORDESTE,PB,ETANOL,2513703,SANTA RITA,1426000
2003,REGIÃO NORDESTE,PB,ETANOL,2513802,SANTA TERESINHA,5000
2003,REGIÃO NORDESTE,PB,ETANOL,2513851,SANTO ANDRE,25000
2003,REGIÃO NORDESTE,PB,ETANOL,2513901,SAO BENTO,70000
2003,REGIÃO NORDESTE,PB,ETANOL,2514008,SAO JOAO DO CARIRI,35000
2003,REGIÃO NORDESTE,PB,ETANOL,2514404,SAO JOSE DE ESPINHARAS,3000
2003,REGIÃO NORDESTE,PB,ETANOL,2514503,SAO JOSE DE PIRANHAS,112200
2003,REGIÃO NORDESTE,PB,ETANOL,2514602,SAO JOSE DO BONFIM,5000
2003,REGIÃO NORDESTE,PB,ETANOL,2514701,SAO JOSE DO SABUGI,2000
2003,REGIÃO NORDESTE,PB,ETANOL,2514909,SAO MAMEDE,33000
2003,REGIÃO NORDESTE,PB,ETANOL,2515005,SAO MIGUEL DE TAIPU,81000
2003,REGIÃO NORDESTE,PB,ETANOL,2515104,SAO SEBASTIAO DE LAGOA,77000
2003,REGIÃO NORDESTE,PB,ETANOL,2515203,SAO SEBASTIAO DO UMBUZ,20000
2003,REGIÃO NORDESTE,PB,ETANOL,2515302,SAPE,501000
2003,REGIÃO NORDESTE,PB,ETANOL,2515500,SERRA BRANCA,155000
2003,REGIÃO NORDESTE,PB,ETANOL,2515906,SERRARIA,10000
2003,REGIÃO NORDESTE,PB,ETANOL,2515971,SOBRADO,30000
2003,REGIÃO NORDESTE,PB,ETANOL,2516003,SOLANEA,205000
2003,REGIÃO NORDESTE,PB,ETANOL,2516102,SOLEDADE,40000
2003,REGIÃO NORDESTE,PB,ETANOL,2516201,SOUSA,427533
2003,REGIÃO NORDESTE,PB,ETANOL,2516300,SUME,170000
2003,REGIÃO NORDESTE,PB,ETANOL,2516409,CAMPO DE SANTANA,28000
2003,REGIÃO NORDESTE,PB,ETANOL,2516508,TAPEROA,54000
2003,REGIÃO NORDESTE,PB,ETANOL,2516607,TAVARES,15000
2003,REGIÃO NORDESTE,PB,ETANOL,2516706,TEIXEIRA,102000
2003,REGIÃO NORDESTE,PB,ETANOL,2516805,TRIUNFO,8000
2003,REGIÃO NORDESTE,PB,ETANOL,2516904,UIRAUNA,64000
2003,REGIÃO NORDESTE,PB,ETANOL,2517001,UMBUZEIRO,20100
2003,REGIÃO NORDESTE,PB,ETANOL,2517100,VARZEA,12000
2004,REGIÃO NORDESTE,PB,ETANOL,2500304,ALAGOA GRANDE,175000
2004,REGIÃO NORDESTE,PB,ETANOL,2500403,ALAGOA NOVA,55000
2004,REGIÃO NORDESTE,PB,ETANOL,2500502,ALAGOINHA,123000
2004,REGIÃO NORDESTE,PB,ETANOL,2500536,ALCANTIL,10000
2004,REGIÃO NORDESTE,PB,ETANOL,2500601,ALHANDRA,343000
2004,REGIÃO NORDESTE,PB,ETANOL,2500700,SAO JOAO DO RIO DO PEI,74000
2004,REGIÃO NORDESTE,PB,ETANOL,2500775,APARECIDA,70000
2004,REGIÃO NORDESTE,PB,ETANOL,2500809,ARACAGI,40000
2004,REGIÃO NORDESTE,PB,ETANOL,2500908,ARARA,78000
2004,REGIÃO NORDESTE,PB,ETANOL,2501005,ARARUNA,95000
2004,REGIÃO NORDESTE,PB,ETANOL,2501104,AREIA,156100
2004,REGIÃO NORDESTE,PB,ETANOL,2501203,AREIAL,5000
2004,REGIÃO NORDESTE,PB,ETANOL,2501302,AROEIRAS,50000
2004,REGIÃO NORDESTE,PB,ETANOL,2501351,ASSUNCAO,20000
2004,REGIÃO NORDESTE,PB,ETANOL,2501401,BAIA DA TRAICAO,145000
2004,REGIÃO NORDESTE,PB,ETANOL,2501500,BANANEIRAS,45000
2004,REGIÃO NORDESTE,PB,ETANOL,2501534,BARAUNA,37000
2004,REGIÃO NORDESTE,PB,ETANOL,2501575,BARRA DE SANTANA,18000
2004,REGIÃO NORDESTE,PB,ETANOL,2501609,BARRA DE SANTA ROSA,59000
2004,REGIÃO NORDESTE,PB,ETANOL,2501807,BAYEUX,1148000
2004,REGIÃO NORDESTE,PB,ETANOL,2501906,BELEM,372000
2004,REGIÃO NORDESTE,PB,ETANOL,2502102,BOA VENTURA,3000
2004,REGIÃO NORDESTE,PB,ETANOL,2502151,BOA VISTA,45000
2004,REGIÃO NORDESTE,PB,ETANOL,2502300,BOM SUCESSO,5000
2004,REGIÃO NORDESTE,PB,ETANOL,2502409,BONITO DE SANTA FE,30000
2004,REGIÃO NORDESTE,PB,ETANOL,2502508,BOQUEIRAO,137100
2004,REGIÃO NORDESTE,PB,ETANOL,2502607,IGARACY,4000
2004,REGIÃO NORDESTE,PB,ETANOL,2502706,BORBOREMA,14000
2004,REGIÃO NORDESTE,PB,ETANOL,2502805,BREJO DO CRUZ,62111
2004,REGIÃO NORDESTE,PB,ETANOL,2502904,BREJO DOS SANTOS,15000
2004,REGIÃO NORDESTE,PB,ETANOL,2503001,CAAPORA,105000
2004,REGIÃO NORDESTE,PB,ETANOL,2503100,CABACEIRAS,29100
2004,REGIÃO NORDESTE,PB,ETANOL,2503209,CABEDELO,1146895
2004,REGIÃO NORDESTE,PB,ETANOL,2503308,CACHOEIRA DOS INDIOS,233000
2004,REGIÃO NORDESTE,PB,ETANOL,2503506,CACIMBA DE DENTRO,112000
2004,REGIÃO NORDESTE,PB,ETANOL,2503605,CAICARA,54100
2004,REGIÃO NORDESTE,PB,ETANOL,2503704,CAJAZEIRAS,810000
2004,REGIÃO NORDESTE,PB,ETANOL,2503803,CALDAS BRANDAO,113000
2004,REGIÃO NORDESTE,PB,ETANOL,2503902,CAMALAU,15000
2004,REGIÃO NORDESTE,PB,ETANOL,2504009,CAMPINA GRANDE,3839928
2004,REGIÃO NORDESTE,PB,ETANOL,2504033,CAPIM,68000
2004,REGIÃO NORDESTE,PB,ETANOL,2504207,CATINGUEIRA,5000
2004,REGIÃO NORDESTE,PB,ETANOL,2504306,CATOLE DO ROCHA,269900
2004,REGIÃO NORDESTE,PB,ETANOL,2504355,CATURITE,8000
2004,REGIÃO NORDESTE,PB,ETANOL,2504405,CONCEICAO,50000
2004,REGIÃO NORDESTE,PB,ETANOL,2504504,CONDADO,50000
2004,REGIÃO NORDESTE,PB,ETANOL,2504603,CONDE,261000
2004,REGIÃO NORDESTE,PB,ETANOL,2504702,CONGO,20000
2004,REGIÃO NORDESTE,PB,ETANOL,2504801,COREMAS,9000
2004,REGIÃO NORDESTE,PB,ETANOL,2504900,CRUZ DO ESPIRITO SANTO,49000
2004,REGIÃO NORDESTE,PB,ETANOL,2505006,CUBATI,69000
2004,REGIÃO NORDESTE,PB,ETANOL,2505105,CUITE,134000
2004,REGIÃO NORDESTE,PB,ETANOL,2505204,CUITEGI,66000
2004,REGIÃO NORDESTE,PB,ETANOL,2505352,DAMIAO,15000
2004,REGIÃO NORDESTE,PB,ETANOL,2505402,DESTERRO,35000
2004,REGIÃO NORDESTE,PB,ETANOL,2505709,DONA INES,35000
2004,REGIÃO NORDESTE,PB,ETANOL,2506004,ESPERANCA,316300
2004,REGIÃO NORDESTE,PB,ETANOL,2506103,FAGUNDES,15000
2004,REGIÃO NORDESTE,PB,ETANOL,2506301,GUARABIRA,828000
2004,REGIÃO NORDESTE,PB,ETANOL,2506400,GURINHEM,270000
2004,REGIÃO NORDESTE,PB,ETANOL,2506509,GURJAO,22000
2004,REGIÃO NORDESTE,PB,ETANOL,2506608,IBIARA,13000
2004,REGIÃO NORDESTE,PB,ETANOL,2506707,IMACULADA,21000
2004,REGIÃO NORDESTE,PB,ETANOL,2506806,INGA,200000
2004,REGIÃO NORDESTE,PB,ETANOL,2506905,ITABAIANA,446000
2004,REGIÃO NORDESTE,PB,ETANOL,2507002,ITAPORANGA,149000
2004,REGIÃO NORDESTE,PB,ETANOL,2507101,ITAPOROROCA,183000
2004,REGIÃO NORDESTE,PB,ETANOL,2507309,JACARAU,87000
2004,REGIÃO NORDESTE,PB,ETANOL,2507507,JOAO PESSOA,9821317
2004,REGIÃO NORDESTE,PB,ETANOL,2507606,JUAREZ TAVORA,35000
2004,REGIÃO NORDESTE,PB,ETANOL,2507705,JUAZEIRINHO,136000
2004,REGIÃO NORDESTE,PB,ETANOL,2507804,JUNCO DO SERIDO,25000
2004,REGIÃO NORDESTE,PB,ETANOL,2508000,JURU,25000
2004,REGIÃO NORDESTE,PB,ETANOL,2508208,LAGOA DE DENTRO,21000
2004,REGIÃO NORDESTE,PB,ETANOL,2508307,LAGOA SECA,150000
2004,REGIÃO NORDESTE,PB,ETANOL,2508604,LUCENA,109000
2004,REGIÃO NORDESTE,PB,ETANOL,2508901,MAMANGUAPE,545465
2004,REGIÃO NORDESTE,PB,ETANOL,2509107,MARI,25000
2004,REGIÃO NORDESTE,PB,ETANOL,2509156,MARIZOPOLIS,70000
2004,REGIÃO NORDESTE,PB,ETANOL,2509206,MASSARANDUBA,15000
2004,REGIÃO NORDESTE,PB,ETANOL,2509305,MATARACA,10000
2004,REGIÃO NORDESTE,PB,ETANOL,2509396,MATUREIA,5000
2004,REGIÃO NORDESTE,PB,ETANOL,2509404,MOGEIRO,3000
2004,REGIÃO NORDESTE,PB,ETANOL,2509602,MONTE HOREBE,5000
2004,REGIÃO NORDESTE,PB,ETANOL,2509701,MONTEIRO,225000
2004,REGIÃO NORDESTE,PB,ETANOL,2509800,MULUNGU,10000
2004,REGIÃO NORDESTE,PB,ETANOL,2509909,NATUBA,68300
2004,REGIÃO NORDESTE,PB,ETANOL,2510105,NOVA FLORESTA,39000
2004,REGIÃO NORDESTE,PB,ETANOL,2510303,NOVA PALMEIRA,12000
2004,REGIÃO NORDESTE,PB,ETANOL,2510600,OURO VELHO,25000
2004,REGIÃO NORDESTE,PB,ETANOL,2510709,PASSAGEM,20000
2004,REGIÃO NORDESTE,PB,ETANOL,2510808,PATOS,806000
2004,REGIÃO NORDESTE,PB,ETANOL,2510907,PAULISTA,50000
2004,REGIÃO NORDESTE,PB,ETANOL,2511103,PEDRA LAVRADA,35000
2004,REGIÃO NORDESTE,PB,ETANOL,2511202,PEDRAS DE FOGO,49100
2004,REGIÃO NORDESTE,PB,ETANOL,2511301,PIANCO,73000
2004,REGIÃO NORDESTE,PB,ETANOL,2511400,PICUI,142000
2004,REGIÃO NORDESTE,PB,ETANOL,2511509,PILAR,60000
2004,REGIÃO NORDESTE,PB,ETANOL,2511608,PILOES,15000
2004,REGIÃO NORDESTE,PB,ETANOL,2511806,PIRPIRITUBA,15000
2004,REGIÃO NORDESTE,PB,ETANOL,2511905,PITIMBU,29000
2004,REGIÃO NORDESTE,PB,ETANOL,2512002,POCINHOS,96000
2004,REGIÃO NORDESTE,PB,ETANOL,2512101,POMBAL,102000
2004,REGIÃO NORDESTE,PB,ETANOL,2512200,PRATA,25000
2004,REGIÃO NORDESTE,PB,ETANOL,2512309,PRINCESA ISABEL,46000
2004,REGIÃO NORDESTE,PB,ETANOL,2512408,PUXINANA,55000
2004,REGIÃO NORDESTE,PB,ETANOL,2512507,QUEIMADAS,349000
2004,REGIÃO NORDESTE,PB,ETANOL,2512705,REMIGIO,263050
2004,REGIÃO NORDESTE,PB,ETANOL,2512721,PEDRO REGIS,15000
2004,REGIÃO NORDESTE,PB,ETANOL,2512903,RIO TINTO,292000
2004,REGIÃO NORDESTE,PB,ETANOL,2513109,SALGADO DE SAO FELIX,19750
2004,REGIÃO NORDESTE,PB,ETANOL,2513208,SANTA CRUZ,7000
2004,REGIÃO NORDESTE,PB,ETANOL,2513406,SANTA LUZIA,120000
2004,REGIÃO NORDESTE,PB,ETANOL,2513703,SANTA RITA,1744000
2004,REGIÃO NORDESTE,PB,ETANOL,2513802,SANTA TERESINHA,15000
2004,REGIÃO NORDESTE,PB,ETANOL,2513901,SAO BENTO,114900
2004,REGIÃO NORDESTE,PB,ETANOL,2513927,SAO BENTINHO,14000
2004,REGIÃO NORDESTE,PB,ETANOL,2514008,SAO JOAO DO CARIRI,45000
2004,REGIÃO NORDESTE,PB,ETANOL,2514503,SAO JOSE DE PIRANHAS,115000
2004,REGIÃO NORDESTE,PB,ETANOL,2514800,SAO JOSE DOS CORDEIROS,5000
2004,REGIÃO NORDESTE,PB,ETANOL,2514909,SAO MAMEDE,46000
2004,REGIÃO NORDESTE,PB,ETANOL,2515005,SAO MIGUEL DE TAIPU,75000
2004,REGIÃO NORDESTE,PB,ETANOL,2515104,SAO SEBASTIAO DE LAGOA,110000
2004,REGIÃO NORDESTE,PB,ETANOL,2515203,SAO SEBASTIAO DO UMBUZ,20000
2004,REGIÃO NORDESTE,PB,ETANOL,2515302,SAPE,656000
2004,REGIÃO NORDESTE,PB,ETANOL,2515401,SERIDO,58000
2004,REGIÃO NORDESTE,PB,ETANOL,2515500,SERRA BRANCA,120000
2004,REGIÃO NORDESTE,PB,ETANOL,2515807,SERRA REDONDA,21000
2004,REGIÃO NORDESTE,PB,ETANOL,2515971,SOBRADO,75000
2004,REGIÃO NORDESTE,PB,ETANOL,2516003,SOLANEA,255000
2004,REGIÃO NORDESTE,PB,ETANOL,2516102,SOLEDADE,121000
2004,REGIÃO NORDESTE,PB,ETANOL,2516201,SOUSA,394000
2004,REGIÃO NORDESTE,PB,ETANOL,2516300,SUME,186000
2004,REGIÃO NORDESTE,PB,ETANOL,2516409,CAMPO DE SANTANA,30000
2004,REGIÃO NORDESTE,PB,ETANOL,2516508,TAPEROA,50000
2004,REGIÃO NORDESTE,PB,ETANOL,2516706,TEIXEIRA,60000
2004,REGIÃO NORDESTE,PB,ETANOL,2516904,UIRAUNA,40000
2004,REGIÃO NORDESTE,PB,ETANOL,2517001,UMBUZEIRO,16350
2004,REGIÃO NORDESTE,PB,ETANOL,2517100,VARZEA,18000
2005,REGIÃO NORDESTE,PB,ETANOL,2500205,AGUIAR,5000
2005,REGIÃO NORDESTE,PB,ETANOL,2500304,ALAGOA GRANDE,120000
2005,REGIÃO NORDESTE,PB,ETANOL,2500403,ALAGOA NOVA,60000
2005,REGIÃO NORDESTE,PB,ETANOL,2500502,ALAGOINHA,95000
2005,REGIÃO NORDESTE,PB,ETANOL,2500536,ALCANTIL,5000
2005,REGIÃO NORDESTE,PB,ETANOL,2500601,ALHANDRA,389000
2005,REGIÃO NORDESTE,PB,ETANOL,2500700,SAO JOAO DO RIO DO PEI,60000
2005,REGIÃO NORDESTE,PB,ETANOL,2500775,APARECIDA,115000
2005,REGIÃO NORDESTE,PB,ETANOL,2500809,ARACAGI,41500
2005,REGIÃO NORDESTE,PB,ETANOL,2500908,ARARA,61000
2005,REGIÃO NORDESTE,PB,ETANOL,2501005,ARARUNA,93000
2005,REGIÃO NORDESTE,PB,ETANOL,2501104,AREIA,135000
2005,REGIÃO NORDESTE,PB,ETANOL,2501302,AROEIRAS,40000
2005,REGIÃO NORDESTE,PB,ETANOL,2501351,ASSUNCAO,20000
2005,REGIÃO NORDESTE,PB,ETANOL,2501401,BAIA DA TRAICAO,30000
2005,REGIÃO NORDESTE,PB,ETANOL,2501500,BANANEIRAS,12500
2005,REGIÃO NORDESTE,PB,ETANOL,2501534,BARAUNA,35000
2005,REGIÃO NORDESTE,PB,ETANOL,2501575,BARRA DE SANTANA,6000
2005,REGIÃO NORDESTE,PB,ETANOL,2501609,BARRA DE SANTA ROSA,77450
2005,REGIÃO NORDESTE,PB,ETANOL,2501807,BAYEUX,1088500
2005,REGIÃO NORDESTE,PB,ETANOL,2501906,BELEM,403000
2005,REGIÃO NORDESTE,PB,ETANOL,2502003,BELEM DO BREJO DO CRUZ,5000
2005,REGIÃO NORDESTE,PB,ETANOL,2502102,BOA VENTURA,3000
2005,REGIÃO NORDESTE,PB,ETANOL,2502151,BOA VISTA,45000
2005,REGIÃO NORDESTE,PB,ETANOL,2502409,BONITO DE SANTA FE,45000
2005,REGIÃO NORDESTE,PB,ETANOL,2502508,BOQUEIRAO,131800
2005,REGIÃO NORDESTE,PB,ETANOL,2502607,IGARACY,13000
2005,REGIÃO NORDESTE,PB,ETANOL,2502706,BORBOREMA,34000
2005,REGIÃO NORDESTE,PB,ETANOL,2502805,BREJO DO CRUZ,35000
2005,REGIÃO NORDESTE,PB,ETANOL,2502904,BREJO DOS SANTOS,20000
2005,REGIÃO NORDESTE,PB,ETANOL,2503001,CAAPORA,115000
2005,REGIÃO NORDESTE,PB,ETANOL,2503100,CABACEIRAS,52400
2005,REGIÃO NORDESTE,PB,ETANOL,2503209,CABEDELO,1070000
2005,REGIÃO NORDESTE,PB,ETANOL,2503308,CACHOEIRA DOS INDIOS,202000
2005,REGIÃO NORDESTE,PB,ETANOL,2503506,CACIMBA DE DENTRO,109000
2005,REGIÃO NORDESTE,PB,ETANOL,2503605,CAICARA,64100
2005,REGIÃO NORDESTE,PB,ETANOL,2503704,CAJAZEIRAS,738000
2005,REGIÃO NORDESTE,PB,ETANOL,2503803,CALDAS BRANDAO,180000
2005,REGIÃO NORDESTE,PB,ETANOL,2503902,CAMALAU,20000
2005,REGIÃO NORDESTE,PB,ETANOL,2504009,CAMPINA GRANDE,4420947
2005,REGIÃO NORDESTE,PB,ETANOL,2504033,CAPIM,49000
2005,REGIÃO NORDESTE,PB,ETANOL,2504207,CATINGUEIRA,5000
2005,REGIÃO NORDESTE,PB,ETANOL,2504306,CATOLE DO ROCHA,284800
2005,REGIÃO NORDESTE,PB,ETANOL,2504355,CATURITE,24100
2005,REGIÃO NORDESTE,PB,ETANOL,2504405,CONCEICAO,55000
2005,REGIÃO NORDESTE,PB,ETANOL,2504504,CONDADO,40000
2005,REGIÃO NORDESTE,PB,ETANOL,2504603,CONDE,273000
2005,REGIÃO NORDESTE,PB,ETANOL,2504702,CONGO,20000
2005,REGIÃO NORDESTE,PB,ETANOL,2504900,CRUZ DO ESPIRITO SANTO,33000
2005,REGIÃO NORDESTE,PB,ETANOL,2505006,CUBATI,47000
2005,REGIÃO NORDESTE,PB,ETANOL,2505105,CUITE,112500
2005,REGIÃO NORDESTE,PB,ETANOL,2505204,CUITEGI,100000
2005,REGIÃO NORDESTE,PB,ETANOL,2505279,CURRAL DE CIMA,5000
2005,REGIÃO NORDESTE,PB,ETANOL,2505352,DAMIAO,17000
2005,REGIÃO NORDESTE,PB,ETANOL,2505402,DESTERRO,80000
2005,REGIÃO NORDESTE,PB,ETANOL,2505709,DONA INES,30000
2005,REGIÃO NORDESTE,PB,ETANOL,2506004,ESPERANCA,280000
2005,REGIÃO NORDESTE,PB,ETANOL,2506103,FAGUNDES,20000
2005,REGIÃO NORDESTE,PB,ETANOL,2506301,GUARABIRA,916000
2005,REGIÃO NORDESTE,PB,ETANOL,2506400,GURINHEM,304776
2005,REGIÃO NORDESTE,PB,ETANOL,2506509,GURJAO,25000
2005,REGIÃO NORDESTE,PB,ETANOL,2506608,IBIARA,13000
2005,REGIÃO NORDESTE,PB,ETANOL,2506707,IMACULADA,33000
2005,REGIÃO NORDESTE,PB,ETANOL,2506806,INGA,152000
2005,REGIÃO NORDESTE,PB,ETANOL,2506905,ITABAIANA,395500
2005,REGIÃO NORDESTE,PB,ETANOL,2507002,ITAPORANGA,117000
2005,REGIÃO NORDESTE,PB,ETANOL,2507101,ITAPOROROCA,194000
2005,REGIÃO NORDESTE,PB,ETANOL,2507200,ITATUBA,3000
2005,REGIÃO NORDESTE,PB,ETANOL,2507309,JACARAU,75000
2005,REGIÃO NORDESTE,PB,ETANOL,2507507,JOAO PESSOA,10939014
2005,REGIÃO NORDESTE,PB,ETANOL,2507606,JUAREZ TAVORA,38000
2005,REGIÃO NORDESTE,PB,ETANOL,2507705,JUAZEIRINHO,132000
2005,REGIÃO NORDESTE,PB,ETANOL,2507804,JUNCO DO SERIDO,5000
2005,REGIÃO NORDESTE,PB,ETANOL,2507903,JURIPIRANGA,15000
2005,REGIÃO NORDESTE,PB,ETANOL,2508000,JURU,47000
2005,REGIÃO NORDESTE,PB,ETANOL,2508208,LAGOA DE DENTRO,22500
2005,REGIÃO NORDESTE,PB,ETANOL,2508307,LAGOA SECA,118000
2005,REGIÃO NORDESTE,PB,ETANOL,2508505,LIVRAMENTO,11500
2005,REGIÃO NORDESTE,PB,ETANOL,2508604,LUCENA,96000
2005,REGIÃO NORDESTE,PB,ETANOL,2508802,MALTA,3000
2005,REGIÃO NORDESTE,PB,ETANOL,2508901,MAMANGUAPE,710200
2005,REGIÃO NORDESTE,PB,ETANOL,2509107,MARI,47000
2005,REGIÃO NORDESTE,PB,ETANOL,2509156,MARIZOPOLIS,50000
2005,REGIÃO NORDESTE,PB,ETANOL,2509206,MASSARANDUBA,8500
2005,REGIÃO NORDESTE,PB,ETANOL,2509305,MATARACA,45000
2005,REGIÃO NORDESTE,PB,ETANOL,2509396,MATUREIA,22500
2005,REGIÃO NORDESTE,PB,ETANOL,2509404,MOGEIRO,5000
2005,REGIÃO NORDESTE,PB,ETANOL,2509602,MONTE HOREBE,2500
2005,REGIÃO NORDESTE,PB,ETANOL,2509701,MONTEIRO,285000
2005,REGIÃO NORDESTE,PB,ETANOL,2509800,MULUNGU,4000
2005,REGIÃO NORDESTE,PB,ETANOL,2509909,NATUBA,45000
2005,REGIÃO NORDESTE,PB,ETANOL,2510105,NOVA FLORESTA,34000
2005,REGIÃO NORDESTE,PB,ETANOL,2510303,NOVA PALMEIRA,26000
2005,REGIÃO NORDESTE,PB,ETANOL,2510600,OURO VELHO,20000
2005,REGIÃO NORDESTE,PB,ETANOL,2510808,PATOS,954000
2005,REGIÃO NORDESTE,PB,ETANOL,2510907,PAULISTA,93000
2005,REGIÃO NORDESTE,PB,ETANOL,2511103,PEDRA LAVRADA,25000
2005,REGIÃO NORDESTE,PB,ETANOL,2511202,PEDRAS DE FOGO,40200
2005,REGIÃO NORDESTE,PB,ETANOL,2511301,PIANCO,87000
2005,REGIÃO NORDESTE,PB,ETANOL,2511400,PICUI,119000
2005,REGIÃO NORDESTE,PB,ETANOL,2511509,PILAR,43000
2005,REGIÃO NORDESTE,PB,ETANOL,2511608,PILOES,8050
2005,REGIÃO NORDESTE,PB,ETANOL,2511905,PITIMBU,25000
2005,REGIÃO NORDESTE,PB,ETANOL,2512002,POCINHOS,88000
2005,REGIÃO NORDESTE,PB,ETANOL,2512101,POMBAL,100000
2005,REGIÃO NORDESTE,PB,ETANOL,2512200,PRATA,18000
2005,REGIÃO NORDESTE,PB,ETANOL,2512309,PRINCESA ISABEL,56500
2005,REGIÃO NORDESTE,PB,ETANOL,2512408,PUXINANA,55000
2005,REGIÃO NORDESTE,PB,ETANOL,2512507,QUEIMADAS,402600
2005,REGIÃO NORDESTE,PB,ETANOL,2512705,REMIGIO,248200
2005,REGIÃO NORDESTE,PB,ETANOL,2512721,PEDRO REGIS,5000
2005,REGIÃO NORDESTE,PB,ETANOL,2512762,RIACHAO DO POCO,5000
2005,REGIÃO NORDESTE,PB,ETANOL,2512903,RIO TINTO,223000
2005,REGIÃO NORDESTE,PB,ETANOL,2513109,SALGADO DE SAO FELIX,20000
2005,REGIÃO NORDESTE,PB,ETANOL,2513208,SANTA CRUZ,8000
2005,REGIÃO NORDESTE,PB,ETANOL,2513356,SANTA INES,16000
2005,REGIÃO NORDESTE,PB,ETANOL,2513406,SANTA LUZIA,151000
2005,REGIÃO NORDESTE,PB,ETANOL,2513703,SANTA RITA,1678000
2005,REGIÃO NORDESTE,PB,ETANOL,2513802,SANTA TERESINHA,14000
2005,REGIÃO NORDESTE,PB,ETANOL,2513851,SANTO ANDRE,5000
2005,REGIÃO NORDESTE,PB,ETANOL,2513901,SAO BENTO,96908
2005,REGIÃO NORDESTE,PB,ETANOL,2513927,SAO BENTINHO,23000
2005,REGIÃO NORDESTE,PB,ETANOL,2514008,SAO JOAO DO CARIRI,52000
2005,REGIÃO NORDESTE,PB,ETANOL,2514503,SAO JOSE DE PIRANHAS,70000
2005,REGIÃO NORDESTE,PB,ETANOL,2514909,SAO MAMEDE,35000
2005,REGIÃO NORDESTE,PB,ETANOL,2515005,SAO MIGUEL DE TAIPU,60000
2005,REGIÃO NORDESTE,PB,ETANOL,2515104,SAO SEBASTIAO DE LAGOA,195000
2005,REGIÃO NORDESTE,PB,ETANOL,2515203,SAO SEBASTIAO DO UMBUZ,20000
2005,REGIÃO NORDESTE,PB,ETANOL,2515302,SAPE,524000
2005,REGIÃO NORDESTE,PB,ETANOL,2515401,SERIDO,65000
2005,REGIÃO NORDESTE,PB,ETANOL,2515500,SERRA BRANCA,145000
2005,REGIÃO NORDESTE,PB,ETANOL,2515807,SERRA REDONDA,23000
2005,REGIÃO NORDESTE,PB,ETANOL,2515971,SOBRADO,100000
2005,REGIÃO NORDESTE,PB,ETANOL,2516003,SOLANEA,267000
2005,REGIÃO NORDESTE,PB,ETANOL,2516102,SOLEDADE,206000
2005,REGIÃO NORDESTE,PB,ETANOL,2516201,SOUSA,504000
2005,REGIÃO NORDESTE,PB,ETANOL,2516300,SUME,205000
2005,REGIÃO NORDESTE,PB,ETANOL,2516409,CAMPO DE SANTANA,36000
2005,REGIÃO NORDESTE,PB,ETANOL,2516508,TAPEROA,48000
2005,REGIÃO NORDESTE,PB,ETANOL,2516607,TAVARES,10000
2005,REGIÃO NORDESTE,PB,ETANOL,2516706,TEIXEIRA,97500
2005,REGIÃO NORDESTE,PB,ETANOL,2516904,UIRAUNA,67000
2005,REGIÃO NORDESTE,PB,ETANOL,2517001,UMBUZEIRO,42000
2005,REGIÃO NORDESTE,PB,ETANOL,2517100,VARZEA,18000
2006,REGIÃO NORDESTE,PB,ETANOL,2500304,ALAGOA GRANDE,168000
2006,REGIÃO NORDESTE,PB,ETANOL,2500403,ALAGOA NOVA,34950
2006,REGIÃO NORDESTE,PB,ETANOL,2500502,ALAGOINHA,95500
2006,REGIÃO NORDESTE,PB,ETANOL,2500536,ALCANTIL,6000
2006,REGIÃO NORDESTE,PB,ETANOL,2500601,ALHANDRA,373400
2006,REGIÃO NORDESTE,PB,ETANOL,2500700,SAO JOAO DO RIO DO PEI,48990
2006,REGIÃO NORDESTE,PB,ETANOL,2500775,APARECIDA,45000
2006,REGIÃO NORDESTE,PB,ETANOL,2500809,ARACAGI,50000
2006,REGIÃO NORDESTE,PB,ETANOL,2500908,ARARA,46000
2006,REGIÃO NORDESTE,PB,ETANOL,2501005,ARARUNA,70000
2006,REGIÃO NORDESTE,PB,ETANOL,2501104,AREIA,111950
2006,REGIÃO NORDESTE,PB,ETANOL,2501203,AREIAL,21500
2006,REGIÃO NORDESTE,PB,ETANOL,2501302,AROEIRAS,35000
2006,REGIÃO NORDESTE,PB,ETANOL,2501351,ASSUNCAO,30000
2006,REGIÃO NORDESTE,PB,ETANOL,2501401,BAIA DA TRAICAO,23000
2006,REGIÃO NORDESTE,PB,ETANOL,2501500,BANANEIRAS,56000
2006,REGIÃO NORDESTE,PB,ETANOL,2501534,BARAUNA,40000
2006,REGIÃO NORDESTE,PB,ETANOL,2501575,BARRA DE SANTANA,3000
2006,REGIÃO NORDESTE,PB,ETANOL,2501609,BARRA DE SANTA ROSA,99550
2006,REGIÃO NORDESTE,PB,ETANOL,2501807,BAYEUX,1369000
2006,REGIÃO NORDESTE,PB,ETANOL,2501906,BELEM,422000
2006,REGIÃO NORDESTE,PB,ETANOL,2502151,BOA VISTA,55000
2006,REGIÃO NORDESTE,PB,ETANOL,2502409,BONITO DE SANTA FE,29950
2006,REGIÃO NORDESTE,PB,ETANOL,2502508,BOQUEIRAO,117000
2006,REGIÃO NORDESTE,PB,ETANOL,2502706,BORBOREMA,39500
2006,REGIÃO NORDESTE,PB,ETANOL,2502805,BREJO DO CRUZ,38000
2006,REGIÃO NORDESTE,PB,ETANOL,2502904,BREJO DOS SANTOS,17000
2006,REGIÃO NORDESTE,PB,ETANOL,2503001,CAAPORA,120000
2006,REGIÃO NORDESTE,PB,ETANOL,2503100,CABACEIRAS,49100
2006,REGIÃO NORDESTE,PB,ETANOL,2503209,CABEDELO,1337473
2006,REGIÃO NORDESTE,PB,ETANOL,2503308,CACHOEIRA DOS INDIOS,200000
2006,REGIÃO NORDESTE,PB,ETANOL,2503506,CACIMBA DE DENTRO,85000
2006,REGIÃO NORDESTE,PB,ETANOL,2503605,CAICARA,72500
2006,REGIÃO NORDESTE,PB,ETANOL,2503704,CAJAZEIRAS,701000
2006,REGIÃO NORDESTE,PB,ETANOL,2503803,CALDAS BRANDAO,180000
2006,REGIÃO NORDESTE,PB,ETANOL,2503902,CAMALAU,25000
2006,REGIÃO NORDESTE,PB,ETANOL,2504009,CAMPINA GRANDE,4603430
2006,REGIÃO NORDESTE,PB,ETANOL,2504033,CAPIM,2500
2006,REGIÃO NORDESTE,PB,ETANOL,2504306,CATOLE DO ROCHA,233100
2006,REGIÃO NORDESTE,PB,ETANOL,2504355,CATURITE,18500
2006,REGIÃO NORDESTE,PB,ETANOL,2504405,CONCEICAO,53000
2006,REGIÃO NORDESTE,PB,ETANOL,2504504,CONDADO,55000
2006,REGIÃO NORDESTE,PB,ETANOL,2504603,CONDE,338500
2006,REGIÃO NORDESTE,PB,ETANOL,2504702,CONGO,23000
2006,REGIÃO NORDESTE,PB,ETANOL,2504900,CRUZ DO ESPIRITO SANTO,24500
2006,REGIÃO NORDESTE,PB,ETANOL,2505006,CUBATI,51000
2006,REGIÃO NORDESTE,PB,ETANOL,2505105,CUITE,84500
2006,REGIÃO NORDESTE,PB,ETANOL,2505204,CUITEGI,90000
2006,REGIÃO NORDESTE,PB,ETANOL,2505352,DAMIAO,20500
2006,REGIÃO NORDESTE,PB,ETANOL,2505402,DESTERRO,66000
2006,REGIÃO NORDESTE,PB,ETANOL,2505709,DONA INES,31000
2006,REGIÃO NORDESTE,PB,ETANOL,2506004,ESPERANCA,237000
2006,REGIÃO NORDESTE,PB,ETANOL,2506103,FAGUNDES,33480
2006,REGIÃO NORDESTE,PB,ETANOL,2506301,GUARABIRA,975950
2006,REGIÃO NORDESTE,PB,ETANOL,2506400,GURINHEM,390500
2006,REGIÃO NORDESTE,PB,ETANOL,2506509,GURJAO,25000
2006,REGIÃO NORDESTE,PB,ETANOL,2506707,IMACULADA,30000
2006,REGIÃO NORDESTE,PB,ETANOL,2506806,INGA,136500
2006,REGIÃO NORDESTE,PB,ETANOL,2506905,ITABAIANA,426000
2006,REGIÃO NORDESTE,PB,ETANOL,2507002,ITAPORANGA,123000
2006,REGIÃO NORDESTE,PB,ETANOL,2507101,ITAPOROROCA,137500
2006,REGIÃO NORDESTE,PB,ETANOL,2507309,JACARAU,135000
2006,REGIÃO NORDESTE,PB,ETANOL,2507507,JOAO PESSOA,12641800
2006,REGIÃO NORDESTE,PB,ETANOL,2507606,JUAREZ TAVORA,40000
2006,REGIÃO NORDESTE,PB,ETANOL,2507705,JUAZEIRINHO,93000
2006,REGIÃO NORDESTE,PB,ETANOL,2507804,JUNCO DO SERIDO,15000
2006,REGIÃO NORDESTE,PB,ETANOL,2507903,JURIPIRANGA,15000
2006,REGIÃO NORDESTE,PB,ETANOL,2508000,JURU,57000
2006,REGIÃO NORDESTE,PB,ETANOL,2508208,LAGOA DE DENTRO,23000
2006,REGIÃO NORDESTE,PB,ETANOL,2508307,LAGOA SECA,155000
2006,REGIÃO NORDESTE,PB,ETANOL,2508505,LIVRAMENTO,14000
2006,REGIÃO NORDESTE,PB,ETANOL,2508604,LUCENA,96000
2006,REGIÃO NORDESTE,PB,ETANOL,2508802,MALTA,10000
2006,REGIÃO NORDESTE,PB,ETANOL,2508901,MAMANGUAPE,1181751
2006,REGIÃO NORDESTE,PB,ETANOL,2509107,MARI,75500
2006,REGIÃO NORDESTE,PB,ETANOL,2509156,MARIZOPOLIS,50000
2006,REGIÃO NORDESTE,PB,ETANOL,2509206,MASSARANDUBA,16000
2006,REGIÃO NORDESTE,PB,ETANOL,2509305,MATARACA,18000
2006,REGIÃO NORDESTE,PB,ETANOL,2509396,MATUREIA,15000
2006,REGIÃO NORDESTE,PB,ETANOL,2509404,MOGEIRO,20000
2006,REGIÃO NORDESTE,PB,ETANOL,2509701,MONTEIRO,256000
2006,REGIÃO NORDESTE,PB,ETANOL,2509909,NATUBA,41000
2006,REGIÃO NORDESTE,PB,ETANOL,2510105,NOVA FLORESTA,40000
2006,REGIÃO NORDESTE,PB,ETANOL,2510303,NOVA PALMEIRA,38000
2006,REGIÃO NORDESTE,PB,ETANOL,2510600,OURO VELHO,10000
2006,REGIÃO NORDESTE,PB,ETANOL,2510808,PATOS,979000
2006,REGIÃO NORDESTE,PB,ETANOL,2510907,PAULISTA,10500
2006,REGIÃO NORDESTE,PB,ETANOL,2511103,PEDRA LAVRADA,5000
2006,REGIÃO NORDESTE,PB,ETANOL,2511202,PEDRAS DE FOGO,70000
2006,REGIÃO NORDESTE,PB,ETANOL,2511301,PIANCO,83000
2006,REGIÃO NORDESTE,PB,ETANOL,2511400,PICUI,139000
2006,REGIÃO NORDESTE,PB,ETANOL,2511509,PILAR,35000
2006,REGIÃO NORDESTE,PB,ETANOL,2511608,PILOES,18300
2006,REGIÃO NORDESTE,PB,ETANOL,2511707,PILOEZINHOS,17500
2006,REGIÃO NORDESTE,PB,ETANOL,2511806,PIRPIRITUBA,5000
2006,REGIÃO NORDESTE,PB,ETANOL,2511905,PITIMBU,39500
2006,REGIÃO NORDESTE,PB,ETANOL,2512002,POCINHOS,58000
2006,REGIÃO NORDESTE,PB,ETANOL,2512101,POMBAL,110500
2006,REGIÃO NORDESTE,PB,ETANOL,2512200,PRATA,21000
2006,REGIÃO NORDESTE,PB,ETANOL,2512309,PRINCESA ISABEL,51500
2006,REGIÃO NORDESTE,PB,ETANOL,2512408,PUXINANA,80000
2006,REGIÃO NORDESTE,PB,ETANOL,2512507,QUEIMADAS,423200
2006,REGIÃO NORDESTE,PB,ETANOL,2512705,REMIGIO,225900
2006,REGIÃO NORDESTE,PB,ETANOL,2512721,PEDRO REGIS,2500
2006,REGIÃO NORDESTE,PB,ETANOL,2512754,RIACHAO DO BACAMARTE,20000
2006,REGIÃO NORDESTE,PB,ETANOL,2512762,RIACHAO DO POCO,7500
2006,REGIÃO NORDESTE,PB,ETANOL,2512903,RIO TINTO,216480
2006,REGIÃO NORDESTE,PB,ETANOL,2513109,SALGADO DE SAO FELIX,35000
2006,REGIÃO NORDESTE,PB,ETANOL,2513208,SANTA CRUZ,6990
2006,REGIÃO NORDESTE,PB,ETANOL,2513406,SANTA LUZIA,154500
2006,REGIÃO NORDESTE,PB,ETANOL,2513703,SANTA RITA,1176480
2006,REGIÃO NORDESTE,PB,ETANOL,2513802,SANTA TERESINHA,20000
2006,REGIÃO NORDESTE,PB,ETANOL,2513851,SANTO ANDRE,15000
2006,REGIÃO NORDESTE,PB,ETANOL,2513901,SAO BENTO,117880
2006,REGIÃO NORDESTE,PB,ETANOL,2513927,SAO BENTINHO,26500
2006,REGIÃO NORDESTE,PB,ETANOL,2514008,SAO JOAO DO CARIRI,45000
2006,REGIÃO NORDESTE,PB,ETANOL,2514503,SAO JOSE DE PIRANHAS,75000
2006,REGIÃO NORDESTE,PB,ETANOL,2514909,SAO MAMEDE,22500
2006,REGIÃO NORDESTE,PB,ETANOL,2515005,SAO MIGUEL DE TAIPU,50460
2006,REGIÃO NORDESTE,PB,ETANOL,2515104,SAO SEBASTIAO DE LAGOA,194370
2006,REGIÃO NORDESTE,PB,ETANOL,2515203,SAO SEBASTIAO DO UMBUZ,30000
2006,REGIÃO NORDESTE,PB,ETANOL,2515302,SAPE,779000
2006,REGIÃO NORDESTE,PB,ETANOL,2515401,SERIDO,10000
2006,REGIÃO NORDESTE,PB,ETANOL,2515500,SERRA BRANCA,130000
2006,REGIÃO NORDESTE,PB,ETANOL,2515807,SERRA REDONDA,27000
2006,REGIÃO NORDESTE,PB,ETANOL,2515971,SOBRADO,75000
2006,REGIÃO NORDESTE,PB,ETANOL,2516003,SOLANEA,309950
2006,REGIÃO NORDESTE,PB,ETANOL,2516102,SOLEDADE,232640
2006,REGIÃO NORDESTE,PB,ETANOL,2516201,SOUSA,433450
2006,REGIÃO NORDESTE,PB,ETANOL,2516300,SUME,188000
2006,REGIÃO NORDESTE,PB,ETANOL,2516409,CAMPO DE SANTANA,40000
2006,REGIÃO NORDESTE,PB,ETANOL,2516508,TAPEROA,65000
2006,REGIÃO NORDESTE,PB,ETANOL,2516607,TAVARES,4000
2006,REGIÃO NORDESTE,PB,ETANOL,2516706,TEIXEIRA,90000
2006,REGIÃO NORDESTE,PB,ETANOL,2516904,UIRAUNA,104480
2006,REGIÃO NORDESTE,PB,ETANOL,2517001,UMBUZEIRO,20500
2006,REGIÃO NORDESTE,PB,ETANOL,2517100,VARZEA,19000
2007,REGIÃO NORDESTE,PB,ETANOL,2500304,ALAGOA GRANDE,167000
2007,REGIÃO NORDESTE,PB,ETANOL,2500403,ALAGOA NOVA,36133
2007,REGIÃO NORDESTE,PB,ETANOL,2500502,ALAGOINHA,109200
2007,REGIÃO NORDESTE,PB,ETANOL,2500536,ALCANTIL,34500
2007,REGIÃO NORDESTE,PB,ETANOL,2500601,ALHANDRA,527300
2007,REGIÃO NORDESTE,PB,ETANOL,2500734,AMPARO,16000
2007,REGIÃO NORDESTE,PB,ETANOL,2500775,APARECIDA,75000
2007,REGIÃO NORDESTE,PB,ETANOL,2500809,ARACAGI,77000
2007,REGIÃO NORDESTE,PB,ETANOL,2500908,ARARA,114600
2007,REGIÃO NORDESTE,PB,ETANOL,2501005,ARARUNA,95000
2007,REGIÃO NORDESTE,PB,ETANOL,2501104,AREIA,130000
2007,REGIÃO NORDESTE,PB,ETANOL,2501203,AREIAL,20980
2007,REGIÃO NORDESTE,PB,ETANOL,2501302,AROEIRAS,45000
2007,REGIÃO NORDESTE,PB,ETANOL,2501351,ASSUNCAO,25000
2007,REGIÃO NORDESTE,PB,ETANOL,2501401,BAIA DA TRAICAO,48500
2007,REGIÃO NORDESTE,PB,ETANOL,2501534,BARAUNA,30000
2007,REGIÃO NORDESTE,PB,ETANOL,2501609,BARRA DE SANTA ROSA,146150
2007,REGIÃO NORDESTE,PB,ETANOL,2501708,BARRA DE SAO MIGUEL,23000
2007,REGIÃO NORDESTE,PB,ETANOL,2501807,BAYEUX,2626700
2007,REGIÃO NORDESTE,PB,ETANOL,2501906,BELEM,458500
2007,REGIÃO NORDESTE,PB,ETANOL,2502409,BONITO DE SANTA FE,29780
2007,REGIÃO NORDESTE,PB,ETANOL,2502508,BOQUEIRAO,112500
2007,REGIÃO NORDESTE,PB,ETANOL,2502706,BORBOREMA,96500
2007,REGIÃO NORDESTE,PB,ETANOL,2502805,BREJO DO CRUZ,52000
2007,REGIÃO NORDESTE,PB,ETANOL,2502904,BREJO DOS SANTOS,15000
2007,REGIÃO NORDESTE,PB,ETANOL,2503001,CAAPORÃ,141537
2007,REGIÃO NORDESTE,PB,ETANOL,2503100,CABACEIRAS,36000
2007,REGIÃO NORDESTE,PB,ETANOL,2503209,CABEDELO,3139750
2007,REGIÃO NORDESTE,PB,ETANOL,2503308,CACHOEIRA DOS INDIOS,181000
2007,REGIÃO NORDESTE,PB,ETANOL,2503506,CACIMBA DE DENTRO,96050
2007,REGIÃO NORDESTE,PB,ETANOL,2503605,CAICARA,82500
2007,REGIÃO NORDESTE,PB,ETANOL,2503704,CAJAZEIRAS,739000
2007,REGIÃO NORDESTE,PB,ETANOL,2503803,CALDAS BRANDAO,350000
2007,REGIÃO NORDESTE,PB,ETANOL,2503902,CAMALAU,45000
2007,REGIÃO NORDESTE,PB,ETANOL,2504009,CAMPINA GRANDE,11856869
2007,REGIÃO NORDESTE,PB,ETANOL,2516409,CAMPO DE SANTANA,25000
2007,REGIÃO NORDESTE,PB,ETANOL,2504033,CAPIM,78100
2007,REGIÃO NORDESTE,PB,ETANOL,2504207,CATINGUEIRA,21000
2007,REGIÃO NORDESTE,PB,ETANOL,2504306,CATOLE DO ROCHA,211000
2007,REGIÃO NORDESTE,PB,ETANOL,2504355,CATURITE,29500
2007,REGIÃO NORDESTE,PB,ETANOL,2504405,CONCEICAO,74965
2007,REGIÃO NORDESTE,PB,ETANOL,2504504,CONDADO,88500
2007,REGIÃO NORDESTE,PB,ETANOL,2504603,CONDE,535500
2007,REGIÃO NORDESTE,PB,ETANOL,2504702,CONGO,26000
2007,REGIÃO NORDESTE,PB,ETANOL,2504801,COREMAS,17970
2007,REGIÃO NORDESTE,PB,ETANOL,2504900,CRUZ DO ESPIRITO SANTO,83000
2007,REGIÃO NORDESTE,PB,ETANOL,2505006,CUBATI,81000
2007,REGIÃO NORDESTE,PB,ETANOL,2505105,CUITE,132500
2007,REGIÃO NORDESTE,PB,ETANOL,2505204,CUITEGI,85000
2007,REGIÃO NORDESTE,PB,ETANOL,2505352,DAMIAO,11500
2007,REGIÃO NORDESTE,PB,ETANOL,2505402,DESTERRO,73500
2007,REGIÃO NORDESTE,PB,ETANOL,2505709,DONA INES,32500
2007,REGIÃO NORDESTE,PB,ETANOL,2505907,EMAS,15000
2007,REGIÃO NORDESTE,PB,ETANOL,2506004,ESPERANCA,205000
2007,REGIÃO NORDESTE,PB,ETANOL,2506103,FAGUNDES,20480
2007,REGIÃO NORDESTE,PB,ETANOL,2506251,GADO BRAVO,10000
2007,REGIÃO NORDESTE,PB,ETANOL,2506301,GUARABIRA,1273050
2007,REGIÃO NORDESTE,PB,ETANOL,2506400,GURINHEM,484000
2007,REGIÃO NORDESTE,PB,ETANOL,2506509,GURJAO,20000
2007,REGIÃO NORDESTE,PB,ETANOL,2502607,IGARACY,15000
2007,REGIÃO NORDESTE,PB,ETANOL,2506707,IMACULADA,27000
2007,REGIÃO NORDESTE,PB,ETANOL,2506806,INGA,206000
2007,REGIÃO NORDESTE,PB,ETANOL,2506905,ITABAIANA,312450
2007,REGIÃO NORDESTE,PB,ETANOL,2507002,ITAPORANGA,104940
2007,REGIÃO NORDESTE,PB,ETANOL,2507101,ITAPOROROCA,151330
2007,REGIÃO NORDESTE,PB,ETANOL,2507309,JACARAU,128100
2007,REGIÃO NORDESTE,PB,ETANOL,2507507,JOAO PESSOA,23914100
2007,REGIÃO NORDESTE,PB,ETANOL,2507606,JUAREZ TAVORA,25100
2007,REGIÃO NORDESTE,PB,ETANOL,2507705,JUAZEIRINHO,123980
2007,REGIÃO NORDESTE,PB,ETANOL,2507804,JUNCO DO SERIDO,55000
2007,REGIÃO NORDESTE,PB,ETANOL,2508000,JURU,34500
2007,REGIÃO NORDESTE,PB,ETANOL,2508208,LAGOA DE DENTRO,40500
2007,REGIÃO NORDESTE,PB,ETANOL,2508307,LAGOA SECA,263500
2007,REGIÃO NORDESTE,PB,ETANOL,2508505,LIVRAMENTO,10500
2007,REGIÃO NORDESTE,PB,ETANOL,2508604,LUCENA,93000
2007,REGIÃO NORDESTE,PB,ETANOL,2508802,MALTA,10500
2007,REGIÃO NORDESTE,PB,ETANOL,2508901,MAMANGUAPE,1646988
2007,REGIÃO NORDESTE,PB,ETANOL,2509107,MARI,165850
2007,REGIÃO NORDESTE,PB,ETANOL,2509156,MARIZOPOLIS,45000
2007,REGIÃO NORDESTE,PB,ETANOL,2509206,MASSARANDUBA,2500
2007,REGIÃO NORDESTE,PB,ETANOL,2509305,MATARACA,74000
2007,REGIÃO NORDESTE,PB,ETANOL,2509396,MATUREIA,21000
2007,REGIÃO NORDESTE,PB,ETANOL,2509404,MOGEIRO,2500
2007,REGIÃO NORDESTE,PB,ETANOL,2509701,MONTEIRO,330990
2007,REGIÃO NORDESTE,PB,ETANOL,2509909,NATUBA,67000
2007,REGIÃO NORDESTE,PB,ETANOL,2510105,NOVA FLORESTA,52000
2007,REGIÃO NORDESTE,PB,ETANOL,2510204,NOVA OLINDA,5000
2007,REGIÃO NORDESTE,PB,ETANOL,2510303,NOVA PALMEIRA,15000
2007,REGIÃO NORDESTE,PB,ETANOL,2510600,OURO VELHO,15000
2007,REGIÃO NORDESTE,PB,ETANOL,2510808,PATOS,1314000
2007,REGIÃO NORDESTE,PB,ETANOL,2510907,PAULISTA,17500
2007,REGIÃO NORDESTE,PB,ETANOL,2511202,PEDRAS DE FOGO,114500
2007,REGIÃO NORDESTE,PB,ETANOL,2512721,PEDRO REGIS,10000
2007,REGIÃO NORDESTE,PB,ETANOL,2511301,PIANCO,116950
2007,REGIÃO NORDESTE,PB,ETANOL,2511400,PICUI,146000
2007,REGIÃO NORDESTE,PB,ETANOL,2511509,PILAR,41500
2007,REGIÃO NORDESTE,PB,ETANOL,2511608,PILOES,21250
2007,REGIÃO NORDESTE,PB,ETANOL,2511707,PILOEZINHOS,12500
2007,REGIÃO NORDESTE,PB,ETANOL,2511806,PIRPIRITUBA,82000
2007,REGIÃO NORDESTE,PB,ETANOL,2511905,PITIMBU,38500
2007,REGIÃO NORDESTE,PB,ETANOL,2512101,POMBAL,126000
2007,REGIÃO NORDESTE,PB,ETANOL,2512200,PRATA,29000
2007,REGIÃO NORDESTE,PB,ETANOL,2512309,PRINCESA ISABEL,65000
2007,REGIÃO NORDESTE,PB,ETANOL,2512408,PUXINANA,60000
2007,REGIÃO NORDESTE,PB,ETANOL,2512507,QUEIMADAS,500000
2007,REGIÃO NORDESTE,PB,ETANOL,2512705,REMIGIO,400200
2007,REGIÃO NORDESTE,PB,ETANOL,2512762,RIACHAO DO POCO,227600
2007,REGIÃO NORDESTE,PB,ETANOL,2512903,RIO TINTO,312500
2007,REGIÃO NORDESTE,PB,ETANOL,2513109,SALGADO DE SAO FELIX,25000
2007,REGIÃO NORDESTE,PB,ETANOL,2513208,SANTA CRUZ,9490
2007,REGIÃO NORDESTE,PB,ETANOL,2513307,SANTA HELENA,6000
2007,REGIÃO NORDESTE,PB,ETANOL,2513406,SANTA LUZIA,185000
2007,REGIÃO NORDESTE,PB,ETANOL,2513703,SANTA RITA,2147980
2007,REGIÃO NORDESTE,PB,ETANOL,2513802,SANTA TERESINHA,38000
2007,REGIÃO NORDESTE,PB,ETANOL,2513851,SANTO ANDRE,574398
2007,REGIÃO NORDESTE,PB,ETANOL,2513927,SAO BENTINHO,42940
2007,REGIÃO NORDESTE,PB,ETANOL,2513901,SAO BENTO,150000
2007,REGIÃO NORDESTE,PB,ETANOL,2514008,SAO JOAO DO CARIRI,40000
2007,REGIÃO NORDESTE,PB,ETANOL,2500700,SAO JOAO DO RIO DO PEIXE,81000
2007,REGIÃO NORDESTE,PB,ETANOL,2514503,SAO JOSE DE PIRANHAS,110000
2007,REGIÃO NORDESTE,PB,ETANOL,2514909,SAO MAMEDE,20000
2007,REGIÃO NORDESTE,PB,ETANOL,2515005,SAO MIGUEL DE TAIPU,69480
2007,REGIÃO NORDESTE,PB,ETANOL,2515104,SAO SEBASTIAO DE LAGOA DE ROCA,202500
2007,REGIÃO NORDESTE,PB,ETANOL,2515203,SAO SEBASTIAO DO UMBUZEIRO,10000
2007,REGIÃO NORDESTE,PB,ETANOL,2515302,SAPE,972780
2007,REGIÃO NORDESTE,PB,ETANOL,2515500,SERRA BRANCA,143000
2007,REGIÃO NORDESTE,PB,ETANOL,2515807,SERRA REDONDA,25000
2007,REGIÃO NORDESTE,PB,ETANOL,2515906,SERRARIA,11000
2007,REGIÃO NORDESTE,PB,ETANOL,2515930,SERTAOZINHO,10000
2007,REGIÃO NORDESTE,PB,ETANOL,2515971,SOBRADO,16500
2007,REGIÃO NORDESTE,PB,ETANOL,2516003,SOLANEA,379180
2007,REGIÃO NORDESTE,PB,ETANOL,2516102,SOLEDADE,136530
2007,REGIÃO NORDESTE,PB,ETANOL,2516201,SOUSA,612400
2007,REGIÃO NORDESTE,PB,ETANOL,2516300,SUME,222000
2007,REGIÃO NORDESTE,PB,ETANOL,2516508,TAPEROA,55000
2007,REGIÃO NORDESTE,PB,ETANOL,2516706,TEIXEIRA,119000
2007,REGIÃO NORDESTE,PB,ETANOL,2516805,TRIUNFO,10000
2007,REGIÃO NORDESTE,PB,ETANOL,2516904,UIRAUNA,127990
2007,REGIÃO NORDESTE,PB,ETANOL,2517001,UMBUZEIRO,15000
2007,REGIÃO NORDESTE,PB,ETANOL,2517100,VARZEA,15000
2008,REGIÃO NORDESTE,PB,ETANOL,2500304,ALAGOA GRANDE,186500
2008,REGIÃO NORDESTE,PB,ETANOL,2500403,ALAGOA NOVA,54000
2008,REGIÃO NORDESTE,PB,ETANOL,2500502,ALAGOINHA,110500
2008,REGIÃO NORDESTE,PB,ETANOL,2500536,ALCANTIL,44500
2008,REGIÃO NORDESTE,PB,ETANOL,2500601,ALHANDRA,1445100
2008,REGIÃO NORDESTE,PB,ETANOL,2500734,AMPARO,18000
2008,REGIÃO NORDESTE,PB,ETANOL,2500775,APARECIDA,110000
2008,REGIÃO NORDESTE,PB,ETANOL,2500809,ARACAGI,94000
2008,REGIÃO NORDESTE,PB,ETANOL,2500908,ARARA,149500
2008,REGIÃO NORDESTE,PB,ETANOL,2501005,ARARUNA,150000
2008,REGIÃO NORDESTE,PB,ETANOL,2501104,AREIA,153000
2008,REGIÃO NORDESTE,PB,ETANOL,2501203,AREIAL,30500
2008,REGIÃO NORDESTE,PB,ETANOL,2501302,AROEIRAS,57000
2008,REGIÃO NORDESTE,PB,ETANOL,2501351,ASSUNCAO,35500
2008,REGIÃO NORDESTE,PB,ETANOL,2501401,BAIA DA TRAICAO,60000
2008,REGIÃO NORDESTE,PB,ETANOL,2501500,BANANEIRAS,5000
2008,REGIÃO NORDESTE,PB,ETANOL,2501534,BARAUNA,40000
2008,REGIÃO NORDESTE,PB,ETANOL,2501609,BARRA DE SANTA ROSA,219100
2008,REGIÃO NORDESTE,PB,ETANOL,2501708,BARRA DE SAO MIGUEL,20000
2008,REGIÃO NORDESTE,PB,ETANOL,2501807,BAYEUX,3707500
2008,REGIÃO NORDESTE,PB,ETANOL,2501906,BELEM,527500
2008,REGIÃO NORDESTE,PB,ETANOL,2502003,BELEM DO BREJO DO CRUZ,33000
2008,REGIÃO NORDESTE,PB,ETANOL,2502409,BONITO DE SANTA FE,34840
2008,REGIÃO NORDESTE,PB,ETANOL,2502508,BOQUEIRAO,132500
2008,REGIÃO NORDESTE,PB,ETANOL,2502706,BORBOREMA,123000
2008,REGIÃO NORDESTE,PB,ETANOL,2502805,BREJO DO CRUZ,71000
2008,REGIÃO NORDESTE,PB,ETANOL,2502904,BREJO DOS SANTOS,20000
2008,REGIÃO NORDESTE,PB,ETANOL,2503001,CAAPORÃ,435500
2008,REGIÃO NORDESTE,PB,ETANOL,2503100,CABACEIRAS,40500
2008,REGIÃO NORDESTE,PB,ETANOL,2503209,CABEDELO,4751000
2008,REGIÃO NORDESTE,PB,ETANOL,2503308,CACHOEIRA DOS INDIOS,324450
2008,REGIÃO NORDESTE,PB,ETANOL,2503506,CACIMBA DE DENTRO,147500
2008,REGIÃO NORDESTE,PB,ETANOL,2503605,CAICARA,103000
2008,REGIÃO NORDESTE,PB,ETANOL,2503704,CAJAZEIRAS,1054000
2008,REGIÃO NORDESTE,PB,ETANOL,2503803,CALDAS BRANDAO,665000
2008,REGIÃO NORDESTE,PB,ETANOL,2503902,CAMALAU,43000
2008,REGIÃO NORDESTE,PB,ETANOL,2504009,CAMPINA GRANDE,15145250
2008,REGIÃO NORDESTE,PB,ETANOL,2516409,CAMPO DE SANTANA,47000
2008,REGIÃO NORDESTE,PB,ETANOL,2504033,CAPIM,61000
2008,REGIÃO NORDESTE,PB,ETANOL,2504207,CATINGUEIRA,30000
2008,REGIÃO NORDESTE,PB,ETANOL,2504306,CATOLE DO ROCHA,353900
2008,REGIÃO NORDESTE,PB,ETANOL,2504355,CATURITE,29500
2008,REGIÃO NORDESTE,PB,ETANOL,2504405,CONCEICAO,85210
2008,REGIÃO NORDESTE,PB,ETANOL,2504504,CONDADO,113500
2008,REGIÃO NORDESTE,PB,ETANOL,2504603,CONDE,457000
2008,REGIÃO NORDESTE,PB,ETANOL,2504702,CONGO,26000
2008,REGIÃO NORDESTE,PB,ETANOL,2504801,COREMAS,25000
2008,REGIÃO NORDESTE,PB,ETANOL,2504900,CRUZ DO ESPIRITO SANTO,190000
2008,REGIÃO NORDESTE,PB,ETANOL,2505006,CUBATI,73940
2008,REGIÃO NORDESTE,PB,ETANOL,2505105,CUITE,193000
2008,REGIÃO NORDESTE,PB,ETANOL,2505238,CUITE DE MAMANGUAPE,5000
2008,REGIÃO NORDESTE,PB,ETANOL,2505204,CUITEGI,92500
2008,REGIÃO NORDESTE,PB,ETANOL,2505352,DAMIAO,7000
2008,REGIÃO NORDESTE,PB,ETANOL,2505402,DESTERRO,80000
2008,REGIÃO NORDESTE,PB,ETANOL,2505600,DIAMANTE,14950
2008,REGIÃO NORDESTE,PB,ETANOL,2505709,DONA INES,35000
2008,REGIÃO NORDESTE,PB,ETANOL,2506004,ESPERANCA,215000
2008,REGIÃO NORDESTE,PB,ETANOL,2506103,FAGUNDES,36000
2008,REGIÃO NORDESTE,PB,ETANOL,2506251,GADO BRAVO,43000
2008,REGIÃO NORDESTE,PB,ETANOL,2506301,GUARABIRA,1659350
2008,REGIÃO NORDESTE,PB,ETANOL,2506400,GURINHEM,598000
2008,REGIÃO NORDESTE,PB,ETANOL,2506509,GURJAO,20000
2008,REGIÃO NORDESTE,PB,ETANOL,2502607,IGARACY,10000
2008,REGIÃO NORDESTE,PB,ETANOL,2506707,IMACULADA,25000
2008,REGIÃO NORDESTE,PB,ETANOL,2506806,INGA,241000
2008,REGIÃO NORDESTE,PB,ETANOL,2506905,ITABAIANA,600850
2008,REGIÃO NORDESTE,PB,ETANOL,2507002,ITAPORANGA,130950
2008,REGIÃO NORDESTE,PB,ETANOL,2507101,ITAPOROROCA,172000
2008,REGIÃO NORDESTE,PB,ETANOL,2507200,ITATUBA,5500
2008,REGIÃO NORDESTE,PB,ETANOL,2507309,JACARAU,146500
2008,REGIÃO NORDESTE,PB,ETANOL,2507507,JOAO PESSOA,30303823
2008,REGIÃO NORDESTE,PB,ETANOL,2507606,JUAREZ TAVORA,30000
2008,REGIÃO NORDESTE,PB,ETANOL,2507705,JUAZEIRINHO,191960
2008,REGIÃO NORDESTE,PB,ETANOL,2507804,JUNCO DO SERIDO,80500
2008,REGIÃO NORDESTE,PB,ETANOL,2507903,JURIPIRANGA,85000
2008,REGIÃO NORDESTE,PB,ETANOL,2508000,JURU,38500
2008,REGIÃO NORDESTE,PB,ETANOL,2508208,LAGOA DE DENTRO,10000
2008,REGIÃO NORDESTE,PB,ETANOL,2508307,LAGOA SECA,440500
2008,REGIÃO NORDESTE,PB,ETANOL,2508505,LIVRAMENTO,20000
2008,REGIÃO NORDESTE,PB,ETANOL,2508604,LUCENA,105000
2008,REGIÃO NORDESTE,PB,ETANOL,2508802,MALTA,25000
2008,REGIÃO NORDESTE,PB,ETANOL,2508901,MAMANGUAPE,1698700
2008,REGIÃO NORDESTE,PB,ETANOL,2509107,MARI,288000
2008,REGIÃO NORDESTE,PB,ETANOL,2509156,MARIZOPOLIS,60000
2008,REGIÃO NORDESTE,PB,ETANOL,2509206,MASSARANDUBA,14000
2008,REGIÃO NORDESTE,PB,ETANOL,2509305,MATARACA,152000
2008,REGIÃO NORDESTE,PB,ETANOL,2509396,MATUREIA,24000
2008,REGIÃO NORDESTE,PB,ETANOL,2509503,MONTADAS,10000
2008,REGIÃO NORDESTE,PB,ETANOL,2509701,MONTEIRO,435500
2008,REGIÃO NORDESTE,PB,ETANOL,2509909,NATUBA,58000
2008,REGIÃO NORDESTE,PB,ETANOL,2510105,NOVA FLORESTA,108000
2008,REGIÃO NORDESTE,PB,ETANOL,2510303,NOVA PALMEIRA,52000
2008,REGIÃO NORDESTE,PB,ETANOL,2510600,OURO VELHO,18000
2008,REGIÃO NORDESTE,PB,ETANOL,2510808,PATOS,2060500
2008,REGIÃO NORDESTE,PB,ETANOL,2510907,PAULISTA,21500
2008,REGIÃO NORDESTE,PB,ETANOL,2511202,PEDRAS DE FOGO,173000
2008,REGIÃO NORDESTE,PB,ETANOL,2512721,PEDRO REGIS,14000
2008,REGIÃO NORDESTE,PB,ETANOL,2511301,PIANCO,147000
2008,REGIÃO NORDESTE,PB,ETANOL,2511400,PICUI,158000
2008,REGIÃO NORDESTE,PB,ETANOL,2511509,PILAR,47500
2008,REGIÃO NORDESTE,PB,ETANOL,2511608,PILOES,33400
2008,REGIÃO NORDESTE,PB,ETANOL,2511707,PILOEZINHOS,7500
2008,REGIÃO NORDESTE,PB,ETANOL,2511806,PIRPIRITUBA,96000
2008,REGIÃO NORDESTE,PB,ETANOL,2511905,PITIMBU,54500
2008,REGIÃO NORDESTE,PB,ETANOL,2512101,POMBAL,210500
2008,REGIÃO NORDESTE,PB,ETANOL,2512200,PRATA,42000
2008,REGIÃO NORDESTE,PB,ETANOL,2512309,PRINCESA ISABEL,112500
2008,REGIÃO NORDESTE,PB,ETANOL,2512408,PUXINANA,75000
2008,REGIÃO NORDESTE,PB,ETANOL,2512507,QUEIMADAS,600400
2008,REGIÃO NORDESTE,PB,ETANOL,2512705,REMIGIO,547000
2008,REGIÃO NORDESTE,PB,ETANOL,2512762,RIACHAO DO POCO,476500
2008,REGIÃO NORDESTE,PB,ETANOL,2512903,RIO TINTO,407000
2008,REGIÃO NORDESTE,PB,ETANOL,2513109,SALGADO DE SAO FELIX,67450
2008,REGIÃO NORDESTE,PB,ETANOL,2513208,SANTA CRUZ,6000
2008,REGIÃO NORDESTE,PB,ETANOL,2513307,SANTA HELENA,19470
2008,REGIÃO NORDESTE,PB,ETANOL,2513406,SANTA LUZIA,233500
2008,REGIÃO NORDESTE,PB,ETANOL,2513703,SANTA RITA,3741560
2008,REGIÃO NORDESTE,PB,ETANOL,2513802,SANTA TERESINHA,56500
2008,REGIÃO NORDESTE,PB,ETANOL,2513851,SANTO ANDRE,5686536
2008,REGIÃO NORDESTE,PB,ETANOL,2513927,SAO BENTINHO,49450
2008,REGIÃO NORDESTE,PB,ETANOL,2513901,SAO BENTO,160000
2008,REGIÃO NORDESTE,PB,ETANOL,2514008,SAO JOAO DO CARIRI,55000
2008,REGIÃO NORDESTE,PB,ETANOL,2500700,SAO JOAO DO RIO DO PEIXE,79990
2008,REGIÃO NORDESTE,PB,ETANOL,2514503,SAO JOSE DE PIRANHAS,150000
2008,REGIÃO NORDESTE,PB,ETANOL,2514909,SAO MAMEDE,33000
2008,REGIÃO NORDESTE,PB,ETANOL,2515005,SAO MIGUEL DE TAIPU,59500
2008,REGIÃO NORDESTE,PB,ETANOL,2515104,SAO SEBASTIAO DE LAGOA DE ROCA,209500
2008,REGIÃO NORDESTE,PB,ETANOL,2515203,SAO SEBASTIAO DO UMBUZEIRO,15000
2008,REGIÃO NORDESTE,PB,ETANOL,2515401,SAO VICENTE DO SERIDO,29500
2008,REGIÃO NORDESTE,PB,ETANOL,2515302,SAPE,897000
2008,REGIÃO NORDESTE,PB,ETANOL,2515500,SERRA BRANCA,160000
2008,REGIÃO NORDESTE,PB,ETANOL,2515807,SERRA REDONDA,23500
2008,REGIÃO NORDESTE,PB,ETANOL,2515906,SERRARIA,2500
2008,REGIÃO NORDESTE,PB,ETANOL,2515971,SOBRADO,242500
2008,REGIÃO NORDESTE,PB,ETANOL,2516003,SOLANEA,400500
2008,REGIÃO NORDESTE,PB,ETANOL,2516102,SOLEDADE,156300
2008,REGIÃO NORDESTE,PB,ETANOL,2516201,SOUSA,758850
2008,REGIÃO NORDESTE,PB,ETANOL,2516300,SUME,236000
2008,REGIÃO NORDESTE,PB,ETANOL,2516508,TAPEROA,50000
2008,REGIÃO NORDESTE,PB,ETANOL,2516706,TEIXEIRA,185000
2008,REGIÃO NORDESTE,PB,ETANOL,2516904,UIRAUNA,158380
2008,REGIÃO NORDESTE,PB,ETANOL,2517001,UMBUZEIRO,24500
2008,REGIÃO NORDESTE,PB,ETANOL,2517100,VARZEA,17000
2009,REGIÃO NORDESTE,PB,ETANOL,2500304,ALAGOA GRANDE,173500
2009,REGIÃO NORDESTE,PB,ETANOL,2500403,ALAGOA NOVA,47000
2009,REGIÃO NORDESTE,PB,ETANOL,2500502,ALAGOINHA,198500
2009,REGIÃO NORDESTE,PB,ETANOL,2500536,ALCANTIL,88500
2009,REGIÃO NORDESTE,PB,ETANOL,2500601,ALHANDRA,1594550
2009,REGIÃO NORDESTE,PB,ETANOL,2500734,AMPARO,12000
2009,REGIÃO NORDESTE,PB,ETANOL,2500775,APARECIDA,140000
2009,REGIÃO NORDESTE,PB,ETANOL,2500809,ARACAGI,106000
2009,REGIÃO NORDESTE,PB,ETANOL,2500908,ARARA,63500
2009,REGIÃO NORDESTE,PB,ETANOL,2501005,ARARUNA,146000
2009,REGIÃO NORDESTE,PB,ETANOL,2501104,AREIA,200000
2009,REGIÃO NORDESTE,PB,ETANOL,2501203,AREIAL,26000
2009,REGIÃO NORDESTE,PB,ETANOL,2501302,AROEIRAS,59000
2009,REGIÃO NORDESTE,PB,ETANOL,2501351,ASSUNCAO,33000
2009,REGIÃO NORDESTE,PB,ETANOL,2501401,BAIA DA TRAICAO,62500
2009,REGIÃO NORDESTE,PB,ETANOL,2501500,BANANEIRAS,54000
2009,REGIÃO NORDESTE,PB,ETANOL,2501534,BARAUNA,45000
2009,REGIÃO NORDESTE,PB,ETANOL,2501609,BARRA DE SANTA ROSA,175300
2009,REGIÃO NORDESTE,PB,ETANOL,2501575,BARRA DE SANTANA,210000
2009,REGIÃO NORDESTE,PB,ETANOL,2501708,BARRA DE SAO MIGUEL,31000
2009,REGIÃO NORDESTE,PB,ETANOL,2501807,BAYEUX,5222000
2009,REGIÃO NORDESTE,PB,ETANOL,2501906,BELEM,554500
2009,REGIÃO NORDESTE,PB,ETANOL,2502003,BELEM DO BREJO DO CRUZ,36000
2009,REGIÃO NORDESTE,PB,ETANOL,2502151,BOA VISTA,30000
2009,REGIÃO NORDESTE,PB,ETANOL,2502409,BONITO DE SANTA FE,38380
2009,REGIÃO NORDESTE,PB,ETANOL,2502508,BOQUEIRAO,170600
2009,REGIÃO NORDESTE,PB,ETANOL,2502706,BORBOREMA,44500
2009,REGIÃO NORDESTE,PB,ETANOL,2502805,BREJO DO CRUZ,73500
2009,REGIÃO NORDESTE,PB,ETANOL,2502904,BREJO DOS SANTOS,27000
2009,REGIÃO NORDESTE,PB,ETANOL,2503001,CAAPORA,383500
2009,REGIÃO NORDESTE,PB,ETANOL,2503100,CABACEIRAS,31500
2009,REGIÃO NORDESTE,PB,ETANOL,2503209,CABEDELO,7804500
2009,REGIÃO NORDESTE,PB,ETANOL,2503308,CACHOEIRA DOS INDIOS,398000
2009,REGIÃO NORDESTE,PB,ETANOL,2503506,CACIMBA DE DENTRO,120000
2009,REGIÃO NORDESTE,PB,ETANOL,2503605,CAICARA,94000
2009,REGIÃO NORDESTE,PB,ETANOL,2503704,CAJAZEIRAS,1269500
2009,REGIÃO NORDESTE,PB,ETANOL,2503803,CALDAS BRANDAO,445000
2009,REGIÃO NORDESTE,PB,ETANOL,2503902,CAMALAU,32000
2009,REGIÃO NORDESTE,PB,ETANOL,2504009,CAMPINA GRANDE,20040350
2009,REGIÃO NORDESTE,PB,ETANOL,2516409,CAMPO DE SANTANA,57000
2009,REGIÃO NORDESTE,PB,ETANOL,2504033,CAPIM,20000
2009,REGIÃO NORDESTE,PB,ETANOL,2504157,CASSERENGUE,23000
2009,REGIÃO NORDESTE,PB,ETANOL,2504207,CATINGUEIRA,33000
2009,REGIÃO NORDESTE,PB,ETANOL,2504306,CATOLE DO ROCHA,498500
2009,REGIÃO NORDESTE,PB,ETANOL,2504355,CATURITE,45000
2009,REGIÃO NORDESTE,PB,ETANOL,2504405,CONCEICAO,93620
2009,REGIÃO NORDESTE,PB,ETANOL,2504504,CONDADO,233000
2009,REGIÃO NORDESTE,PB,ETANOL,2504603,CONDE,395000
2009,REGIÃO NORDESTE,PB,ETANOL,2504702,CONGO,28000
2009,REGIÃO NORDESTE,PB,ETANOL,2504801,COREMAS,156500
2009,REGIÃO NORDESTE,PB,ETANOL,2504900,CRUZ DO ESPIRITO SANTO,253480
2009,REGIÃO NORDESTE,PB,ETANOL,2505006,CUBATI,33500
2009,REGIÃO NORDESTE,PB,ETANOL,2505105,CUITE,206000
2009,REGIÃO NORDESTE,PB,ETANOL,2505238,CUITE DE MAMANGUAPE,12500
2009,REGIÃO NORDESTE,PB,ETANOL,2505204,CUITEGI,118000
2009,REGIÃO NORDESTE,PB,ETANOL,2505352,DAMIAO,23500
2009,REGIÃO NORDESTE,PB,ETANOL,2505402,DESTERRO,90960
2009,REGIÃO NORDESTE,PB,ETANOL,2505600,DIAMANTE,22400
2009,REGIÃO NORDESTE,PB,ETANOL,2505709,DONA INES,35000
2009,REGIÃO NORDESTE,PB,ETANOL,2505808,DUAS ESTRADAS,23000
2009,REGIÃO NORDESTE,PB,ETANOL,2506004,ESPERANCA,539500
2009,REGIÃO NORDESTE,PB,ETANOL,2506103,FAGUNDES,59500
2009,REGIÃO NORDESTE,PB,ETANOL,2506251,GADO BRAVO,35000
2009,REGIÃO NORDESTE,PB,ETANOL,2506301,GUARABIRA,2239500
2009,REGIÃO NORDESTE,PB,ETANOL,2506400,GURINHEM,686000
2009,REGIÃO NORDESTE,PB,ETANOL,2506509,GURJAO,30000
2009,REGIÃO NORDESTE,PB,ETANOL,2506707,IMACULADA,38500
2009,REGIÃO NORDESTE,PB,ETANOL,2506806,INGA,322500
2009,REGIÃO NORDESTE,PB,ETANOL,2506905,ITABAIANA,558600
2009,REGIÃO NORDESTE,PB,ETANOL,2507002,ITAPORANGA,135980
2009,REGIÃO NORDESTE,PB,ETANOL,2507101,ITAPOROROCA,188500
2009,REGIÃO NORDESTE,PB,ETANOL,2507200,ITATUBA,5000
2009,REGIÃO NORDESTE,PB,ETANOL,2507309,JACARAU,157000
2009,REGIÃO NORDESTE,PB,ETANOL,2507507,JOAO PESSOA,43527967
2009,REGIÃO NORDESTE,PB,ETANOL,2507606,JUAREZ TAVORA,89980
2009,REGIÃO NORDESTE,PB,ETANOL,2507705,JUAZEIRINHO,262980
2009,REGIÃO NORDESTE,PB,ETANOL,2507804,JUNCO DO SERIDO,42000
2009,REGIÃO NORDESTE,PB,ETANOL,2507903,JURIPIRANGA,90000
2009,REGIÃO NORDESTE,PB,ETANOL,2508000,JURU,30000
2009,REGIÃO NORDESTE,PB,ETANOL,2508208,LAGOA DE DENTRO,5500
2009,REGIÃO NORDESTE,PB,ETANOL,2508307,LAGOA SECA,472000
2009,REGIÃO NORDESTE,PB,ETANOL,2508505,LIVRAMENTO,20000
2009,REGIÃO NORDESTE,PB,ETANOL,2508604,LUCENA,106000
2009,REGIÃO NORDESTE,PB,ETANOL,2508802,MALTA,41000
2009,REGIÃO NORDESTE,PB,ETANOL,2508901,MAMANGUAPE,2055500
2009,REGIÃO NORDESTE,PB,ETANOL,2509107,MARI,309500
2009,REGIÃO NORDESTE,PB,ETANOL,2509156,MARIZOPOLIS,70000
2009,REGIÃO NORDESTE,PB,ETANOL,2509206,MASSARANDUBA,46500
2009,REGIÃO NORDESTE,PB,ETANOL,2509305,MATARACA,85000
2009,REGIÃO NORDESTE,PB,ETANOL,2509396,MATUREIA,33000
2009,REGIÃO NORDESTE,PB,ETANOL,2509404,MOGEIRO,22500
2009,REGIÃO NORDESTE,PB,ETANOL,2509503,MONTADAS,29480
2009,REGIÃO NORDESTE,PB,ETANOL,2509701,MONTEIRO,440500
2009,REGIÃO NORDESTE,PB,ETANOL,2509909,NATUBA,62500
2009,REGIÃO NORDESTE,PB,ETANOL,2510105,NOVA FLORESTA,68000
2009,REGIÃO NORDESTE,PB,ETANOL,2510303,NOVA PALMEIRA,68500
2009,REGIÃO NORDESTE,PB,ETANOL,2510600,OURO VELHO,15000
2009,REGIÃO NORDESTE,PB,ETANOL,2510808,PATOS,2395500
2009,REGIÃO NORDESTE,PB,ETANOL,2510907,PAULISTA,17500
2009,REGIÃO NORDESTE,PB,ETANOL,2511202,PEDRAS DE FOGO,151000
2009,REGIÃO NORDESTE,PB,ETANOL,2512721,PEDRO REGIS,33500
2009,REGIÃO NORDESTE,PB,ETANOL,2511301,PIANCO,141000
2009,REGIÃO NORDESTE,PB,ETANOL,2511400,PICUI,190000
2009,REGIÃO NORDESTE,PB,ETANOL,2511509,PILAR,59500
2009,REGIÃO NORDESTE,PB,ETANOL,2511608,PILOES,22100
2009,REGIÃO NORDESTE,PB,ETANOL,2511707,PILOEZINHOS,10000
2009,REGIÃO NORDESTE,PB,ETANOL,2511806,PIRPIRITUBA,134500
2009,REGIÃO NORDESTE,PB,ETANOL,2511905,PITIMBU,20000
2009,REGIÃO NORDESTE,PB,ETANOL,2512002,POCINHOS,81500
2009,REGIÃO NORDESTE,PB,ETANOL,2512101,POMBAL,242000
2009,REGIÃO NORDESTE,PB,ETANOL,2512200,PRATA,57000
2009,REGIÃO NORDESTE,PB,ETANOL,2512309,PRINCESA ISABEL,147000
2009,REGIÃO NORDESTE,PB,ETANOL,2512408,PUXINANA,55000
2009,REGIÃO NORDESTE,PB,ETANOL,2512507,QUEIMADAS,695700
2009,REGIÃO NORDESTE,PB,ETANOL,2512705,REMIGIO,687450
2009,REGIÃO NORDESTE,PB,ETANOL,2512762,RIACHAO DO POCO,292980
2009,REGIÃO NORDESTE,PB,ETANOL,2512903,RIO TINTO,406450
2009,REGIÃO NORDESTE,PB,ETANOL,2513109,SALGADO DE SAO FELIX,50000
2009,REGIÃO NORDESTE,PB,ETANOL,2513208,SANTA CRUZ,10000
2009,REGIÃO NORDESTE,PB,ETANOL,2513307,SANTA HELENA,25500
2009,REGIÃO NORDESTE,PB,ETANOL,2513406,SANTA LUZIA,430000
2009,REGIÃO NORDESTE,PB,ETANOL,2513703,SANTA RITA,5398500
2009,REGIÃO NORDESTE,PB,ETANOL,2513802,SANTA TERESINHA,68500
2009,REGIÃO NORDESTE,PB,ETANOL,2513851,SANTO ANDRE,390000
2009,REGIÃO NORDESTE,PB,ETANOL,2513927,SAO BENTINHO,58450
2009,REGIÃO NORDESTE,PB,ETANOL,2513901,SAO BENTO,180000
2009,REGIÃO NORDESTE,PB,ETANOL,2514008,SAO JOAO DO CARIRI,65000
2009,REGIÃO NORDESTE,PB,ETANOL,2500700,SAO JOAO DO RIO DO PEIXE,130000
2009,REGIÃO NORDESTE,PB,ETANOL,2514107,SAO JOAO DO TIGRE,5000
2009,REGIÃO NORDESTE,PB,ETANOL,2514206,SAO JOSE DA LAGOA TAPADA,6000
2009,REGIÃO NORDESTE,PB,ETANOL,2514503,SAO JOSE DE PIRANHAS,165000
2009,REGIÃO NORDESTE,PB,ETANOL,2514909,SAO MAMEDE,52500
2009,REGIÃO NORDESTE,PB,ETANOL,2515005,SAO MIGUEL DE TAIPU,78000
2009,REGIÃO NORDESTE,PB,ETANOL,2515104,SAO SEBASTIAO DE LAGOA DE ROCA,294500
2009,REGIÃO NORDESTE,PB,ETANOL,2515401,SAO VICENTE DO SERIDO,45000
2009,REGIÃO NORDESTE,PB,ETANOL,2515302,SAPE,756460
2009,REGIÃO NORDESTE,PB,ETANOL,2515500,SERRA BRANCA,173000
2009,REGIÃO NORDESTE,PB,ETANOL,2515807,SERRA REDONDA,29000
2009,REGIÃO NORDESTE,PB,ETANOL,2515906,SERRARIA,15000
2009,REGIÃO NORDESTE,PB,ETANOL,2515971,SOBRADO,460700
2009,REGIÃO NORDESTE,PB,ETANOL,2516003,SOLANEA,616000
2009,REGIÃO NORDESTE,PB,ETANOL,2516102,SOLEDADE,184400
2009,REGIÃO NORDESTE,PB,ETANOL,2516151,SOSSEGO,12500
2009,REGIÃO NORDESTE,PB,ETANOL,2516201,SOUSA,933970
2009,REGIÃO NORDESTE,PB,ETANOL,2516300,SUME,234000
2009,REGIÃO NORDESTE,PB,ETANOL,2516508,TAPEROA,44000
2009,REGIÃO NORDESTE,PB,ETANOL,2516706,TEIXEIRA,310400
2009,REGIÃO NORDESTE,PB,ETANOL,2516904,UIRAUNA,164980
2009,REGIÃO NORDESTE,PB,ETANOL,2517001,UMBUZEIRO,53450
2009,REGIÃO NORDESTE,PB,ETANOL,2517100,VARZEA,27000
2010,REGIÃO NORDESTE,PB,ETANOL,2500304,ALAGOA GRANDE,200000
2010,REGIÃO NORDESTE,PB,ETANOL,2500403,ALAGOA NOVA,83000
2010,REGIÃO NORDESTE,PB,ETANOL,2500502,ALAGOINHA,89000
2010,REGIÃO NORDESTE,PB,ETANOL,2500536,ALCANTIL,80000
2010,REGIÃO NORDESTE,PB,ETANOL,2500601,ALHANDRA,931000
2010,REGIÃO NORDESTE,PB,ETANOL,2500734,AMPARO,13000
2010,REGIÃO NORDESTE,PB,ETANOL,2500775,APARECIDA,120000
2010,REGIÃO NORDESTE,PB,ETANOL,2500809,ARACAGI,105000
2010,REGIÃO NORDESTE,PB,ETANOL,2500908,ARARA,68000
2010,REGIÃO NORDESTE,PB,ETANOL,2501005,ARARUNA,158000
2010,REGIÃO NORDESTE,PB,ETANOL,2501104,AREIA,182500
2010,REGIÃO NORDESTE,PB,ETANOL,2501203,AREIAL,29500
2010,REGIÃO NORDESTE,PB,ETANOL,2501302,AROEIRAS,65000
2010,REGIÃO NORDESTE,PB,ETANOL,2501351,ASSUNCAO,40500
2010,REGIÃO NORDESTE,PB,ETANOL,2501401,BAIA DA TRAICAO,97500
2010,REGIÃO NORDESTE,PB,ETANOL,2501500,BANANEIRAS,41000
2010,REGIÃO NORDESTE,PB,ETANOL,2501534,BARAUNA,50000
2010,REGIÃO NORDESTE,PB,ETANOL,2501609,BARRA DE SANTA ROSA,144600
2010,REGIÃO NORDESTE,PB,ETANOL,2501575,BARRA DE SANTANA,180000
2010,REGIÃO NORDESTE,PB,ETANOL,2501708,BARRA DE SAO MIGUEL,30000
2010,REGIÃO NORDESTE,PB,ETANOL,2501807,BAYEUX,4329000
2010,REGIÃO NORDESTE,PB,ETANOL,2501906,BELEM,478000
2010,REGIÃO NORDESTE,PB,ETANOL,2502003,BELEM DO BREJO DO CRUZ,37000
2010,REGIÃO NORDESTE,PB,ETANOL,2502151,BOA VISTA,40000
2010,REGIÃO NORDESTE,PB,ETANOL,2502409,BONITO DE SANTA FE,47740
2010,REGIÃO NORDESTE,PB,ETANOL,2502508,BOQUEIRAO,141500
2010,REGIÃO NORDESTE,PB,ETANOL,2502706,BORBOREMA,33800
2010,REGIÃO NORDESTE,PB,ETANOL,2502805,BREJO DO CRUZ,60000
2010,REGIÃO NORDESTE,PB,ETANOL,2502904,BREJO DOS SANTOS,33000
2010,REGIÃO NORDESTE,PB,ETANOL,2503001,CAAPORA,308500
2010,REGIÃO NORDESTE,PB,ETANOL,2503100,CABACEIRAS,34800
2010,REGIÃO NORDESTE,PB,ETANOL,2503209,CABEDELO,5750000
2010,REGIÃO NORDESTE,PB,ETANOL,2503308,CACHOEIRA DOS INDIOS,291000
2010,REGIÃO NORDESTE,PB,ETANOL,2503506,CACIMBA DE DENTRO,109000
2010,REGIÃO NORDESTE,PB,ETANOL,2503605,CAICARA,86500
2010,REGIÃO NORDESTE,PB,ETANOL,2503704,CAJAZEIRAS,1208500
2010,REGIÃO NORDESTE,PB,ETANOL,2503803,CALDAS BRANDAO,295000
2010,REGIÃO NORDESTE,PB,ETANOL,2503902,CAMALAU,28000
2010,REGIÃO NORDESTE,PB,ETANOL,2504009,CAMPINA GRANDE,11847770
2010,REGIÃO NORDESTE,PB,ETANOL,2516409,CAMPO DE SANTANA,71000
2010,REGIÃO NORDESTE,PB,ETANOL,2504033,CAPIM,30000
2010,REGIÃO NORDESTE,PB,ETANOL,2504157,CASSERENGUE,33000
2010,REGIÃO NORDESTE,PB,ETANOL,2504207,CATINGUEIRA,25000
2010,REGIÃO NORDESTE,PB,ETANOL,2504306,CATOLE DO ROCHA,380000
2010,REGIÃO NORDESTE,PB,ETANOL,2504355,CATURITE,31000
2010,REGIÃO NORDESTE,PB,ETANOL,2504405,CONCEICAO,86400
2010,REGIÃO NORDESTE,PB,ETANOL,2504504,CONDADO,103500
2010,REGIÃO NORDESTE,PB,ETANOL,2504603,CONDE,822890
2010,REGIÃO NORDESTE,PB,ETANOL,2504702,CONGO,33000
2010,REGIÃO NORDESTE,PB,ETANOL,2504801,COREMAS,23500
2010,REGIÃO NORDESTE,PB,ETANOL,2504900,CRUZ DO ESPIRITO SANTO,72980
2010,REGIÃO NORDESTE,PB,ETANOL,2505006,CUBATI,18000
2010,REGIÃO NORDESTE,PB,ETANOL,2505105,CUITE,150268
2010,REGIÃO NORDESTE,PB,ETANOL,2505238,CUITE DE MAMANGUAPE,15000
2010,REGIÃO NORDESTE,PB,ETANOL,2505204,CUITEGI,128000
2010,REGIÃO NORDESTE,PB,ETANOL,2505352,DAMIAO,25000
2010,REGIÃO NORDESTE,PB,ETANOL,2505402,DESTERRO,81480
2010,REGIÃO NORDESTE,PB,ETANOL,2505600,DIAMANTE,21420
2010,REGIÃO NORDESTE,PB,ETANOL,2505709,DONA INES,37500
2010,REGIÃO NORDESTE,PB,ETANOL,2505808,DUAS ESTRADAS,34000
2010,REGIÃO NORDESTE,PB,ETANOL,2506004,ESPERANCA,352500
2010,REGIÃO NORDESTE,PB,ETANOL,2506103,FAGUNDES,44000
2010,REGIÃO NORDESTE,PB,ETANOL,2506251,GADO BRAVO,21000
2010,REGIÃO NORDESTE,PB,ETANOL,2506301,GUARABIRA,2166100
2010,REGIÃO NORDESTE,PB,ETANOL,2506400,GURINHEM,672000
2010,REGIÃO NORDESTE,PB,ETANOL,2506509,GURJAO,21000
2010,REGIÃO NORDESTE,PB,ETANOL,2506608,IBIARA,14850
2010,REGIÃO NORDESTE,PB,ETANOL,2502607,IGARACY,16000
2010,REGIÃO NORDESTE,PB,ETANOL,2506707,IMACULADA,35500
2010,REGIÃO NORDESTE,PB,ETANOL,2506806,INGA,244950
2010,REGIÃO NORDESTE,PB,ETANOL,2506905,ITABAIANA,560300
2010,REGIÃO NORDESTE,PB,ETANOL,2507002,ITAPORANGA,130000
2010,REGIÃO NORDESTE,PB,ETANOL,2507101,ITAPOROROCA,157500
2010,REGIÃO NORDESTE,PB,ETANOL,2507200,ITATUBA,27500
2010,REGIÃO NORDESTE,PB,ETANOL,2507309,JACARAU,110980
2010,REGIÃO NORDESTE,PB,ETANOL,2507408,JERICO,13000
2010,REGIÃO NORDESTE,PB,ETANOL,2507507,JOAO PESSOA,33654724
2010,REGIÃO NORDESTE,PB,ETANOL,2507606,JUAREZ TAVORA,51460
2010,REGIÃO NORDESTE,PB,ETANOL,2507705,JUAZEIRINHO,185000
2010,REGIÃO NORDESTE,PB,ETANOL,2507804,JUNCO DO SERIDO,43500
2010,REGIÃO NORDESTE,PB,ETANOL,2507903,JURIPIRANGA,22500
2010,REGIÃO NORDESTE,PB,ETANOL,2508000,JURU,27500
2010,REGIÃO NORDESTE,PB,ETANOL,2508208,LAGOA DE DENTRO,18000
2010,REGIÃO NORDESTE,PB,ETANOL,2508307,LAGOA SECA,404000
2010,REGIÃO NORDESTE,PB,ETANOL,2508505,LIVRAMENTO,15000
2010,REGIÃO NORDESTE,PB,ETANOL,2508604,LUCENA,95000
2010,REGIÃO NORDESTE,PB,ETANOL,2508802,MALTA,54000
2010,REGIÃO NORDESTE,PB,ETANOL,2508901,MAMANGUAPE,1767980
2010,REGIÃO NORDESTE,PB,ETANOL,2509107,MARI,234500
2010,REGIÃO NORDESTE,PB,ETANOL,2509156,MARIZOPOLIS,100000
2010,REGIÃO NORDESTE,PB,ETANOL,2509206,MASSARANDUBA,43500
2010,REGIÃO NORDESTE,PB,ETANOL,2509305,MATARACA,93000
2010,REGIÃO NORDESTE,PB,ETANOL,2509396,MATUREIA,18000
2010,REGIÃO NORDESTE,PB,ETANOL,2509404,MOGEIRO,37500
2010,REGIÃO NORDESTE,PB,ETANOL,2509503,MONTADAS,19000
2010,REGIÃO NORDESTE,PB,ETANOL,2509701,MONTEIRO,343000
2010,REGIÃO NORDESTE,PB,ETANOL,2509909,NATUBA,41500
2010,REGIÃO NORDESTE,PB,ETANOL,2510105,NOVA FLORESTA,60000
2010,REGIÃO NORDESTE,PB,ETANOL,2510303,NOVA PALMEIRA,38550
2010,REGIÃO NORDESTE,PB,ETANOL,2510600,OURO VELHO,18000
2010,REGIÃO NORDESTE,PB,ETANOL,2510808,PATOS,1827600
2010,REGIÃO NORDESTE,PB,ETANOL,2510907,PAULISTA,19000
2010,REGIÃO NORDESTE,PB,ETANOL,2511103,PEDRA LAVRADA,12550
2010,REGIÃO NORDESTE,PB,ETANOL,2511202,PEDRAS DE FOGO,108000
2010,REGIÃO NORDESTE,PB,ETANOL,2512721,PEDRO REGIS,30000
2010,REGIÃO NORDESTE,PB,ETANOL,2511301,PIANCO,156000
2010,REGIÃO NORDESTE,PB,ETANOL,2511400,PICUI,171050
2010,REGIÃO NORDESTE,PB,ETANOL,2511509,PILAR,59000
2010,REGIÃO NORDESTE,PB,ETANOL,2511608,PILOES,18050
2010,REGIÃO NORDESTE,PB,ETANOL,2511707,PILOEZINHOS,10000
2010,REGIÃO NORDESTE,PB,ETANOL,2511806,PIRPIRITUBA,78000
2010,REGIÃO NORDESTE,PB,ETANOL,2511905,PITIMBU,20000
2010,REGIÃO NORDESTE,PB,ETANOL,2512002,POCINHOS,182570
2010,REGIÃO NORDESTE,PB,ETANOL,2512101,POMBAL,202500
2010,REGIÃO NORDESTE,PB,ETANOL,2512200,PRATA,43000
2010,REGIÃO NORDESTE,PB,ETANOL,2512309,PRINCESA ISABEL,152000
2010,REGIÃO NORDESTE,PB,ETANOL,2512408,PUXINANA,55000
2010,REGIÃO NORDESTE,PB,ETANOL,2512507,QUEIMADAS,522500
2010,REGIÃO NORDESTE,PB,ETANOL,2512705,REMIGIO,590200
2010,REGIÃO NORDESTE,PB,ETANOL,2512754,RIACHAO DO BACAMARTE,57500
2010,REGIÃO NORDESTE,PB,ETANOL,2512762,RIACHAO DO POCO,119000
2010,REGIÃO NORDESTE,PB,ETANOL,2512903,RIO TINTO,290500
2010,REGIÃO NORDESTE,PB,ETANOL,2513109,SALGADO DE SAO FELIX,55000
2010,REGIÃO NORDESTE,PB,ETANOL,2513208,SANTA CRUZ,19000
2010,REGIÃO NORDESTE,PB,ETANOL,2513307,SANTA HELENA,23000
2010,REGIÃO NORDESTE,PB,ETANOL,2513406,SANTA LUZIA,304000
2010,REGIÃO NORDESTE,PB,ETANOL,2513703,SANTA RITA,4775960
2010,REGIÃO NORDESTE,PB,ETANOL,2513802,SANTA TERESINHA,65000
2010,REGIÃO NORDESTE,PB,ETANOL,2513927,SAO BENTINHO,33000
2010,REGIÃO NORDESTE,PB,ETANOL,2513901,SAO BENTO,215000
2010,REGIÃO NORDESTE,PB,ETANOL,2514008,SAO JOAO DO CARIRI,62000
2010,REGIÃO NORDESTE,PB,ETANOL,2500700,SAO JOAO DO RIO DO PEIXE,126000
2010,REGIÃO NORDESTE,PB,ETANOL,2514107,SAO JOAO DO TIGRE,20000
2010,REGIÃO NORDESTE,PB,ETANOL,2514206,SAO JOSE DA LAGOA TAPADA,12000
2010,REGIÃO NORDESTE,PB,ETANOL,2514503,SAO JOSE DE PIRANHAS,135500
2010,REGIÃO NORDESTE,PB,ETANOL,2514909,SAO MAMEDE,59000
2010,REGIÃO NORDESTE,PB,ETANOL,2515005,SAO MIGUEL DE TAIPU,57500
2010,REGIÃO NORDESTE,PB,ETANOL,2515104,SAO SEBASTIAO DE LAGOA DE ROCA,184550
2010,REGIÃO NORDESTE,PB,ETANOL,2515401,SAO VICENTE DO SERIDO,36000
2010,REGIÃO NORDESTE,PB,ETANOL,2515302,SAPE,794500
2010,REGIÃO NORDESTE,PB,ETANOL,2515500,SERRA BRANCA,148000
2010,REGIÃO NORDESTE,PB,ETANOL,2515807,SERRA REDONDA,38000
2010,REGIÃO NORDESTE,PB,ETANOL,2515906,SERRARIA,43000
2010,REGIÃO NORDESTE,PB,ETANOL,2515971,SOBRADO,203500
2010,REGIÃO NORDESTE,PB,ETANOL,2516003,SOLANEA,548500
2010,REGIÃO NORDESTE,PB,ETANOL,2516102,SOLEDADE,334760
2010,REGIÃO NORDESTE,PB,ETANOL,2516151,SOSSEGO,20000
2010,REGIÃO NORDESTE,PB,ETANOL,2516201,SOUSA,739000
2010,REGIÃO NORDESTE,PB,ETANOL,2516300,SUME,216000
2010,REGIÃO NORDESTE,PB,ETANOL,2516508,TAPEROA,50000
2010,REGIÃO NORDESTE,PB,ETANOL,2516607,TAVARES,20000
2010,REGIÃO NORDESTE,PB,ETANOL,2516706,TEIXEIRA,214000
2010,REGIÃO NORDESTE,PB,ETANOL,2516904,UIRAUNA,165000
2010,REGIÃO NORDESTE,PB,ETANOL,2517001,UMBUZEIRO,33000
2010,REGIÃO NORDESTE,PB,ETANOL,2517100,VARZEA,14000
2010,REGIÃO NORDESTE,PB,ETANOL,2505501,VISTA SERRANA,10000
2011,REGIÃO NORDESTE,PB,ETANOL,2500304,ALAGOA GRANDE,156500
2011,REGIÃO NORDESTE,PB,ETANOL,2500403,ALAGOA NOVA,69000
2011,REGIÃO NORDESTE,PB,ETANOL,2500502,ALAGOINHA,49501
2011,REGIÃO NORDESTE,PB,ETANOL,2500536,ALCANTIL,9000
2011,REGIÃO NORDESTE,PB,ETANOL,2500601,ALHANDRA,519761
2011,REGIÃO NORDESTE,PB,ETANOL,2500734,AMPARO,12000
2011,REGIÃO NORDESTE,PB,ETANOL,2500775,APARECIDA,96500
2011,REGIÃO NORDESTE,PB,ETANOL,2500809,ARACAGI,78500
2011,REGIÃO NORDESTE,PB,ETANOL,2500908,ARARA,65000
2011,REGIÃO NORDESTE,PB,ETANOL,2501005,ARARUNA,135000
2011,REGIÃO NORDESTE,PB,ETANOL,2501104,AREIA,145000
2011,REGIÃO NORDESTE,PB,ETANOL,2501203,AREIAL,3000
2011,REGIÃO NORDESTE,PB,ETANOL,2501302,AROEIRAS,85000
2011,REGIÃO NORDESTE,PB,ETANOL,2501351,ASSUNCAO,32000
2011,REGIÃO NORDESTE,PB,ETANOL,2501401,BAIA DA TRAICAO,89500
2011,REGIÃO NORDESTE,PB,ETANOL,2501500,BANANEIRAS,27550
2011,REGIÃO NORDESTE,PB,ETANOL,2501534,BARAUNA,40000
2011,REGIÃO NORDESTE,PB,ETANOL,2501609,BARRA DE SANTA ROSA,125200
2011,REGIÃO NORDESTE,PB,ETANOL,2501575,BARRA DE SANTANA,75000
2011,REGIÃO NORDESTE,PB,ETANOL,2501708,BARRA DE SAO MIGUEL,25000
2011,REGIÃO NORDESTE,PB,ETANOL,2501807,BAYEUX,3283500
2011,REGIÃO NORDESTE,PB,ETANOL,2501906,BELEM,349500
2011,REGIÃO NORDESTE,PB,ETANOL,2502003,BELEM DO BREJO DO CRUZ,18000
2011,REGIÃO NORDESTE,PB,ETANOL,2502151,BOA VISTA,35000
2011,REGIÃO NORDESTE,PB,ETANOL,2502409,BONITO DE SANTA FE,33940
2011,REGIÃO NORDESTE,PB,ETANOL,2502508,BOQUEIRAO,130000
2011,REGIÃO NORDESTE,PB,ETANOL,2502706,BORBOREMA,25850
2011,REGIÃO NORDESTE,PB,ETANOL,2502805,BREJO DO CRUZ,48000
2011,REGIÃO NORDESTE,PB,ETANOL,2502904,BREJO DOS SANTOS,26500
2011,REGIÃO NORDESTE,PB,ETANOL,2503001,CAAPORA,163500
2011,REGIÃO NORDESTE,PB,ETANOL,2503100,CABACEIRAS,29900
2011,REGIÃO NORDESTE,PB,ETANOL,2503209,CABEDELO,3290500
2011,REGIÃO NORDESTE,PB,ETANOL,2503308,CACHOEIRA DOS INDIOS,173500
2011,REGIÃO NORDESTE,PB,ETANOL,2503506,CACIMBA DE DENTRO,108500
2011,REGIÃO NORDESTE,PB,ETANOL,2503605,CAICARA,76501
2011,REGIÃO NORDESTE,PB,ETANOL,2503704,CAJAZEIRAS,911000
2011,REGIÃO NORDESTE,PB,ETANOL,2503803,CALDAS BRANDAO,225000
2011,REGIÃO NORDESTE,PB,ETANOL,2503902,CAMALAU,20000
2011,REGIÃO NORDESTE,PB,ETANOL,2504009,CAMPINA GRANDE,8405200
2011,REGIÃO NORDESTE,PB,ETANOL,2516409,CAMPO DE SANTANA,47000
2011,REGIÃO NORDESTE,PB,ETANOL,2504033,CAPIM,38173
2011,REGIÃO NORDESTE,PB,ETANOL,2504157,CASSERENGUE,24000
2011,REGIÃO NORDESTE,PB,ETANOL,2504207,CATINGUEIRA,21000
2011,REGIÃO NORDESTE,PB,ETANOL,2504306,CATOLE DO ROCHA,338500
2011,REGIÃO NORDESTE,PB,ETANOL,2504355,CATURITE,27000
2011,REGIÃO NORDESTE,PB,ETANOL,2504405,CONCEICAO,67890
2011,REGIÃO NORDESTE,PB,ETANOL,2504504,CONDADO,88500
2011,REGIÃO NORDESTE,PB,ETANOL,2504603,CONDE,675650
2011,REGIÃO NORDESTE,PB,ETANOL,2504702,CONGO,30000
2011,REGIÃO NORDESTE,PB,ETANOL,2504801,COREMAS,49000
2011,REGIÃO NORDESTE,PB,ETANOL,2504900,CRUZ DO ESPIRITO SANTO,41000
2011,REGIÃO NORDESTE,PB,ETANOL,2505006,CUBATI,38500
2011,REGIÃO NORDESTE,PB,ETANOL,2505105,CUITE,140000
2011,REGIÃO NORDESTE,PB,ETANOL,2505238,CUITE DE MAMANGUAPE,10000
2011,REGIÃO NORDESTE,PB,ETANOL,2505204,CUITEGI,102000
2011,REGIÃO NORDESTE,PB,ETANOL,2505352,DAMIAO,13500
2011,REGIÃO NORDESTE,PB,ETANOL,2505402,DESTERRO,66531
2011,REGIÃO NORDESTE,PB,ETANOL,2505600,DIAMANTE,19420
2011,REGIÃO NORDESTE,PB,ETANOL,2505709,DONA INES,15000
2011,REGIÃO NORDESTE,PB,ETANOL,2505808,DUAS ESTRADAS,25500
2011,REGIÃO NORDESTE,PB,ETANOL,2506004,ESPERANCA,269500
2011,REGIÃO NORDESTE,PB,ETANOL,2506103,FAGUNDES,44001
2011,REGIÃO NORDESTE,PB,ETANOL,2506301,GUARABIRA,1402050
2011,REGIÃO NORDESTE,PB,ETANOL,2506400,GURINHEM,331500
2011,REGIÃO NORDESTE,PB,ETANOL,2506509,GURJAO,5000
2011,REGIÃO NORDESTE,PB,ETANOL,2506608,IBIARA,8470
2011,REGIÃO NORDESTE,PB,ETANOL,2502607,IGARACY,6000
2011,REGIÃO NORDESTE,PB,ETANOL,2506707,IMACULADA,21000
2011,REGIÃO NORDESTE,PB,ETANOL,2506806,INGA,134500
2011,REGIÃO NORDESTE,PB,ETANOL,2506905,ITABAIANA,427000
2011,REGIÃO NORDESTE,PB,ETANOL,2507002,ITAPORANGA,76000
2011,REGIÃO NORDESTE,PB,ETANOL,2507101,ITAPOROROCA,151001
2011,REGIÃO NORDESTE,PB,ETANOL,2507200,ITATUBA,25001
2011,REGIÃO NORDESTE,PB,ETANOL,2507309,JACARAU,124500
2011,REGIÃO NORDESTE,PB,ETANOL,2507408,JERICO,13000
2011,REGIÃO NORDESTE,PB,ETANOL,2507507,JOAO PESSOA,20633901
2011,REGIÃO NORDESTE,PB,ETANOL,2507606,JUAREZ TAVORA,27980
2011,REGIÃO NORDESTE,PB,ETANOL,2507705,JUAZEIRINHO,125500
2011,REGIÃO NORDESTE,PB,ETANOL,2507804,JUNCO DO SERIDO,39000
2011,REGIÃO NORDESTE,PB,ETANOL,2507903,JURIPIRANGA,12500
2011,REGIÃO NORDESTE,PB,ETANOL,2508000,JURU,22500
2011,REGIÃO NORDESTE,PB,ETANOL,2508208,LAGOA DE DENTRO,10060
2011,REGIÃO NORDESTE,PB,ETANOL,2508307,LAGOA SECA,269000
2011,REGIÃO NORDESTE,PB,ETANOL,2508505,LIVRAMENTO,17550
2011,REGIÃO NORDESTE,PB,ETANOL,2508604,LUCENA,101000
2011,REGIÃO NORDESTE,PB,ETANOL,2508802,MALTA,46000
2011,REGIÃO NORDESTE,PB,ETANOL,2508901,MAMANGUAPE,1277500
2011,REGIÃO NORDESTE,PB,ETANOL,2509107,MARI,203502
2011,REGIÃO NORDESTE,PB,ETANOL,2509156,MARIZOPOLIS,80000
2011,REGIÃO NORDESTE,PB,ETANOL,2509206,MASSARANDUBA,41000
2011,REGIÃO NORDESTE,PB,ETANOL,2509305,MATARACA,93000
2011,REGIÃO NORDESTE,PB,ETANOL,2509396,MATUREIA,23000
2011,REGIÃO NORDESTE,PB,ETANOL,2509404,MOGEIRO,12500
2011,REGIÃO NORDESTE,PB,ETANOL,2509503,MONTADAS,2500
2011,REGIÃO NORDESTE,PB,ETANOL,2509701,MONTEIRO,293000
2011,REGIÃO NORDESTE,PB,ETANOL,2509909,NATUBA,19000
2011,REGIÃO NORDESTE,PB,ETANOL,2510105,NOVA FLORESTA,42000
2011,REGIÃO NORDESTE,PB,ETANOL,2510303,NOVA PALMEIRA,27550
2011,REGIÃO NORDESTE,PB,ETANOL,2510600,OURO VELHO,8500
2011,REGIÃO NORDESTE,PB,ETANOL,2510808,PATOS,1145050
2011,REGIÃO NORDESTE,PB,ETANOL,2510907,PAULISTA,27500
2011,REGIÃO NORDESTE,PB,ETANOL,2511103,PEDRA LAVRADA,15350
2011,REGIÃO NORDESTE,PB,ETANOL,2511202,PEDRAS DE FOGO,75000
2011,REGIÃO NORDESTE,PB,ETANOL,2512721,PEDRO REGIS,23000
2011,REGIÃO NORDESTE,PB,ETANOL,2511301,PIANCO,94000
2011,REGIÃO NORDESTE,PB,ETANOL,2511400,PICUI,134950
2011,REGIÃO NORDESTE,PB,ETANOL,2511509,PILAR,34550
2011,REGIÃO NORDESTE,PB,ETANOL,2511608,PILOES,24300
2011,REGIÃO NORDESTE,PB,ETANOL,2511707,PILOEZINHOS,10000
2011,REGIÃO NORDESTE,PB,ETANOL,2511806,PIRPIRITUBA,64001
2011,REGIÃO NORDESTE,PB,ETANOL,2511905,PITIMBU,10000
2011,REGIÃO NORDESTE,PB,ETANOL,2512002,POCINHOS,133680
2011,REGIÃO NORDESTE,PB,ETANOL,2512101,POMBAL,165070
2011,REGIÃO NORDESTE,PB,ETANOL,2512200,PRATA,33000
2011,REGIÃO NORDESTE,PB,ETANOL,2512309,PRINCESA ISABEL,94500
2011,REGIÃO NORDESTE,PB,ETANOL,2512408,PUXINANA,50000
2011,REGIÃO NORDESTE,PB,ETANOL,2512507,QUEIMADAS,448800
2011,REGIÃO NORDESTE,PB,ETANOL,2512705,REMIGIO,403550
2011,REGIÃO NORDESTE,PB,ETANOL,2512754,RIACHAO DO BACAMARTE,104500
2011,REGIÃO NORDESTE,PB,ETANOL,2512762,RIACHAO DO POCO,96500
2011,REGIÃO NORDESTE,PB,ETANOL,2512903,RIO TINTO,252501
2011,REGIÃO NORDESTE,PB,ETANOL,2513109,SALGADO DE SAO FELIX,54000
2011,REGIÃO NORDESTE,PB,ETANOL,2513208,SANTA CRUZ,15500
2011,REGIÃO NORDESTE,PB,ETANOL,2513307,SANTA HELENA,20000
2011,REGIÃO NORDESTE,PB,ETANOL,2513406,SANTA LUZIA,220000
2011,REGIÃO NORDESTE,PB,ETANOL,2513703,SANTA RITA,3111127
2011,REGIÃO NORDESTE,PB,ETANOL,2513802,SANTA TERESINHA,70500
2011,REGIÃO NORDESTE,PB,ETANOL,2513851,SANTO ANDRE,4000
2011,REGIÃO NORDESTE,PB,ETANOL,2513927,SAO BENTINHO,17500
2011,REGIÃO NORDESTE,PB,ETANOL,2513901,SAO BENTO,198000
2011,REGIÃO NORDESTE,PB,ETANOL,2514008,SAO JOAO DO CARIRI,37000
2011,REGIÃO NORDESTE,PB,ETANOL,2500700,SAO JOAO DO RIO DO PEIXE,98000
2011,REGIÃO NORDESTE,PB,ETANOL,2514107,SAO JOAO DO TIGRE,20000
2011,REGIÃO NORDESTE,PB,ETANOL,2514206,SAO JOSE DA LAGOA TAPADA,15000
2011,REGIÃO NORDESTE,PB,ETANOL,2514305,SAO JOSE DE CAIANA,2500
2011,REGIÃO NORDESTE,PB,ETANOL,2514503,SAO JOSE DE PIRANHAS,109000
2011,REGIÃO NORDESTE,PB,ETANOL,2514909,SAO MAMEDE,36000
2011,REGIÃO NORDESTE,PB,ETANOL,2515005,SAO MIGUEL DE TAIPU,55000
2011,REGIÃO NORDESTE,PB,ETANOL,2515104,SAO SEBASTIAO DE LAGOA DE ROCA,90500
2011,REGIÃO NORDESTE,PB,ETANOL,2515401,SAO VICENTE DO SERIDO,33000
2011,REGIÃO NORDESTE,PB,ETANOL,2515302,SAPE,658905
2011,REGIÃO NORDESTE,PB,ETANOL,2515500,SERRA BRANCA,123500
2011,REGIÃO NORDESTE,PB,ETANOL,2515807,SERRA REDONDA,35500
2011,REGIÃO NORDESTE,PB,ETANOL,2515906,SERRARIA,17500
2011,REGIÃO NORDESTE,PB,ETANOL,2515971,SOBRADO,179500
2011,REGIÃO NORDESTE,PB,ETANOL,2516003,SOLANEA,447600
2011,REGIÃO NORDESTE,PB,ETANOL,2516102,SOLEDADE,262283
2011,REGIÃO NORDESTE,PB,ETANOL,2516151,SOSSEGO,14000
2011,REGIÃO NORDESTE,PB,ETANOL,2516201,SOUSA,511000
2011,REGIÃO NORDESTE,PB,ETANOL,2516300,SUME,188500
2011,REGIÃO NORDESTE,PB,ETANOL,2516508,TAPEROA,40000
2011,REGIÃO NORDESTE,PB,ETANOL,2516607,TAVARES,21000
2011,REGIÃO NORDESTE,PB,ETANOL,2516706,TEIXEIRA,158950
2011,REGIÃO NORDESTE,PB,ETANOL,2516904,UIRAUNA,128500
2011,REGIÃO NORDESTE,PB,ETANOL,2517001,UMBUZEIRO,33000
2011,REGIÃO NORDESTE,PB,ETANOL,2517100,VARZEA,6000
2011,REGIÃO NORDESTE,PB,ETANOL,2505501,VISTA SERRANA,10000
2012,REGIÃO NORDESTE,PB,ETANOL,2500304,ALAGOA GRANDE,99394
2012,REGIÃO NORDESTE,PB,ETANOL,2500403,ALAGOA NOVA,54000
2012,REGIÃO NORDESTE,PB,ETANOL,2500502,ALAGOINHA,18500
2012,REGIÃO NORDESTE,PB,ETANOL,2500536,ALCANTIL,9000
2012,REGIÃO NORDESTE,PB,ETANOL,2500601,ALHANDRA,458000
2012,REGIÃO NORDESTE,PB,ETANOL,2500734,AMPARO,10000
2012,REGIÃO NORDESTE,PB,ETANOL,2500775,APARECIDA,89000
2012,REGIÃO NORDESTE,PB,ETANOL,2500809,ARACAGI,92000
2012,REGIÃO NORDESTE,PB,ETANOL,2500908,ARARA,47000
2012,REGIÃO NORDESTE,PB,ETANOL,2501005,ARARUNA,152000
2012,REGIÃO NORDESTE,PB,ETANOL,2501104,AREIA,115000
2012,REGIÃO NORDESTE,PB,ETANOL,2501203,AREIAL,5500
2012,REGIÃO NORDESTE,PB,ETANOL,2501302,AROEIRAS,85000
2012,REGIÃO NORDESTE,PB,ETANOL,2501351,ASSUNCAO,42000
2012,REGIÃO NORDESTE,PB,ETANOL,2501401,BAIA DA TRAICAO,77000
2012,REGIÃO NORDESTE,PB,ETANOL,2501500,BANANEIRAS,81600
2012,REGIÃO NORDESTE,PB,ETANOL,2501534,BARAUNA,30000
2012,REGIÃO NORDESTE,PB,ETANOL,2501609,BARRA DE SANTA ROSA,102800
2012,REGIÃO NORDESTE,PB,ETANOL,2501575,BARRA DE SANTANA,27990
2012,REGIÃO NORDESTE,PB,ETANOL,2501708,BARRA DE SAO MIGUEL,17500
2012,REGIÃO NORDESTE,PB,ETANOL,2501807,BAYEUX,2071000
2012,REGIÃO NORDESTE,PB,ETANOL,2501906,BELEM,304000
2012,REGIÃO NORDESTE,PB,ETANOL,2502003,BELEM DO BREJO DO CRUZ,21000
2012,REGIÃO NORDESTE,PB,ETANOL,2502151,BOA VISTA,20000
2012,REGIÃO NORDESTE,PB,ETANOL,2502409,BONITO DE SANTA FE,36000
2012,REGIÃO NORDESTE,PB,ETANOL,2502508,BOQUEIRAO,113000
2012,REGIÃO NORDESTE,PB,ETANOL,2502706,BORBOREMA,21000
2012,REGIÃO NORDESTE,PB,ETANOL,2502805,BREJO DO CRUZ,52000
2012,REGIÃO NORDESTE,PB,ETANOL,2502904,BREJO DOS SANTOS,37000
2012,REGIÃO NORDESTE,PB,ETANOL,2503001,CAAPORA,154000
2012,REGIÃO NORDESTE,PB,ETANOL,2503100,CABACEIRAS,31500
2012,REGIÃO NORDESTE,PB,ETANOL,2503209,CABEDELO,2282000
2012,REGIÃO NORDESTE,PB,ETANOL,2503308,CACHOEIRA DOS INDIOS,162500
2012,REGIÃO NORDESTE,PB,ETANOL,2503506,CACIMBA DE DENTRO,106000
2012,REGIÃO NORDESTE,PB,ETANOL,2503605,CAICARA,78500
2012,REGIÃO NORDESTE,PB,ETANOL,2503704,CAJAZEIRAS,759000
2012,REGIÃO NORDESTE,PB,ETANOL,2503803,CALDAS BRANDAO,200000
2012,REGIÃO NORDESTE,PB,ETANOL,2503902,CAMALAU,28500
2012,REGIÃO NORDESTE,PB,ETANOL,2504009,CAMPINA GRANDE,6485760
2012,REGIÃO NORDESTE,PB,ETANOL,2516409,CAMPO DE SANTANA,45000
2012,REGIÃO NORDESTE,PB,ETANOL,2504033,CAPIM,24500
2012,REGIÃO NORDESTE,PB,ETANOL,2504157,CASSERENGUE,27000
2012,REGIÃO NORDESTE,PB,ETANOL,2504207,CATINGUEIRA,21000
2012,REGIÃO NORDESTE,PB,ETANOL,2504306,CATOLE DO ROCHA,344000
2012,REGIÃO NORDESTE,PB,ETANOL,2504355,CATURITE,24000
2012,REGIÃO NORDESTE,PB,ETANOL,2504405,CONCEICAO,66500
2012,REGIÃO NORDESTE,PB,ETANOL,2504504,CONDADO,63000
2012,REGIÃO NORDESTE,PB,ETANOL,2504603,CONDE,693550
2012,REGIÃO NORDESTE,PB,ETANOL,2504702,CONGO,27000
2012,REGIÃO NORDESTE,PB,ETANOL,2504801,COREMAS,46000
2012,REGIÃO NORDESTE,PB,ETANOL,2504900,CRUZ DO ESPIRITO SANTO,29000
2012,REGIÃO NORDESTE,PB,ETANOL,2505006,CUBATI,38500
2012,REGIÃO NORDESTE,PB,ETANOL,2505105,CUITE,89000
2012,REGIÃO NORDESTE,PB,ETANOL,2505204,CUITEGI,94500
2012,REGIÃO NORDESTE,PB,ETANOL,2505352,DAMIAO,23000
2012,REGIÃO NORDESTE,PB,ETANOL,2505402,DESTERRO,65000
2012,REGIÃO NORDESTE,PB,ETANOL,2505600,DIAMANTE,26850
2012,REGIÃO NORDESTE,PB,ETANOL,2505709,DONA INES,22500
2012,REGIÃO NORDESTE,PB,ETANOL,2505808,DUAS ESTRADAS,23000
2012,REGIÃO NORDESTE,PB,ETANOL,2506004,ESPERANCA,202000
2012,REGIÃO NORDESTE,PB,ETANOL,2506103,FAGUNDES,49500
2012,REGIÃO NORDESTE,PB,ETANOL,2506301,GUARABIRA,1098000
2012,REGIÃO NORDESTE,PB,ETANOL,2506400,GURINHEM,150000
2012,REGIÃO NORDESTE,PB,ETANOL,2506509,GURJAO,16000
2012,REGIÃO NORDESTE,PB,ETANOL,2506608,IBIARA,5500
2012,REGIÃO NORDESTE,PB,ETANOL,2506707,IMACULADA,27500
2012,REGIÃO NORDESTE,PB,ETANOL,2506806,INGA,133000
2012,REGIÃO NORDESTE,PB,ETANOL,2506905,ITABAIANA,315473
2012,REGIÃO NORDESTE,PB,ETANOL,2507002,ITAPORANGA,43000
2012,REGIÃO NORDESTE,PB,ETANOL,2507101,ITAPOROROCA,145500
2012,REGIÃO NORDESTE,PB,ETANOL,2507200,ITATUBA,27500
2012,REGIÃO NORDESTE,PB,ETANOL,2507309,JACARAU,126500
2012,REGIÃO NORDESTE,PB,ETANOL,2507408,JERICO,21500
2012,REGIÃO NORDESTE,PB,ETANOL,2507507,JOAO PESSOA,14516811
2012,REGIÃO NORDESTE,PB,ETANOL,2507606,JUAREZ TAVORA,27500
2012,REGIÃO NORDESTE,PB,ETANOL,2507705,JUAZEIRINHO,123000
2012,REGIÃO NORDESTE,PB,ETANOL,2507804,JUNCO DO SERIDO,49500
2012,REGIÃO NORDESTE,PB,ETANOL,2507903,JURIPIRANGA,43000
2012,REGIÃO NORDESTE,PB,ETANOL,2508000,JURU,25000
2012,REGIÃO NORDESTE,PB,ETANOL,2508208,LAGOA DE DENTRO,20500
2012,REGIÃO NORDESTE,PB,ETANOL,2508307,LAGOA SECA,189000
2012,REGIÃO NORDESTE,PB,ETANOL,2508505,LIVRAMENTO,21550
2012,REGIÃO NORDESTE,PB,ETANOL,2508604,LUCENA,78000
2012,REGIÃO NORDESTE,PB,ETANOL,2508802,MALTA,42500
2012,REGIÃO NORDESTE,PB,ETANOL,2508901,MAMANGUAPE,1052000
2012,REGIÃO NORDESTE,PB,ETANOL,2509057,MARCACAO,4000
2012,REGIÃO NORDESTE,PB,ETANOL,2509107,MARI,160000
2012,REGIÃO NORDESTE,PB,ETANOL,2509156,MARIZOPOLIS,67500
2012,REGIÃO NORDESTE,PB,ETANOL,2509206,MASSARANDUBA,38000
2012,REGIÃO NORDESTE,PB,ETANOL,2509305,MATARACA,88000
2012,REGIÃO NORDESTE,PB,ETANOL,2509339,MATINHAS,16000
2012,REGIÃO NORDESTE,PB,ETANOL,2509396,MATUREIA,26000
2012,REGIÃO NORDESTE,PB,ETANOL,2509404,MOGEIRO,9500
2012,REGIÃO NORDESTE,PB,ETANOL,2509503,MONTADAS,10000
2012,REGIÃO NORDESTE,PB,ETANOL,2509701,MONTEIRO,257000
2012,REGIÃO NORDESTE,PB,ETANOL,2509909,NATUBA,25000
2012,REGIÃO NORDESTE,PB,ETANOL,2510105,NOVA FLORESTA,9000
2012,REGIÃO NORDESTE,PB,ETANOL,2510303,NOVA PALMEIRA,21100
2012,REGIÃO NORDESTE,PB,ETANOL,2510600,OURO VELHO,7500
2012,REGIÃO NORDESTE,PB,ETANOL,2510808,PATOS,708200
2012,REGIÃO NORDESTE,PB,ETANOL,2510907,PAULISTA,36000
2012,REGIÃO NORDESTE,PB,ETANOL,2511103,PEDRA LAVRADA,20000
2012,REGIÃO NORDESTE,PB,ETANOL,2511202,PEDRAS DE FOGO,72000
2012,REGIÃO NORDESTE,PB,ETANOL,2512721,PEDRO REGIS,22500
2012,REGIÃO NORDESTE,PB,ETANOL,2511301,PIANCO,66000
2012,REGIÃO NORDESTE,PB,ETANOL,2511400,PICUI,108950
2012,REGIÃO NORDESTE,PB,ETANOL,2511509,PILAR,29000
2012,REGIÃO NORDESTE,PB,ETANOL,2511608,PILOES,33550
2012,REGIÃO NORDESTE,PB,ETANOL,2511707,PILOEZINHOS,9500
2012,REGIÃO NORDESTE,PB,ETANOL,2511806,PIRPIRITUBA,67500
2012,REGIÃO NORDESTE,PB,ETANOL,2511905,PITIMBU,21000
2012,REGIÃO NORDESTE,PB,ETANOL,2512002,POCINHOS,113485
2012,REGIÃO NORDESTE,PB,ETANOL,2512101,POMBAL,137000
2012,REGIÃO NORDESTE,PB,ETANOL,2512200,PRATA,29500
2012,REGIÃO NORDESTE,PB,ETANOL,2512309,PRINCESA ISABEL,74500
2012,REGIÃO NORDESTE,PB,ETANOL,2512408,PUXINANA,40000
2012,REGIÃO NORDESTE,PB,ETANOL,2512507,QUEIMADAS,394500
2012,REGIÃO NORDESTE,PB,ETANOL,2512705,REMIGIO,297200
2012,REGIÃO NORDESTE,PB,ETANOL,2512754,RIACHAO DO BACAMARTE,154480
2012,REGIÃO NORDESTE,PB,ETANOL,2512762,RIACHAO DO POCO,219000
2012,REGIÃO NORDESTE,PB,ETANOL,2512804,RIACHO DOS CAVALOS,15000
2012,REGIÃO NORDESTE,PB,ETANOL,2512903,RIO TINTO,221500
2012,REGIÃO NORDESTE,PB,ETANOL,2513109,SALGADO DE SAO FELIX,44500
2012,REGIÃO NORDESTE,PB,ETANOL,2513208,SANTA CRUZ,10000
2012,REGIÃO NORDESTE,PB,ETANOL,2513307,SANTA HELENA,25000
2012,REGIÃO NORDESTE,PB,ETANOL,2513406,SANTA LUZIA,219000
2012,REGIÃO NORDESTE,PB,ETANOL,2513703,SANTA RITA,2853480
2012,REGIÃO NORDESTE,PB,ETANOL,2513802,SANTA TERESINHA,65994
2012,REGIÃO NORDESTE,PB,ETANOL,2513927,SAO BENTINHO,2500
2012,REGIÃO NORDESTE,PB,ETANOL,2513901,SAO BENTO,171000
2012,REGIÃO NORDESTE,PB,ETANOL,2514008,SAO JOAO DO CARIRI,40000
2012,REGIÃO NORDESTE,PB,ETANOL,2500700,SAO JOAO DO RIO DO PEIXE,83500
2012,REGIÃO NORDESTE,PB,ETANOL,2514107,SAO JOAO DO TIGRE,15000
2012,REGIÃO NORDESTE,PB,ETANOL,2514206,SAO JOSE DA LAGOA TAPADA,12000
2012,REGIÃO NORDESTE,PB,ETANOL,2514305,SAO JOSE DE CAIANA,15000
2012,REGIÃO NORDESTE,PB,ETANOL,2514503,SAO JOSE DE PIRANHAS,95500
2012,REGIÃO NORDESTE,PB,ETANOL,2514909,SAO MAMEDE,34500
2012,REGIÃO NORDESTE,PB,ETANOL,2515005,SAO MIGUEL DE TAIPU,50500
2012,REGIÃO NORDESTE,PB,ETANOL,2515104,SAO SEBASTIAO DE LAGOA DE ROCA,61500
2012,REGIÃO NORDESTE,PB,ETANOL,2515401,SAO VICENTE DO SERIDO,27500
2012,REGIÃO NORDESTE,PB,ETANOL,2515302,SAPE,604000
2012,REGIÃO NORDESTE,PB,ETANOL,2515500,SERRA BRANCA,105000
2012,REGIÃO NORDESTE,PB,ETANOL,2515807,SERRA REDONDA,40500
2012,REGIÃO NORDESTE,PB,ETANOL,2515906,SERRARIA,22000
2012,REGIÃO NORDESTE,PB,ETANOL,2515971,SOBRADO,189000
2012,REGIÃO NORDESTE,PB,ETANOL,2516003,SOLANEA,357050
2012,REGIÃO NORDESTE,PB,ETANOL,2516102,SOLEDADE,199360
2012,REGIÃO NORDESTE,PB,ETANOL,2516151,SOSSEGO,15000
2012,REGIÃO NORDESTE,PB,ETANOL,2516201,SOUSA,322000
2012,REGIÃO NORDESTE,PB,ETANOL,2516300,SUME,156500
2012,REGIÃO NORDESTE,PB,ETANOL,2516508,TAPEROA,43000
2012,REGIÃO NORDESTE,PB,ETANOL,2516607,TAVARES,22000
2012,REGIÃO NORDESTE,PB,ETANOL,2516706,TEIXEIRA,137000
2012,REGIÃO NORDESTE,PB,ETANOL,2516904,UIRAUNA,93000
2012,REGIÃO NORDESTE,PB,ETANOL,2517001,UMBUZEIRO,30500
2012,REGIÃO NORDESTE,PB,ETANOL,2505501,VISTA SERRANA,7500
2013,REGIÃO NORDESTE,PB,ETANOL,2500304,ALAGOA GRANDE,139000
2013,REGIÃO NORDESTE,PB,ETANOL,2500403,ALAGOA NOVA,66000
2013,REGIÃO NORDESTE,PB,ETANOL,2500502,ALAGOINHA,16500
2013,REGIÃO NORDESTE,PB,ETANOL,2500536,ALCANTIL,18000
2013,REGIÃO NORDESTE,PB,ETANOL,2500601,ALHANDRA,514000
2013,REGIÃO NORDESTE,PB,ETANOL,2500734,AMPARO,7500
2013,REGIÃO NORDESTE,PB,ETANOL,2500775,APARECIDA,126000
2013,REGIÃO NORDESTE,PB,ETANOL,2500809,ARACAGI,70500
2013,REGIÃO NORDESTE,PB,ETANOL,2500908,ARARA,44000
2013,REGIÃO NORDESTE,PB,ETANOL,2501005,ARARUNA,109000
2013,REGIÃO NORDESTE,PB,ETANOL,2501104,AREIA,147500
2013,REGIÃO NORDESTE,PB,ETANOL,2501203,AREIAL,5000
2013,REGIÃO NORDESTE,PB,ETANOL,2501302,AROEIRAS,85000
2013,REGIÃO NORDESTE,PB,ETANOL,2501351,ASSUNCAO,38000
2013,REGIÃO NORDESTE,PB,ETANOL,2501401,BAIA DA TRAICAO,87000
2013,REGIÃO NORDESTE,PB,ETANOL,2501500,BANANEIRAS,134000
2013,REGIÃO NORDESTE,PB,ETANOL,2501534,BARAUNA,15000
2013,REGIÃO NORDESTE,PB,ETANOL,2501609,BARRA DE SANTA ROSA,117350
2013,REGIÃO NORDESTE,PB,ETANOL,2501575,BARRA DE SANTANA,36000
2013,REGIÃO NORDESTE,PB,ETANOL,2501708,BARRA DE SAO MIGUEL,30000
2013,REGIÃO NORDESTE,PB,ETANOL,2501807,BAYEUX,2381450
2013,REGIÃO NORDESTE,PB,ETANOL,2501906,BELEM,309000
2013,REGIÃO NORDESTE,PB,ETANOL,2502003,BELEM DO BREJO DO CRUZ,24000
2013,REGIÃO NORDESTE,PB,ETANOL,2502151,BOA VISTA,15000
2013,REGIÃO NORDESTE,PB,ETANOL,2502409,BONITO DE SANTA FE,36000
2013,REGIÃO NORDESTE,PB,ETANOL,2502508,BOQUEIRAO,119500
2013,REGIÃO NORDESTE,PB,ETANOL,2502706,BORBOREMA,20000
2013,REGIÃO NORDESTE,PB,ETANOL,2502805,BREJO DO CRUZ,84000
2013,REGIÃO NORDESTE,PB,ETANOL,2502904,BREJO DOS SANTOS,39000
2013,REGIÃO NORDESTE,PB,ETANOL,2503001,CAAPORA,203000
2013,REGIÃO NORDESTE,PB,ETANOL,2503100,CABACEIRAS,36000
2013,REGIÃO NORDESTE,PB,ETANOL,2503209,CABEDELO,2973480
2013,REGIÃO NORDESTE,PB,ETANOL,2503308,CACHOEIRA DOS INDIOS,214000
2013,REGIÃO NORDESTE,PB,ETANOL,2503506,CACIMBA DE DENTRO,65000
2013,REGIÃO NORDESTE,PB,ETANOL,2503605,CAICARA,50500
2013,REGIÃO NORDESTE,PB,ETANOL,2503704,CAJAZEIRAS,820500
2013,REGIÃO NORDESTE,PB,ETANOL,2503803,CALDAS BRANDAO,245000
2013,REGIÃO NORDESTE,PB,ETANOL,2503902,CAMALAU,33500
2013,REGIÃO NORDESTE,PB,ETANOL,2504009,CAMPINA GRANDE,8746480
2013,REGIÃO NORDESTE,PB,ETANOL,2504033,CAPIM,20000
2013,REGIÃO NORDESTE,PB,ETANOL,2504157,CASSERENGUE,28000
2013,REGIÃO NORDESTE,PB,ETANOL,2504207,CATINGUEIRA,18000
2013,REGIÃO NORDESTE,PB,ETANOL,2504306,CATOLE DO ROCHA,404000
2013,REGIÃO NORDESTE,PB,ETANOL,2504355,CATURITE,30000
2013,REGIÃO NORDESTE,PB,ETANOL,2504405,CONCEICAO,80500
2013,REGIÃO NORDESTE,PB,ETANOL,2504504,CONDADO,80000
2013,REGIÃO NORDESTE,PB,ETANOL,2504603,CONDE,833050
2013,REGIÃO NORDESTE,PB,ETANOL,2504702,CONGO,42000
2013,REGIÃO NORDESTE,PB,ETANOL,2504801,COREMAS,59000
2013,REGIÃO NORDESTE,PB,ETANOL,2504900,CRUZ DO ESPIRITO SANTO,52000
2013,REGIÃO NORDESTE,PB,ETANOL,2505006,CUBATI,27500
2013,REGIÃO NORDESTE,PB,ETANOL,2505105,CUITE,103000
2013,REGIÃO NORDESTE,PB,ETANOL,2505204,CUITEGI,101000
2013,REGIÃO NORDESTE,PB,ETANOL,2505352,DAMIAO,28500
2013,REGIÃO NORDESTE,PB,ETANOL,2505402,DESTERRO,65000
2013,REGIÃO NORDESTE,PB,ETANOL,2505600,DIAMANTE,26730
2013,REGIÃO NORDESTE,PB,ETANOL,2505709,DONA INES,28000
2013,REGIÃO NORDESTE,PB,ETANOL,2505808,DUAS ESTRADAS,15000
2013,REGIÃO NORDESTE,PB,ETANOL,2506004,ESPERANCA,264000
2013,REGIÃO NORDESTE,PB,ETANOL,2506103,FAGUNDES,67500
2013,REGIÃO NORDESTE,PB,ETANOL,2506301,GUARABIRA,1266000
2013,REGIÃO NORDESTE,PB,ETANOL,2506400,GURINHEM,285500
2013,REGIÃO NORDESTE,PB,ETANOL,2506509,GURJAO,13000
2013,REGIÃO NORDESTE,PB,ETANOL,2506608,IBIARA,8000
2013,REGIÃO NORDESTE,PB,ETANOL,2506707,IMACULADA,30000
2013,REGIÃO NORDESTE,PB,ETANOL,2506806,INGA,147000
2013,REGIÃO NORDESTE,PB,ETANOL,2506905,ITABAIANA,421500
2013,REGIÃO NORDESTE,PB,ETANOL,2507002,ITAPORANGA,48000
2013,REGIÃO NORDESTE,PB,ETANOL,2507101,ITAPOROROCA,177000
2013,REGIÃO NORDESTE,PB,ETANOL,2507200,ITATUBA,20000
2013,REGIÃO NORDESTE,PB,ETANOL,2507309,JACARAU,138500
2013,REGIÃO NORDESTE,PB,ETANOL,2507507,JOAO PESSOA,18735287
2013,REGIÃO NORDESTE,PB,ETANOL,2507606,JUAREZ TAVORA,42000
2013,REGIÃO NORDESTE,PB,ETANOL,2507705,JUAZEIRINHO,106000
2013,REGIÃO NORDESTE,PB,ETANOL,2507804,JUNCO DO SERIDO,50500
2013,REGIÃO NORDESTE,PB,ETANOL,2507903,JURIPIRANGA,25500
2013,REGIÃO NORDESTE,PB,ETANOL,2508000,JURU,21000
2013,REGIÃO NORDESTE,PB,ETANOL,2508208,LAGOA DE DENTRO,21000
2013,REGIÃO NORDESTE,PB,ETANOL,2508307,LAGOA SECA,207000
2013,REGIÃO NORDESTE,PB,ETANOL,2508505,LIVRAMENTO,29000
2013,REGIÃO NORDESTE,PB,ETANOL,2508554,LOGRADOURO,55500
2013,REGIÃO NORDESTE,PB,ETANOL,2508604,LUCENA,100000
2013,REGIÃO NORDESTE,PB,ETANOL,2508802,MALTA,50000
2013,REGIÃO NORDESTE,PB,ETANOL,2508901,MAMANGUAPE,1291950
2013,REGIÃO NORDESTE,PB,ETANOL,2509057,MARCACAO,33000
2013,REGIÃO NORDESTE,PB,ETANOL,2509107,MARI,167000
2013,REGIÃO NORDESTE,PB,ETANOL,2509156,MARIZOPOLIS,75000
2013,REGIÃO NORDESTE,PB,ETANOL,2509206,MASSARANDUBA,46000
2013,REGIÃO NORDESTE,PB,ETANOL,2509305,MATARACA,74500
2013,REGIÃO NORDESTE,PB,ETANOL,2509339,MATINHAS,20000
2013,REGIÃO NORDESTE,PB,ETANOL,2509396,MATUREIA,26000
2013,REGIÃO NORDESTE,PB,ETANOL,2509404,MOGEIRO,12500
2013,REGIÃO NORDESTE,PB,ETANOL,2509503,MONTADAS,15500
2013,REGIÃO NORDESTE,PB,ETANOL,2509701,MONTEIRO,273500
2013,REGIÃO NORDESTE,PB,ETANOL,2509909,NATUBA,32000
2013,REGIÃO NORDESTE,PB,ETANOL,2510303,NOVA PALMEIRA,21500
2013,REGIÃO NORDESTE,PB,ETANOL,2510600,OURO VELHO,5500
2013,REGIÃO NORDESTE,PB,ETANOL,2510808,PATOS,850000
2013,REGIÃO NORDESTE,PB,ETANOL,2510907,PAULISTA,45000
2013,REGIÃO NORDESTE,PB,ETANOL,2511103,PEDRA LAVRADA,21050
2013,REGIÃO NORDESTE,PB,ETANOL,2511202,PEDRAS DE FOGO,57000
2013,REGIÃO NORDESTE,PB,ETANOL,2512721,PEDRO REGIS,17500
2013,REGIÃO NORDESTE,PB,ETANOL,2511301,PIANCO,43000
2013,REGIÃO NORDESTE,PB,ETANOL,2511400,PICUI,150150
2013,REGIÃO NORDESTE,PB,ETANOL,2511509,PILAR,3000
2013,REGIÃO NORDESTE,PB,ETANOL,2511608,PILOES,33550
2013,REGIÃO NORDESTE,PB,ETANOL,2511707,PILOEZINHOS,14000
2013,REGIÃO NORDESTE,PB,ETANOL,2511806,PIRPIRITUBA,60500
2013,REGIÃO NORDESTE,PB,ETANOL,2511905,PITIMBU,58000
2013,REGIÃO NORDESTE,PB,ETANOL,2512002,POCINHOS,159120
2013,REGIÃO NORDESTE,PB,ETANOL,2512101,POMBAL,162500
2013,REGIÃO NORDESTE,PB,ETANOL,2512200,PRATA,30000
2013,REGIÃO NORDESTE,PB,ETANOL,2512309,PRINCESA ISABEL,99000
2013,REGIÃO NORDESTE,PB,ETANOL,2512507,QUEIMADAS,460000
2013,REGIÃO NORDESTE,PB,ETANOL,2512705,REMIGIO,418750
2013,REGIÃO NORDESTE,PB,ETANOL,2512754,RIACHAO DO BACAMARTE,112500
2013,REGIÃO NORDESTE,PB,ETANOL,2512762,RIACHAO DO POCO,142000
2013,REGIÃO NORDESTE,PB,ETANOL,2512804,RIACHO DOS CAVALOS,15000
2013,REGIÃO NORDESTE,PB,ETANOL,2512903,RIO TINTO,198000
2013,REGIÃO NORDESTE,PB,ETANOL,2513109,SALGADO DE SAO FELIX,48460
2013,REGIÃO NORDESTE,PB,ETANOL,2513208,SANTA CRUZ,15000
2013,REGIÃO NORDESTE,PB,ETANOL,2513307,SANTA HELENA,30000
2013,REGIÃO NORDESTE,PB,ETANOL,2513406,SANTA LUZIA,225000
2013,REGIÃO NORDESTE,PB,ETANOL,2513703,SANTA RITA,2836050
2013,REGIÃO NORDESTE,PB,ETANOL,2513802,SANTA TERESINHA,21000
2013,REGIÃO NORDESTE,PB,ETANOL,2513901,SAO BENTO,183000
2013,REGIÃO NORDESTE,PB,ETANOL,2514008,SAO JOAO DO CARIRI,36000
2013,REGIÃO NORDESTE,PB,ETANOL,2500700,SAO JOAO DO RIO DO PEIXE,124000
2013,REGIÃO NORDESTE,PB,ETANOL,2514107,SAO JOAO DO TIGRE,15000
2013,REGIÃO NORDESTE,PB,ETANOL,2514206,SAO JOSE DA LAGOA TAPADA,12000
2013,REGIÃO NORDESTE,PB,ETANOL,2514305,SAO JOSE DE CAIANA,17500
2013,REGIÃO NORDESTE,PB,ETANOL,2514503,SAO JOSE DE PIRANHAS,126500
2013,REGIÃO NORDESTE,PB,ETANOL,2514909,SAO MAMEDE,35000
2013,REGIÃO NORDESTE,PB,ETANOL,2515005,SAO MIGUEL DE TAIPU,41050
2013,REGIÃO NORDESTE,PB,ETANOL,2515104,SAO SEBASTIAO DE LAGOA DE ROCA,49500
2013,REGIÃO NORDESTE,PB,ETANOL,2515401,SAO VICENTE DO SERIDO,30000
2013,REGIÃO NORDESTE,PB,ETANOL,2515302,SAPE,707500
2013,REGIÃO NORDESTE,PB,ETANOL,2515500,SERRA BRANCA,96500
2013,REGIÃO NORDESTE,PB,ETANOL,2515807,SERRA REDONDA,50000
2013,REGIÃO NORDESTE,PB,ETANOL,2515906,SERRARIA,15000
2013,REGIÃO NORDESTE,PB,ETANOL,2515971,SOBRADO,206000
2013,REGIÃO NORDESTE,PB,ETANOL,2516003,SOLANEA,336500
2013,REGIÃO NORDESTE,PB,ETANOL,2516102,SOLEDADE,207840
2013,REGIÃO NORDESTE,PB,ETANOL,2516151,SOSSEGO,5000
2013,REGIÃO NORDESTE,PB,ETANOL,2516201,SOUSA,390500
2013,REGIÃO NORDESTE,PB,ETANOL,2516300,SUME,171500
2013,REGIÃO NORDESTE,PB,ETANOL,2516409,TACIMA,41500
2013,REGIÃO NORDESTE,PB,ETANOL,2516508,TAPEROA,66000
2013,REGIÃO NORDESTE,PB,ETANOL,2516607,TAVARES,25000
2013,REGIÃO NORDESTE,PB,ETANOL,2516706,TEIXEIRA,82000
2013,REGIÃO NORDESTE,PB,ETANOL,2516904,UIRAUNA,124000
2013,REGIÃO NORDESTE,PB,ETANOL,2517001,UMBUZEIRO,36000
2013,REGIÃO NORDESTE,PB,ETANOL,2505501,VISTA SERRANA,13500
2014,REGIÃO NORDESTE,PB,ETANOL,2500106,AGUA BRANCA,10000
2014,REGIÃO NORDESTE,PB,ETANOL,2500304,ALAGOA GRANDE,190000
2014,REGIÃO NORDESTE,PB,ETANOL,2500403,ALAGOA NOVA,84000
2014,REGIÃO NORDESTE,PB,ETANOL,2500502,ALAGOINHA,48000
2014,REGIÃO NORDESTE,PB,ETANOL,2500536,ALCANTIL,40000
2014,REGIÃO NORDESTE,PB,ETANOL,2500601,ALHANDRA,723450
2014,REGIÃO NORDESTE,PB,ETANOL,2500734,AMPARO,35000
2014,REGIÃO NORDESTE,PB,ETANOL,2500775,APARECIDA,157000
2014,REGIÃO NORDESTE,PB,ETANOL,2500809,ARACAGI,84000
2014,REGIÃO NORDESTE,PB,ETANOL,2500908,ARARA,71500
2014,REGIÃO NORDESTE,PB,ETANOL,2501005,ARARUNA,172500
2014,REGIÃO NORDESTE,PB,ETANOL,2501104,AREIA,179742
2014,REGIÃO NORDESTE,PB,ETANOL,2501302,AROEIRAS,100000
2014,REGIÃO NORDESTE,PB,ETANOL,2501351,ASSUNCAO,55000
2014,REGIÃO NORDESTE,PB,ETANOL,2501401,BAIA DA TRAICAO,117000
2014,REGIÃO NORDESTE,PB,ETANOL,2501500,BANANEIRAS,169000
2014,REGIÃO NORDESTE,PB,ETANOL,2501534,BARAUNA,0
2014,REGIÃO NORDESTE,PB,ETANOL,2501609,BARRA DE SANTA ROSA,119700
2014,REGIÃO NORDESTE,PB,ETANOL,2501575,BARRA DE SANTANA,62000
2014,REGIÃO NORDESTE,PB,ETANOL,2501708,BARRA DE SAO MIGUEL,49000
2014,REGIÃO NORDESTE,PB,ETANOL,2501807,BAYEUX,2256700
2014,REGIÃO NORDESTE,PB,ETANOL,2501906,BELEM,379000
2014,REGIÃO NORDESTE,PB,ETANOL,2502151,BOA VISTA,45000
2014,REGIÃO NORDESTE,PB,ETANOL,2502409,BONITO DE SANTA FE,39000
2014,REGIÃO NORDESTE,PB,ETANOL,2502508,BOQUEIRAO,150000
2014,REGIÃO NORDESTE,PB,ETANOL,2502706,BORBOREMA,22550
2014,REGIÃO NORDESTE,PB,ETANOL,2502805,BREJO DO CRUZ,122500
2014,REGIÃO NORDESTE,PB,ETANOL,2502904,BREJO DOS SANTOS,21000
2014,REGIÃO NORDESTE,PB,ETANOL,2503001,CAAPORA,267500
2014,REGIÃO NORDESTE,PB,ETANOL,2503100,CABACEIRAS,60000
2014,REGIÃO NORDESTE,PB,ETANOL,2503209,CABEDELO,4118000
2014,REGIÃO NORDESTE,PB,ETANOL,2503308,CACHOEIRA DOS INDIOS,231000
2014,REGIÃO NORDESTE,PB,ETANOL,2503506,CACIMBA DE DENTRO,7000
2014,REGIÃO NORDESTE,PB,ETANOL,2503605,CAICARA,70000
2014,REGIÃO NORDESTE,PB,ETANOL,2503704,CAJAZEIRAS,1025000
2014,REGIÃO NORDESTE,PB,ETANOL,2503803,CALDAS BRANDAO,313000
2014,REGIÃO NORDESTE,PB,ETANOL,2503902,CAMALAU,25000
2014,REGIÃO NORDESTE,PB,ETANOL,2504009,CAMPINA GRANDE,11192250
2014,REGIÃO NORDESTE,PB,ETANOL,2504033,CAPIM,19500
2014,REGIÃO NORDESTE,PB,ETANOL,2504157,CASSERENGUE,29000
2014,REGIÃO NORDESTE,PB,ETANOL,2504207,CATINGUEIRA,30000
2014,REGIÃO NORDESTE,PB,ETANOL,2504306,CATOLE DO ROCHA,459000
2014,REGIÃO NORDESTE,PB,ETANOL,2504355,CATURITE,34000
2014,REGIÃO NORDESTE,PB,ETANOL,2504405,CONCEICAO,113500
2014,REGIÃO NORDESTE,PB,ETANOL,2504504,CONDADO,101000
2014,REGIÃO NORDESTE,PB,ETANOL,2504603,CONDE,1340050
2014,REGIÃO NORDESTE,PB,ETANOL,2504702,CONGO,55000
2014,REGIÃO NORDESTE,PB,ETANOL,2504801,COREMAS,75000
2014,REGIÃO NORDESTE,PB,ETANOL,2504850,COXIXOLA,10500
2014,REGIÃO NORDESTE,PB,ETANOL,2504900,CRUZ DO ESPIRITO SANTO,53000
2014,REGIÃO NORDESTE,PB,ETANOL,2505006,CUBATI,34000
2014,REGIÃO NORDESTE,PB,ETANOL,2505105,CUITE,125000
2014,REGIÃO NORDESTE,PB,ETANOL,2505238,CUITE DE MAMANGUAPE,15000
2014,REGIÃO NORDESTE,PB,ETANOL,2505204,CUITEGI,118500
2014,REGIÃO NORDESTE,PB,ETANOL,2505352,DAMIAO,24500
2014,REGIÃO NORDESTE,PB,ETANOL,2505402,DESTERRO,76440
2014,REGIÃO NORDESTE,PB,ETANOL,2505600,DIAMANTE,48540
2014,REGIÃO NORDESTE,PB,ETANOL,2505709,DONA INES,33500
2014,REGIÃO NORDESTE,PB,ETANOL,2505808,DUAS ESTRADAS,10000
2014,REGIÃO NORDESTE,PB,ETANOL,2506004,ESPERANCA,294000
2014,REGIÃO NORDESTE,PB,ETANOL,2506103,FAGUNDES,92500
2014,REGIÃO NORDESTE,PB,ETANOL,2506301,GUARABIRA,1705500
2014,REGIÃO NORDESTE,PB,ETANOL,2506400,GURINHEM,445000
2014,REGIÃO NORDESTE,PB,ETANOL,2506509,GURJAO,21000
2014,REGIÃO NORDESTE,PB,ETANOL,2506608,IBIARA,9000
2014,REGIÃO NORDESTE,PB,ETANOL,2506707,IMACULADA,55500
2014,REGIÃO NORDESTE,PB,ETANOL,2506806,INGA,153000
2014,REGIÃO NORDESTE,PB,ETANOL,2506905,ITABAIANA,600000
2014,REGIÃO NORDESTE,PB,ETANOL,2507002,ITAPORANGA,58000
2014,REGIÃO NORDESTE,PB,ETANOL,2507101,ITAPOROROCA,240000
2014,REGIÃO NORDESTE,PB,ETANOL,2507200,ITATUBA,38000
2014,REGIÃO NORDESTE,PB,ETANOL,2507309,JACARAU,185000
2014,REGIÃO NORDESTE,PB,ETANOL,2507507,JOAO PESSOA,24676809
2014,REGIÃO NORDESTE,PB,ETANOL,2507606,JUAREZ TAVORA,137500
2014,REGIÃO NORDESTE,PB,ETANOL,2507705,JUAZEIRINHO,102000
2014,REGIÃO NORDESTE,PB,ETANOL,2507804,JUNCO DO SERIDO,49500
2014,REGIÃO NORDESTE,PB,ETANOL,2507903,JURIPIRANGA,48000
2014,REGIÃO NORDESTE,PB,ETANOL,2508000,JURU,28000
2014,REGIÃO NORDESTE,PB,ETANOL,2508208,LAGOA DE DENTRO,25000
2014,REGIÃO NORDESTE,PB,ETANOL,2508307,LAGOA SECA,242000
2014,REGIÃO NORDESTE,PB,ETANOL,2508505,LIVRAMENTO,33500
2014,REGIÃO NORDESTE,PB,ETANOL,2508554,LOGRADOURO,102000
2014,REGIÃO NORDESTE,PB,ETANOL,2508604,LUCENA,72000
2014,REGIÃO NORDESTE,PB,ETANOL,2508802,MALTA,61500
2014,REGIÃO NORDESTE,PB,ETANOL,2508901,MAMANGUAPE,1582050
2014,REGIÃO NORDESTE,PB,ETANOL,2509057,MARCACAO,67500
2014,REGIÃO NORDESTE,PB,ETANOL,2509107,MARI,193000
2014,REGIÃO NORDESTE,PB,ETANOL,2509156,MARIZOPOLIS,95000
2014,REGIÃO NORDESTE,PB,ETANOL,2509206,MASSARANDUBA,59000
2014,REGIÃO NORDESTE,PB,ETANOL,2509305,MATARACA,84000
2014,REGIÃO NORDESTE,PB,ETANOL,2509370,MATO GROSSO,63000
2014,REGIÃO NORDESTE,PB,ETANOL,2509396,MATUREIA,36000
2014,REGIÃO NORDESTE,PB,ETANOL,2509404,MOGEIRO,7500
2014,REGIÃO NORDESTE,PB,ETANOL,2509503,MONTADAS,33500
2014,REGIÃO NORDESTE,PB,ETANOL,2509701,MONTEIRO,311000
2014,REGIÃO NORDESTE,PB,ETANOL,2509909,NATUBA,69000
2014,REGIÃO NORDESTE,PB,ETANOL,2510303,NOVA PALMEIRA,32600
2014,REGIÃO NORDESTE,PB,ETANOL,2510808,PATOS,1019000
2014,REGIÃO NORDESTE,PB,ETANOL,2510907,PAULISTA,50000
2014,REGIÃO NORDESTE,PB,ETANOL,2511103,PEDRA LAVRADA,36000
2014,REGIÃO NORDESTE,PB,ETANOL,2511202,PEDRAS DE FOGO,122000
2014,REGIÃO NORDESTE,PB,ETANOL,2512721,PEDRO REGIS,22500
2014,REGIÃO NORDESTE,PB,ETANOL,2511400,PICUI,189750
2014,REGIÃO NORDESTE,PB,ETANOL,2511509,PILAR,32500
2014,REGIÃO NORDESTE,PB,ETANOL,2511608,PILOES,37000
2014,REGIÃO NORDESTE,PB,ETANOL,2511707,PILOEZINHOS,10500
2014,REGIÃO NORDESTE,PB,ETANOL,2511806,PIRPIRITUBA,41500
2014,REGIÃO NORDESTE,PB,ETANOL,2511905,PITIMBU,52000
2014,REGIÃO NORDESTE,PB,ETANOL,2512002,POCINHOS,184600
2014,REGIÃO NORDESTE,PB,ETANOL,2512101,POMBAL,210500
2014,REGIÃO NORDESTE,PB,ETANOL,2512200,PRATA,36000
2014,REGIÃO NORDESTE,PB,ETANOL,2512309,PRINCESA ISABEL,117500
2014,REGIÃO NORDESTE,PB,ETANOL,2512507,QUEIMADAS,517500
2014,REGIÃO NORDESTE,PB,ETANOL,2512606,QUIXABA,13000
2014,REGIÃO NORDESTE,PB,ETANOL,2512705,REMIGIO,630350
2014,REGIÃO NORDESTE,PB,ETANOL,2512754,RIACHAO DO BACAMARTE,215500
2014,REGIÃO NORDESTE,PB,ETANOL,2512762,RIACHAO DO POCO,123000
2014,REGIÃO NORDESTE,PB,ETANOL,2512903,RIO TINTO,304500
2014,REGIÃO NORDESTE,PB,ETANOL,2513109,SALGADO DE SAO FELIX,55000
2014,REGIÃO NORDESTE,PB,ETANOL,2513158,SANTA CECILIA,3000
2014,REGIÃO NORDESTE,PB,ETANOL,2513208,SANTA CRUZ,15500
2014,REGIÃO NORDESTE,PB,ETANOL,2513307,SANTA HELENA,35000
2014,REGIÃO NORDESTE,PB,ETANOL,2513406,SANTA LUZIA,287000
2014,REGIÃO NORDESTE,PB,ETANOL,2513703,SANTA RITA,3643000
2014,REGIÃO NORDESTE,PB,ETANOL,2513802,SANTA TERESINHA,12000
2014,REGIÃO NORDESTE,PB,ETANOL,2513927,SAO BENTINHO,3000
2014,REGIÃO NORDESTE,PB,ETANOL,2513901,SAO BENTO,221000
2014,REGIÃO NORDESTE,PB,ETANOL,2514008,SAO JOAO DO CARIRI,43000
2014,REGIÃO NORDESTE,PB,ETANOL,2500700,SAO JOAO DO RIO DO PEIXE,175000
2014,REGIÃO NORDESTE,PB,ETANOL,2514107,SAO JOAO DO TIGRE,16500
2014,REGIÃO NORDESTE,PB,ETANOL,2514206,SAO JOSE DA LAGOA TAPADA,18000
2014,REGIÃO NORDESTE,PB,ETANOL,2514305,SAO JOSE DE CAIANA,17000
2014,REGIÃO NORDESTE,PB,ETANOL,2514503,SAO JOSE DE PIRANHAS,105000
2014,REGIÃO NORDESTE,PB,ETANOL,2514909,SAO MAMEDE,39500
2014,REGIÃO NORDESTE,PB,ETANOL,2515005,SAO MIGUEL DE TAIPU,28000
2014,REGIÃO NORDESTE,PB,ETANOL,2515104,SAO SEBASTIAO DE LAGOA DE ROCA,33000
2014,REGIÃO NORDESTE,PB,ETANOL,2515401,SAO VICENTE DO SERIDO,42500
2014,REGIÃO NORDESTE,PB,ETANOL,2515302,SAPE,868050
2014,REGIÃO NORDESTE,PB,ETANOL,2515500,SERRA BRANCA,124000
2014,REGIÃO NORDESTE,PB,ETANOL,2515807,SERRA REDONDA,43000
2014,REGIÃO NORDESTE,PB,ETANOL,2515906,SERRARIA,21000
2014,REGIÃO NORDESTE,PB,ETANOL,2515971,SOBRADO,389500
2014,REGIÃO NORDESTE,PB,ETANOL,2516003,SOLANEA,427500
2014,REGIÃO NORDESTE,PB,ETANOL,2516102,SOLEDADE,333320
2014,REGIÃO NORDESTE,PB,ETANOL,2516201,SOUSA,491500
2014,REGIÃO NORDESTE,PB,ETANOL,2516300,SUME,216000
2014,REGIÃO NORDESTE,PB,ETANOL,2516409,TACIMA,85000
2014,REGIÃO NORDESTE,PB,ETANOL,2516508,TAPEROA,89000
2014,REGIÃO NORDESTE,PB,ETANOL,2516706,TEIXEIRA,157000
2014,REGIÃO NORDESTE,PB,ETANOL,2516904,UIRAUNA,147000
2014,REGIÃO NORDESTE,PB,ETANOL,2517001,UMBUZEIRO,45000
2014,REGIÃO NORDESTE,PB,ETANOL,2505501,VISTA SERRANA,10500
2015,REGIÃO NORDESTE,PB,ETANOL,2500106,AGUA BRANCA,125000
2015,REGIÃO NORDESTE,PB,ETANOL,2500304,ALAGOA GRANDE,240000
2015,REGIÃO NORDESTE,PB,ETANOL,2500403,ALAGOA NOVA,190000
2015,REGIÃO NORDESTE,PB,ETANOL,2500502,ALAGOINHA,96000
2015,REGIÃO NORDESTE,PB,ETANOL,2500536,ALCANTIL,24000
2015,REGIÃO NORDESTE,PB,ETANOL,2500601,ALHANDRA,1075700
2015,REGIÃO NORDESTE,PB,ETANOL,2500700,AMPARO,20000
2015,REGIÃO NORDESTE,PB,ETANOL,2500734,APARECIDA,335500
2015,REGIÃO NORDESTE,PB,ETANOL,2500775,ARACAGI,150500
2015,REGIÃO NORDESTE,PB,ETANOL,2500809,ARARA,143500
2015,REGIÃO NORDESTE,PB,ETANOL,2500908,ARARUNA,337000
2015,REGIÃO NORDESTE,PB,ETANOL,2501005,AREIA,262500
2015,REGIÃO NORDESTE,PB,ETANOL,2501104,AROEIRAS,115000
2015,REGIÃO NORDESTE,PB,ETANOL,2501302,ASSUNCAO,119000
2015,REGIÃO NORDESTE,PB,ETANOL,2501351,BAIA DA TRAICAO,205000
2015,REGIÃO NORDESTE,PB,ETANOL,2501401,BANANEIRAS,388000
2015,REGIÃO NORDESTE,PB,ETANOL,2501500,BARRA DE SANTA ROSA,209000
2015,REGIÃO NORDESTE,PB,ETANOL,2501575,BARRA DE SANTANA,158000
2015,REGIÃO NORDESTE,PB,ETANOL,2501609,BARRA DE SAO MIGUEL,55000
2015,REGIÃO NORDESTE,PB,ETANOL,2501708,BAYEUX,4040000
2015,REGIÃO NORDESTE,PB,ETANOL,2501807,BELEM,749550
2015,REGIÃO NORDESTE,PB,ETANOL,2501906,BOA VISTA,100000
2015,REGIÃO NORDESTE,PB,ETANOL,2502151,BONITO DE SANTA FE,57000
2015,REGIÃO NORDESTE,PB,ETANOL,2502409,BOQUEIRAO,311500
2015,REGIÃO NORDESTE,PB,ETANOL,2502508,BORBOREMA,40050
2015,REGIÃO NORDESTE,PB,ETANOL,2502706,BREJO DO CRUZ,231500
2015,REGIÃO NORDESTE,PB,ETANOL,2502805,BREJO DOS SANTOS,45000
2015,REGIÃO NORDESTE,PB,ETANOL,2502904,CAAPORA,459450
2015,REGIÃO NORDESTE,PB,ETANOL,2503001,CABACEIRAS,84000
2015,REGIÃO NORDESTE,PB,ETANOL,2503100,CABEDELO,6387000
2015,REGIÃO NORDESTE,PB,ETANOL,2503209,CACHOEIRA DOS INDIOS,353000
2015,REGIÃO NORDESTE,PB,ETANOL,2503308,CACIMBA DE DENTRO,41000
2015,REGIÃO NORDESTE,PB,ETANOL,2503506,CAICARA,124500
2015,REGIÃO NORDESTE,PB,ETANOL,2503605,CAJAZEIRAS,1777200
2015,REGIÃO NORDESTE,PB,ETANOL,2503704,CALDAS BRANDAO,480000
2015,REGIÃO NORDESTE,PB,ETANOL,2503803,CAMALAU,57000
2015,REGIÃO NORDESTE,PB,ETANOL,2503902,CAMPINA GRANDE,28098969
2015,REGIÃO NORDESTE,PB,ETANOL,2504009,CAPIM,32500
2015,REGIÃO NORDESTE,PB,ETANOL,2504033,CASSERENGUE,46000
2015,REGIÃO NORDESTE,PB,ETANOL,2504157,CATINGUEIRA,60000
2015,REGIÃO NORDESTE,PB,ETANOL,2504207,CATOLE DO ROCHA,771000
2015,REGIÃO NORDESTE,PB,ETANOL,2504306,CATURITE,72000
2015,REGIÃO NORDESTE,PB,ETANOL,2504355,CONCEICAO,161000
2015,REGIÃO NORDESTE,PB,ETANOL,2504405,CONDADO,161000
2015,REGIÃO NORDESTE,PB,ETANOL,2504504,CONDE,2173500
2015,REGIÃO NORDESTE,PB,ETANOL,2504603,CONGO,95500
2015,REGIÃO NORDESTE,PB,ETANOL,2504702,COREMAS,139000
2015,REGIÃO NORDESTE,PB,ETANOL,2504801,COXIXOLA,20000
2015,REGIÃO NORDESTE,PB,ETANOL,2504850,CRUZ DO ESPIRITO SANTO,172000
2015,REGIÃO NORDESTE,PB,ETANOL,2504900,CUBATI,49000
2015,REGIÃO NORDESTE,PB,ETANOL,2505003,CUITE,317000
2015,REGIÃO NORDESTE,PB,ETANOL,2505006,CUITE DE MAMANGUAPE,24000
2015,REGIÃO NORDESTE,PB,ETANOL,2505105,CUITEGI,161000
2015,REGIÃO NORDESTE,PB,ETANOL,2505204,DAMIAO,42000
2015,REGIÃO NORDESTE,PB,ETANOL,2505238,DESTERRO,139960
2015,REGIÃO NORDESTE,PB,ETANOL,2505352,DIAMANTE,122990
2015,REGIÃO NORDESTE,PB,ETANOL,2505402,DONA INES,94500
2015,REGIÃO NORDESTE,PB,ETANOL,2505501,DUAS ESTRADAS,30000
2015,REGIÃO NORDESTE,PB,ETANOL,2505600,ESPERANCA,650000
2015,REGIÃO NORDESTE,PB,ETANOL,2505709,FAGUNDES,184000
2015,REGIÃO NORDESTE,PB,ETANOL,2505808,GUARABIRA,2835500
2015,REGIÃO NORDESTE,PB,ETANOL,2506004,GURINHEM,685500
2015,REGIÃO NORDESTE,PB,ETANOL,2506103,GURJAO,25000
2015,REGIÃO NORDESTE,PB,ETANOL,2506301,IBIARA,15000
2015,REGIÃO NORDESTE,PB,ETANOL,2506400,IMACULADA,72500
2015,REGIÃO NORDESTE,PB,ETANOL,2506509,INGA,263000
2015,REGIÃO NORDESTE,PB,ETANOL,2506608,ITABAIANA,870000
2015,REGIÃO NORDESTE,PB,ETANOL,2506707,ITAPORANGA,100000
2015,REGIÃO NORDESTE,PB,ETANOL,2506806,ITAPOROROCA,478050
2015,REGIÃO NORDESTE,PB,ETANOL,2506905,ITATUBA,71500
2015,REGIÃO NORDESTE,PB,ETANOL,2507002,JACARAU,439500
2015,REGIÃO NORDESTE,PB,ETANOL,2507101,JOAO PESSOA,41821955
2015,REGIÃO NORDESTE,PB,ETANOL,2507200,JUAREZ TAVORA,237500
2015,REGIÃO NORDESTE,PB,ETANOL,2507309,JUAZEIRINHO,215000
2015,REGIÃO NORDESTE,PB,ETANOL,2507507,JUNCO DO SERIDO,48000
2015,REGIÃO NORDESTE,PB,ETANOL,2507606,JURIPIRANGA,61000
2015,REGIÃO NORDESTE,PB,ETANOL,2507705,JURU,44500
2015,REGIÃO NORDESTE,PB,ETANOL,2507804,LAGOA DE DENTRO,2500
2015,REGIÃO NORDESTE,PB,ETANOL,2507903,LAGOA SECA,424000
2015,REGIÃO NORDESTE,PB,ETANOL,2508000,LIVRAMENTO,65500
2015,REGIÃO NORDESTE,PB,ETANOL,2508208,LOGRADOURO,256500
2015,REGIÃO NORDESTE,PB,ETANOL,2508307,LUCENA,161000
2015,REGIÃO NORDESTE,PB,ETANOL,2508505,MALTA,114500
2015,REGIÃO NORDESTE,PB,ETANOL,2508554,MAMANGUAPE,2842000
2015,REGIÃO NORDESTE,PB,ETANOL,2508604,MARCACAO,67500
2015,REGIÃO NORDESTE,PB,ETANOL,2508802,MARI,427500
2015,REGIÃO NORDESTE,PB,ETANOL,2508901,MARIZOPOLIS,174000
2015,REGIÃO NORDESTE,PB,ETANOL,2509057,MASSARANDUBA,131000
2015,REGIÃO NORDESTE,PB,ETANOL,2509107,MATARACA,109000
2015,REGIÃO NORDESTE,PB,ETANOL,2509156,MATINHAS,3000
2015,REGIÃO NORDESTE,PB,ETANOL,2509206,MATUREIA,52000
2015,REGIÃO NORDESTE,PB,ETANOL,2509305,MOGEIRO,58050
2015,REGIÃO NORDESTE,PB,ETANOL,2509339,MONTADAS,54500
2015,REGIÃO NORDESTE,PB,ETANOL,2509396,MONTE HOREBE,27000
2015,REGIÃO NORDESTE,PB,ETANOL,2509404,MONTEIRO,554500
2015,REGIÃO NORDESTE,PB,ETANOL,2509503,NATUBA,141000
2015,REGIÃO NORDESTE,PB,ETANOL,2509602,NOVA FLORESTA,10000
2015,REGIÃO NORDESTE,PB,ETANOL,2509701,NOVA PALMEIRA,75000
2015,REGIÃO NORDESTE,PB,ETANOL,2509909,PATOS,3011000
2015,REGIÃO NORDESTE,PB,ETANOL,2510105,PAULISTA,88000
2015,REGIÃO NORDESTE,PB,ETANOL,2510303,PEDRAS DE FOGO,229000
2015,REGIÃO NORDESTE,PB,ETANOL,2510808,PEDRO REGIS,58500
2015,REGIÃO NORDESTE,PB,ETANOL,2510907,PICUI,547100
2015,REGIÃO NORDESTE,PB,ETANOL,2511202,PILAR,163500
2015,REGIÃO NORDESTE,PB,ETANOL,2511400,PILOES,67100
2015,REGIÃO NORDESTE,PB,ETANOL,2511509,PILOEZINHOS,6000
2015,REGIÃO NORDESTE,PB,ETANOL,2511608,PIRPIRITUBA,221500
2015,REGIÃO NORDESTE,PB,ETANOL,2511707,PITIMBU,92000
2015,REGIÃO NORDESTE,PB,ETANOL,2511806,POCINHOS,345000
2015,REGIÃO NORDESTE,PB,ETANOL,2511905,POMBAL,331000
2015,REGIÃO NORDESTE,PB,ETANOL,2512002,PRATA,49500
2015,REGIÃO NORDESTE,PB,ETANOL,2512101,PRINCESA ISABEL,204500
2015,REGIÃO NORDESTE,PB,ETANOL,2512200,QUEIMADAS,858500
2015,REGIÃO NORDESTE,PB,ETANOL,2512309,QUIXABA,70000
2015,REGIÃO NORDESTE,PB,ETANOL,2512507,REMIGIO,1798500
2015,REGIÃO NORDESTE,PB,ETANOL,2512606,RIACHAO DO BACAMARTE,436000
2015,REGIÃO NORDESTE,PB,ETANOL,2512705,RIACHAO DO POCO,264000
2015,REGIÃO NORDESTE,PB,ETANOL,2512721,RIO TINTO,374846
2015,REGIÃO NORDESTE,PB,ETANOL,2512754,SALGADO DE SAO FELIX,86000
2015,REGIÃO NORDESTE,PB,ETANOL,2512762,SANTA CECILIA,21000
2015,REGIÃO NORDESTE,PB,ETANOL,2512903,SANTA CRUZ,49000
2015,REGIÃO NORDESTE,PB,ETANOL,2513109,SANTA HELENA,53000
2015,REGIÃO NORDESTE,PB,ETANOL,2513158,SANTA LUZIA,593500
2015,REGIÃO NORDESTE,PB,ETANOL,2513208,SANTA RITA,5739500
2015,REGIÃO NORDESTE,PB,ETANOL,2513307,SANTA TERESINHA,24000
2015,REGIÃO NORDESTE,PB,ETANOL,2513406,SANTO ANDRE,16000
2015,REGIÃO NORDESTE,PB,ETANOL,2513703,SAO BENTINHO,49000
2015,REGIÃO NORDESTE,PB,ETANOL,2513802,SAO BENTO,378500
2015,REGIÃO NORDESTE,PB,ETANOL,2513851,SAO DOMINGOS DO CARIRI,3000
2015,REGIÃO NORDESTE,PB,ETANOL,2513901,SAO JOAO DO CARIRI,87000
2015,REGIÃO NORDESTE,PB,ETANOL,2513927,SAO JOAO DO RIO DO PEIXE,338000
2015,REGIÃO NORDESTE,PB,ETANOL,2513943,SAO JOAO DO TIGRE,9000
2015,REGIÃO NORDESTE,PB,ETANOL,2514008,SAO JOSE DA LAGOA TAPADA,23000
2015,REGIÃO NORDESTE,PB,ETANOL,2514107,SAO JOSE DE CAIANA,31000
2015,REGIÃO NORDESTE,PB,ETANOL,2514206,SAO JOSE DE PIRANHAS,227000
2015,REGIÃO NORDESTE,PB,ETANOL,2514305,SAO JOSE DO SABUGI,12000
2015,REGIÃO NORDESTE,PB,ETANOL,2514503,SAO MAMEDE,81500
2015,REGIÃO NORDESTE,PB,ETANOL,2514701,SAO MIGUEL DE TAIPU,39500
2015,REGIÃO NORDESTE,PB,ETANOL,2514909,SAO SEBASTIAO DE LAGOA DE ROCA,289000
2015,REGIÃO NORDESTE,PB,ETANOL,2515005,SAO SEBASTIAO DO UMBUZEIRO,0
2015,REGIÃO NORDESTE,PB,ETANOL,2515104,SAO VICENTE DO SERIDO,60500
2015,REGIÃO NORDESTE,PB,ETANOL,2515203,SAPE,1453000
2015,REGIÃO NORDESTE,PB,ETANOL,2515302,SERRA BRANCA,234500
2015,REGIÃO NORDESTE,PB,ETANOL,2515500,SERRA REDONDA,106000
2015,REGIÃO NORDESTE,PB,ETANOL,2515807,SERRARIA,33000
2015,REGIÃO NORDESTE,PB,ETANOL,2515906,SOBRADO,671500
2015,REGIÃO NORDESTE,PB,ETANOL,2515971,SOLANEA,1138500
2015,REGIÃO NORDESTE,PB,ETANOL,2516003,SOLEDADE,680620
2015,REGIÃO NORDESTE,PB,ETANOL,2516102,SOUSA,961000
2015,REGIÃO NORDESTE,PB,ETANOL,2516201,SUME,400000
2015,REGIÃO NORDESTE,PB,ETANOL,2516300,TACIMA,175000
2015,REGIÃO NORDESTE,PB,ETANOL,2516409,TAPEROA,175980
2015,REGIÃO NORDESTE,PB,ETANOL,2516508,TAVARES,46000
2015,REGIÃO NORDESTE,PB,ETANOL,2516607,TEIXEIRA,268000
2015,REGIÃO NORDESTE,PB,ETANOL,2516706,UIRAUNA,253500
2015,REGIÃO NORDESTE,PB,ETANOL,2516904,UMBUZEIRO,78500
2015,REGIÃO NORDESTE,PB,ETANOL,2517001,VISTA SERRANA,31000
2016,REGIÃO NORDESTE,PB,ETANOL,2500106,AGUA BRANCA,130000
2016,REGIÃO NORDESTE,PB,ETANOL,2500304,ALAGOA GRANDE,225000
2016,REGIÃO NORDESTE,PB,ETANOL,2500403,ALAGOA NOVA,138000
2016,REGIÃO NORDESTE,PB,ETANOL,2500502,ALAGOINHA,70000
2016,REGIÃO NORDESTE,PB,ETANOL,2500536,ALCANTIL,10000
2016,REGIÃO NORDESTE,PB,ETANOL,2500601,ALHANDRA,585500
2016,REGIÃO NORDESTE,PB,ETANOL,2500700,APARECIDA,145000
2016,REGIÃO NORDESTE,PB,ETANOL,2500775,ARACAGI,180000
2016,REGIÃO NORDESTE,PB,ETANOL,2500809,ARARA,105500
2016,REGIÃO NORDESTE,PB,ETANOL,2500908,ARARUNA,292000
2016,REGIÃO NORDESTE,PB,ETANOL,2501005,AREIA,212550
2016,REGIÃO NORDESTE,PB,ETANOL,2501104,AREIAL,0
2016,REGIÃO NORDESTE,PB,ETANOL,2501203,AROEIRAS,60000
2016,REGIÃO NORDESTE,PB,ETANOL,2501302,ASSUNCAO,81000
2016,REGIÃO NORDESTE,PB,ETANOL,2501351,BAIA DA TRAICAO,187000
2016,REGIÃO NORDESTE,PB,ETANOL,2501401,BANANEIRAS,229000
2016,REGIÃO NORDESTE,PB,ETANOL,2501500,BARRA DE SANTA ROSA,121000
2016,REGIÃO NORDESTE,PB,ETANOL,2501575,BARRA DE SANTANA,132000
2016,REGIÃO NORDESTE,PB,ETANOL,2501609,BARRA DE SAO MIGUEL,46500
2016,REGIÃO NORDESTE,PB,ETANOL,2501708,BAYEUX,2668000
2016,REGIÃO NORDESTE,PB,ETANOL,2501807,BELEM,469950
2016,REGIÃO NORDESTE,PB,ETANOL,2501906,BOA VENTURA,7000
2016,REGIÃO NORDESTE,PB,ETANOL,2502102,BOA VISTA,100000
2016,REGIÃO NORDESTE,PB,ETANOL,2502151,BONITO DE SANTA FE,54000
2016,REGIÃO NORDESTE,PB,ETANOL,2502409,BOQUEIRAO,197500
2016,REGIÃO NORDESTE,PB,ETANOL,2502508,BORBOREMA,35500
2016,REGIÃO NORDESTE,PB,ETANOL,2502706,BREJO DO CRUZ,123500
2016,REGIÃO NORDESTE,PB,ETANOL,2502805,BREJO DOS SANTOS,35000
2016,REGIÃO NORDESTE,PB,ETANOL,2502904,CAAPORA,349000
2016,REGIÃO NORDESTE,PB,ETANOL,2503001,CABACEIRAS,48000
2016,REGIÃO NORDESTE,PB,ETANOL,2503100,CABEDELO,4637500
2016,REGIÃO NORDESTE,PB,ETANOL,2503209,CACHOEIRA DOS INDIOS,207000
2016,REGIÃO NORDESTE,PB,ETANOL,2503308,CACIMBA DE DENTRO,13000
2016,REGIÃO NORDESTE,PB,ETANOL,2503506,CAICARA,89550
2016,REGIÃO NORDESTE,PB,ETANOL,2503605,CAJAZEIRAS,1142500
2016,REGIÃO NORDESTE,PB,ETANOL,2503704,CALDAS BRANDAO,304000
2016,REGIÃO NORDESTE,PB,ETANOL,2503803,CAMALAU,46000
2016,REGIÃO NORDESTE,PB,ETANOL,2503902,CAMPINA GRANDE,14318500
2016,REGIÃO NORDESTE,PB,ETANOL,2504009,CAPIM,28500
2016,REGIÃO NORDESTE,PB,ETANOL,2504033,CASSERENGUE,39000
2016,REGIÃO NORDESTE,PB,ETANOL,2504157,CATINGUEIRA,44000
2016,REGIÃO NORDESTE,PB,ETANOL,2504207,CATOLE DO ROCHA,448000
2016,REGIÃO NORDESTE,PB,ETANOL,2504306,CATURITE,43000
2016,REGIÃO NORDESTE,PB,ETANOL,2504355,CONCEICAO,151000
2016,REGIÃO NORDESTE,PB,ETANOL,2504405,CONDADO,74500
2016,REGIÃO NORDESTE,PB,ETANOL,2504504,CONDE,1406450
2016,REGIÃO NORDESTE,PB,ETANOL,2504603,CONGO,57000
2016,REGIÃO NORDESTE,PB,ETANOL,2504702,COREMAS,99000
2016,REGIÃO NORDESTE,PB,ETANOL,2504801,CUBATI,37500
2016,REGIÃO NORDESTE,PB,ETANOL,2505006,CUITE,158000
2016,REGIÃO NORDESTE,PB,ETANOL,2505105,CUITE DE MAMANGUAPE,23500
2016,REGIÃO NORDESTE,PB,ETANOL,2505204,CUITEGI,126500
2016,REGIÃO NORDESTE,PB,ETANOL,2505238,DAMIAO,48500
2016,REGIÃO NORDESTE,PB,ETANOL,2505352,DESTERRO,107920
2016,REGIÃO NORDESTE,PB,ETANOL,2505402,DIAMANTE,85370
2016,REGIÃO NORDESTE,PB,ETANOL,2505501,DONA INES,111000
2016,REGIÃO NORDESTE,PB,ETANOL,2505600,DUAS ESTRADAS,27500
2016,REGIÃO NORDESTE,PB,ETANOL,2505709,ESPERANCA,495000
2016,REGIÃO NORDESTE,PB,ETANOL,2505808,FAGUNDES,121500
2016,REGIÃO NORDESTE,PB,ETANOL,2506004,GUARABIRA,1830000
2016,REGIÃO NORDESTE,PB,ETANOL,2506103,GURINHEM,382500
2016,REGIÃO NORDESTE,PB,ETANOL,2506301,GURJAO,16000
2016,REGIÃO NORDESTE,PB,ETANOL,2506400,IBIARA,25000
2016,REGIÃO NORDESTE,PB,ETANOL,2506509,IMACULADA,42000
2016,REGIÃO NORDESTE,PB,ETANOL,2506608,INGA,203000
2016,REGIÃO NORDESTE,PB,ETANOL,2506707,ITABAIANA,547950
2016,REGIÃO NORDESTE,PB,ETANOL,2506806,ITAPORANGA,119000
2016,REGIÃO NORDESTE,PB,ETANOL,2506905,ITAPOROROCA,304500
2016,REGIÃO NORDESTE,PB,ETANOL,2507002,ITATUBA,68500
2016,REGIÃO NORDESTE,PB,ETANOL,2507101,JACARAU,399500
2016,REGIÃO NORDESTE,PB,ETANOL,2507200,JERICO,2500
2016,REGIÃO NORDESTE,PB,ETANOL,2507309,JOAO PESSOA,28708540
2016,REGIÃO NORDESTE,PB,ETANOL,2507408,JUAREZ TAVORA,74000
2016,REGIÃO NORDESTE,PB,ETANOL,2507507,JUAZEIRINHO,155000
2016,REGIÃO NORDESTE,PB,ETANOL,2507606,JUNCO DO SERIDO,89000
2016,REGIÃO NORDESTE,PB,ETANOL,2507705,JURU,10000
2016,REGIÃO NORDESTE,PB,ETANOL,2507804,LAGOA DE DENTRO,17500
2016,REGIÃO NORDESTE,PB,ETANOL,2508000,LAGOA SECA,329000
2016,REGIÃO NORDESTE,PB,ETANOL,2508208,LIVRAMENTO,31500
2016,REGIÃO NORDESTE,PB,ETANOL,2508307,LOGRADOURO,192000
2016,REGIÃO NORDESTE,PB,ETANOL,2508505,LUCENA,141000
2016,REGIÃO NORDESTE,PB,ETANOL,2508554,MALTA,86500
2016,REGIÃO NORDESTE,PB,ETANOL,2508604,MAMANGUAPE,1939000
2016,REGIÃO NORDESTE,PB,ETANOL,2508802,MARCACAO,47000
2016,REGIÃO NORDESTE,PB,ETANOL,2508901,MARI,273000
2016,REGIÃO NORDESTE,PB,ETANOL,2509057,MARIZOPOLIS,112000
2016,REGIÃO NORDESTE,PB,ETANOL,2509107,MASSARANDUBA,100000
2016,REGIÃO NORDESTE,PB,ETANOL,2509156,MATARACA,73000
2016,REGIÃO NORDESTE,PB,ETANOL,2509206,MATUREIA,63000
2016,REGIÃO NORDESTE,PB,ETANOL,2509305,MOGEIRO,55000
2016,REGIÃO NORDESTE,PB,ETANOL,2509396,MONTADAS,51500
2016,REGIÃO NORDESTE,PB,ETANOL,2509404,MONTE HOREBE,3000
2016,REGIÃO NORDESTE,PB,ETANOL,2509503,MONTEIRO,358200
2016,REGIÃO NORDESTE,PB,ETANOL,2509602,NATUBA,143000
2016,REGIÃO NORDESTE,PB,ETANOL,2509701,NOVA FLORESTA,5000
2016,REGIÃO NORDESTE,PB,ETANOL,2509909,NOVA PALMEIRA,48500
2016,REGIÃO NORDESTE,PB,ETANOL,2510105,PATOS,1996500
2016,REGIÃO NORDESTE,PB,ETANOL,2510303,PAULISTA,72500
2016,REGIÃO NORDESTE,PB,ETANOL,2510808,PEDRAS DE FOGO,283000
2016,REGIÃO NORDESTE,PB,ETANOL,2510907,PEDRO REGIS,79500
2016,REGIÃO NORDESTE,PB,ETANOL,2511202,PICUI,374000
2016,REGIÃO NORDESTE,PB,ETANOL,2511400,PILAR,120000
2016,REGIÃO NORDESTE,PB,ETANOL,2511509,PILOES,54700
2016,REGIÃO NORDESTE,PB,ETANOL,2511608,PIRPIRITUBA,167000
2016,REGIÃO NORDESTE,PB,ETANOL,2511806,PITIMBU,134000
2016,REGIÃO NORDESTE,PB,ETANOL,2511905,POCINHOS,181000
2016,REGIÃO NORDESTE,PB,ETANOL,2512002,POMBAL,296000
2016,REGIÃO NORDESTE,PB,ETANOL,2512101,PRATA,36000
2016,REGIÃO NORDESTE,PB,ETANOL,2512200,PRINCESA ISABEL,136500
2016,REGIÃO NORDESTE,PB,ETANOL,2512309,PUXINANA,4000
2016,REGIÃO NORDESTE,PB,ETANOL,2512408,QUEIMADAS,515500
2016,REGIÃO NORDESTE,PB,ETANOL,2512507,QUIXABA,73500
2016,REGIÃO NORDESTE,PB,ETANOL,2512606,REMIGIO,773000
2016,REGIÃO NORDESTE,PB,ETANOL,2512705,RIACHAO DO BACAMARTE,275000
2016,REGIÃO NORDESTE,PB,ETANOL,2512721,RIACHAO DO POCO,108000
2016,REGIÃO NORDESTE,PB,ETANOL,2512754,RIO TINTO,424000
2016,REGIÃO NORDESTE,PB,ETANOL,2512762,SALGADO DE SAO FELIX,73500
2016,REGIÃO NORDESTE,PB,ETANOL,2512903,SANTA CECILIA,33000
2016,REGIÃO NORDESTE,PB,ETANOL,2513109,SANTA CRUZ,35000
2016,REGIÃO NORDESTE,PB,ETANOL,2513158,SANTA HELENA,25500
2016,REGIÃO NORDESTE,PB,ETANOL,2513208,SANTA LUZIA,294000
2016,REGIÃO NORDESTE,PB,ETANOL,2513307,SANTA RITA,4054400
2016,REGIÃO NORDESTE,PB,ETANOL,2513406,SANTA TERESINHA,21000
2016,REGIÃO NORDESTE,PB,ETANOL,2513703,SANTO ANDRE,14500
2016,REGIÃO NORDESTE,PB,ETANOL,2513802,SAO BENTINHO,33000
2016,REGIÃO NORDESTE,PB,ETANOL,2513851,SAO BENTO,339500
2016,REGIÃO NORDESTE,PB,ETANOL,2513901,SAO DOMINGOS DO CARIRI,20000
2016,REGIÃO NORDESTE,PB,ETANOL,2513927,SAO JOAO DO CARIRI,44000
2016,REGIÃO NORDESTE,PB,ETANOL,2513943,SAO JOAO DO RIO DO PEIXE,149000
2016,REGIÃO NORDESTE,PB,ETANOL,2514008,SAO JOAO DO TIGRE,13500
2016,REGIÃO NORDESTE,PB,ETANOL,2514107,SAO JOSE DA LAGOA TAPADA,18500
2016,REGIÃO NORDESTE,PB,ETANOL,2514206,SAO JOSE DE CAIANA,24000
2016,REGIÃO NORDESTE,PB,ETANOL,2514305,SAO JOSE DE PIRANHAS,147000
2016,REGIÃO NORDESTE,PB,ETANOL,2514503,SAO JOSE DO BONFIM,83000
2016,REGIÃO NORDESTE,PB,ETANOL,2514602,SAO JOSE DO SABUGI,3000
2016,REGIÃO NORDESTE,PB,ETANOL,2514701,SAO JOSE DOS CORDEIROS,4000
2016,REGIÃO NORDESTE,PB,ETANOL,2514800,SAO MAMEDE,55000
2016,REGIÃO NORDESTE,PB,ETANOL,2514909,SAO MIGUEL DE TAIPU,22500
2016,REGIÃO NORDESTE,PB,ETANOL,2515005,SAO SEBASTIAO DE LAGOA DE ROCA,226000
2016,REGIÃO NORDESTE,PB,ETANOL,2515104,SAO SEBASTIAO DO UMBUZEIRO,13500
2016,REGIÃO NORDESTE,PB,ETANOL,2515203,SAO VICENTE DO SERIDO,25000
2016,REGIÃO NORDESTE,PB,ETANOL,2515302,SAPE,1137500
2016,REGIÃO NORDESTE,PB,ETANOL,2515401,SERRA BRANCA,185000
2016,REGIÃO NORDESTE,PB,ETANOL,2515500,SERRA REDONDA,86000
2016,REGIÃO NORDESTE,PB,ETANOL,2515807,SERRARIA,22500
2016,REGIÃO NORDESTE,PB,ETANOL,2515906,SOBRADO,539500
2016,REGIÃO NORDESTE,PB,ETANOL,2515971,SOLANEA,660000
2016,REGIÃO NORDESTE,PB,ETANOL,2516003,SOLEDADE,377180
2016,REGIÃO NORDESTE,PB,ETANOL,2516102,SOUSA,625685
2016,REGIÃO NORDESTE,PB,ETANOL,2516201,SUME,242000
2016,REGIÃO NORDESTE,PB,ETANOL,2516300,TACIMA,74000
2016,REGIÃO NORDESTE,PB,ETANOL,2516409,TAPEROA,117500
2016,REGIÃO NORDESTE,PB,ETANOL,2516508,TAVARES,57500
2016,REGIÃO NORDESTE,PB,ETANOL,2516607,TEIXEIRA,176000
2016,REGIÃO NORDESTE,PB,ETANOL,2516706,UIRAUNA,217000
2016,REGIÃO NORDESTE,PB,ETANOL,2516904,UMBUZEIRO,59000
2016,REGIÃO NORDESTE,PB,ETANOL,2517001,VISTA SERRANA,20000
2017,REGIÃO NORDESTE,PB,ETANOL,2500106,AGUA BRANCA,106000
2017,REGIÃO NORDESTE,PB,ETANOL,2500304,ALAGOA GRANDE,157000
2017,REGIÃO NORDESTE,PB,ETANOL,2500403,ALAGOA NOVA,91000
2017,REGIÃO NORDESTE,PB,ETANOL,2500536,ALCANTIL,10000
2017,REGIÃO NORDESTE,PB,ETANOL,2500601,ALHANDRA,846322
2017,REGIÃO NORDESTE,PB,ETANOL,2500700,APARECIDA,94000
2017,REGIÃO NORDESTE,PB,ETANOL,2500775,ARACAGI,174000
2017,REGIÃO NORDESTE,PB,ETANOL,2500809,ARARA,137500
2017,REGIÃO NORDESTE,PB,ETANOL,2500908,ARARUNA,186500
2017,REGIÃO NORDESTE,PB,ETANOL,2501005,AREIA,149000
2017,REGIÃO NORDESTE,PB,ETANOL,2501104,AROEIRAS,65000
2017,REGIÃO NORDESTE,PB,ETANOL,2501302,ASSUNCAO,55000
2017,REGIÃO NORDESTE,PB,ETANOL,2501351,BAIA DA TRAICAO,173000
2017,REGIÃO NORDESTE,PB,ETANOL,2501401,BANANEIRAS,202000
2017,REGIÃO NORDESTE,PB,ETANOL,2501500,BARAUNA,48000
2017,REGIÃO NORDESTE,PB,ETANOL,2501534,BARRA DE SANTA ROSA,92500
2017,REGIÃO NORDESTE,PB,ETANOL,2501575,BARRA DE SANTANA,100000
2017,REGIÃO NORDESTE,PB,ETANOL,2501609,BARRA DE SAO MIGUEL,24000
2017,REGIÃO NORDESTE,PB,ETANOL,2501708,BAYEUX,2579000
2017,REGIÃO NORDESTE,PB,ETANOL,2501807,BELEM,367000
2017,REGIÃO NORDESTE,PB,ETANOL,2501906,BOA VENTURA,3000
2017,REGIÃO NORDESTE,PB,ETANOL,2502102,BOA VISTA,55000
2017,REGIÃO NORDESTE,PB,ETANOL,2502151,BONITO DE SANTA FE,60000
2017,REGIÃO NORDESTE,PB,ETANOL,2502409,BOQUEIRAO,153000
2017,REGIÃO NORDESTE,PB,ETANOL,2502508,BORBOREMA,20000
2017,REGIÃO NORDESTE,PB,ETANOL,2502706,BREJO DO CRUZ,148500
2017,REGIÃO NORDESTE,PB,ETANOL,2502805,BREJO DOS SANTOS,24000
2017,REGIÃO NORDESTE,PB,ETANOL,2502904,CAAPORA,282500
2017,REGIÃO NORDESTE,PB,ETANOL,2503001,CABACEIRAS,39000
2017,REGIÃO NORDESTE,PB,ETANOL,2503100,CABEDELO,4705494
2017,REGIÃO NORDESTE,PB,ETANOL,2503209,CACHOEIRA DOS INDIOS,160000
2017,REGIÃO NORDESTE,PB,ETANOL,2503308,CACIMBA DE DENTRO,66000
2017,REGIÃO NORDESTE,PB,ETANOL,2503506,CAICARA,67500
2017,REGIÃO NORDESTE,PB,ETANOL,2503605,CAJAZEIRAS,1080000
2017,REGIÃO NORDESTE,PB,ETANOL,2503704,CALDAS BRANDAO,270000
2017,REGIÃO NORDESTE,PB,ETANOL,2503803,CAMALAU,36000
2017,REGIÃO NORDESTE,PB,ETANOL,2503902,CAMPINA GRANDE,9584333
2017,REGIÃO NORDESTE,PB,ETANOL,2504009,CAPIM,50000
2017,REGIÃO NORDESTE,PB,ETANOL,2504033,CARAUBAS,4000
2017,REGIÃO NORDESTE,PB,ETANOL,2504074,CASSERENGUE,34000
2017,REGIÃO NORDESTE,PB,ETANOL,2504157,CATINGUEIRA,33000
2017,REGIÃO NORDESTE,PB,ETANOL,2504207,CATOLE DO ROCHA,365404
2017,REGIÃO NORDESTE,PB,ETANOL,2504306,CATURITE,34000
2017,REGIÃO NORDESTE,PB,ETANOL,2504355,CONCEICAO,144000
2017,REGIÃO NORDESTE,PB,ETANOL,2504405,CONDADO,59000
2017,REGIÃO NORDESTE,PB,ETANOL,2504504,CONDE,1270150
2017,REGIÃO NORDESTE,PB,ETANOL,2504603,CONGO,57000
2017,REGIÃO NORDESTE,PB,ETANOL,2504702,COREMAS,73000
2017,REGIÃO NORDESTE,PB,ETANOL,2504801,CRUZ DO ESPIRITO SANTO,32500
2017,REGIÃO NORDESTE,PB,ETANOL,2504900,CUBATI,27500
2017,REGIÃO NORDESTE,PB,ETANOL,2505006,CUITE,112000
2017,REGIÃO NORDESTE,PB,ETANOL,2505105,CUITE DE MAMANGUAPE,14500
2017,REGIÃO NORDESTE,PB,ETANOL,2505204,CUITEGI,109000
2017,REGIÃO NORDESTE,PB,ETANOL,2505238,DAMIAO,44000
2017,REGIÃO NORDESTE,PB,ETANOL,2505352,DESTERRO,91940
2017,REGIÃO NORDESTE,PB,ETANOL,2505402,DIAMANTE,74330
2017,REGIÃO NORDESTE,PB,ETANOL,2505501,DONA INES,98500
2017,REGIÃO NORDESTE,PB,ETANOL,2505600,DUAS ESTRADAS,7500
2017,REGIÃO NORDESTE,PB,ETANOL,2505709,ESPERANCA,311000
2017,REGIÃO NORDESTE,PB,ETANOL,2505808,FAGUNDES,61500
2017,REGIÃO NORDESTE,PB,ETANOL,2506004,GUARABIRA,1916157
2017,REGIÃO NORDESTE,PB,ETANOL,2506103,GURINHEM,357278
2017,REGIÃO NORDESTE,PB,ETANOL,2506301,GURJAO,24000
2017,REGIÃO NORDESTE,PB,ETANOL,2506400,IBIARA,6000
2017,REGIÃO NORDESTE,PB,ETANOL,2506509,IMACULADA,18000
2017,REGIÃO NORDESTE,PB,ETANOL,2506608,INGA,145500
2017,REGIÃO NORDESTE,PB,ETANOL,2506707,ITABAIANA,509812
2017,REGIÃO NORDESTE,PB,ETANOL,2506806,ITAPORANGA,88000
2017,REGIÃO NORDESTE,PB,ETANOL,2506905,ITAPOROROCA,256500
2017,REGIÃO NORDESTE,PB,ETANOL,2507002,ITATUBA,56000
2017,REGIÃO NORDESTE,PB,ETANOL,2507101,JACARAU,391000
2017,REGIÃO NORDESTE,PB,ETANOL,2507200,JOAO PESSOA,29095604
2017,REGIÃO NORDESTE,PB,ETANOL,2507309,JUAREZ TAVORA,104500
2017,REGIÃO NORDESTE,PB,ETANOL,2507507,JUAZEIRINHO,316880
2017,REGIÃO NORDESTE,PB,ETANOL,2507606,JUNCO DO SERIDO,60000
2017,REGIÃO NORDESTE,PB,ETANOL,2507705,JURU,3000
2017,REGIÃO NORDESTE,PB,ETANOL,2507804,LAGOA DE DENTRO,30500
2017,REGIÃO NORDESTE,PB,ETANOL,2508000,LAGOA SECA,184000
2017,REGIÃO NORDESTE,PB,ETANOL,2508208,LIVRAMENTO,165000
2017,REGIÃO NORDESTE,PB,ETANOL,2508307,LOGRADOURO,151000
2017,REGIÃO NORDESTE,PB,ETANOL,2508505,LUCENA,128500
2017,REGIÃO NORDESTE,PB,ETANOL,2508554,MALTA,63500
2017,REGIÃO NORDESTE,PB,ETANOL,2508604,MAMANGUAPE,1982500
2017,REGIÃO NORDESTE,PB,ETANOL,2508802,MARCACAO,43000
2017,REGIÃO NORDESTE,PB,ETANOL,2508901,MARI,223000
2017,REGIÃO NORDESTE,PB,ETANOL,2509057,MARIZOPOLIS,112000
2017,REGIÃO NORDESTE,PB,ETANOL,2509107,MASSARANDUBA,95000
2017,REGIÃO NORDESTE,PB,ETANOL,2509156,MATARACA,30000
2017,REGIÃO NORDESTE,PB,ETANOL,2509206,MATUREIA,57000
2017,REGIÃO NORDESTE,PB,ETANOL,2509305,MOGEIRO,55000
2017,REGIÃO NORDESTE,PB,ETANOL,2509396,MONTADAS,21000
2017,REGIÃO NORDESTE,PB,ETANOL,2509404,MONTEIRO,319300
2017,REGIÃO NORDESTE,PB,ETANOL,2509503,NATUBA,119000
2017,REGIÃO NORDESTE,PB,ETANOL,2509701,NAZAREZINHO,2500
2017,REGIÃO NORDESTE,PB,ETANOL,2509909,NOVA PALMEIRA,43000
2017,REGIÃO NORDESTE,PB,ETANOL,2510006,PATOS,1508904
2017,REGIÃO NORDESTE,PB,ETANOL,2510303,PAULISTA,74000
2017,REGIÃO NORDESTE,PB,ETANOL,2510808,PEDRAS DE FOGO,356000
2017,REGIÃO NORDESTE,PB,ETANOL,2510907,PEDRO REGIS,46000
2017,REGIÃO NORDESTE,PB,ETANOL,2511202,PICUI,323000
2017,REGIÃO NORDESTE,PB,ETANOL,2511400,PILAR,102000
2017,REGIÃO NORDESTE,PB,ETANOL,2511509,PILOES,40000
2017,REGIÃO NORDESTE,PB,ETANOL,2511608,PIRPIRITUBA,125000
2017,REGIÃO NORDESTE,PB,ETANOL,2511806,PITIMBU,116000
2017,REGIÃO NORDESTE,PB,ETANOL,2511905,POCINHOS,144500
2017,REGIÃO NORDESTE,PB,ETANOL,2512002,POMBAL,228000
2017,REGIÃO NORDESTE,PB,ETANOL,2512101,PRATA,30000
2017,REGIÃO NORDESTE,PB,ETANOL,2512200,PRINCESA ISABEL,99400
2017,REGIÃO NORDESTE,PB,ETANOL,2512309,PUXINANA,44000
2017,REGIÃO NORDESTE,PB,ETANOL,2512408,QUEIMADAS,282500
2017,REGIÃO NORDESTE,PB,ETANOL,2512507,QUIXABA,66000
2017,REGIÃO NORDESTE,PB,ETANOL,2512606,REMIGIO,368000
2017,REGIÃO NORDESTE,PB,ETANOL,2512705,RIACHAO DO BACAMARTE,253000
2017,REGIÃO NORDESTE,PB,ETANOL,2512721,RIACHAO DO POCO,90000
2017,REGIÃO NORDESTE,PB,ETANOL,2512754,RIO TINTO,475500
2017,REGIÃO NORDESTE,PB,ETANOL,2512762,SALGADO DE SAO FELIX,64500
2017,REGIÃO NORDESTE,PB,ETANOL,2512903,SANTA CECILIA,18000
2017,REGIÃO NORDESTE,PB,ETANOL,2513109,SANTA CRUZ,30500
2017,REGIÃO NORDESTE,PB,ETANOL,2513158,SANTA HELENA,20000
2017,REGIÃO NORDESTE,PB,ETANOL,2513208,SANTA LUZIA,278500
2017,REGIÃO NORDESTE,PB,ETANOL,2513307,SANTA RITA,4012350
2017,REGIÃO NORDESTE,PB,ETANOL,2513406,SANTA TERESINHA,6000
2017,REGIÃO NORDESTE,PB,ETANOL,2513703,SANTO ANDRE,7500
2017,REGIÃO NORDESTE,PB,ETANOL,2513802,SAO BENTINHO,36000
2017,REGIÃO NORDESTE,PB,ETANOL,2513851,SAO BENTO,380921
2017,REGIÃO NORDESTE,PB,ETANOL,2513901,SAO DOMINGOS DO CARIRI,13000
2017,REGIÃO NORDESTE,PB,ETANOL,2513927,SAO JOAO DO CARIRI,39000
2017,REGIÃO NORDESTE,PB,ETANOL,2513943,SAO JOAO DO RIO DO PEIXE,83900
2017,REGIÃO NORDESTE,PB,ETANOL,2514008,SAO JOAO DO TIGRE,9000
2017,REGIÃO NORDESTE,PB,ETANOL,2514107,SAO JOSE DA LAGOA TAPADA,19000
2017,REGIÃO NORDESTE,PB,ETANOL,2514206,SAO JOSE DE CAIANA,21000
2017,REGIÃO NORDESTE,PB,ETANOL,2514305,SAO JOSE DE PIRANHAS,136000
2017,REGIÃO NORDESTE,PB,ETANOL,2514503,SAO JOSE DO BONFIM,105000
2017,REGIÃO NORDESTE,PB,ETANOL,2514602,SAO JOSE DOS CORDEIROS,13000
2017,REGIÃO NORDESTE,PB,ETANOL,2514800,SAO MAMEDE,51500
2017,REGIÃO NORDESTE,PB,ETANOL,2514909,SAO MIGUEL DE TAIPU,10000
2017,REGIÃO NORDESTE,PB,ETANOL,2515005,SAO SEBASTIAO DE LAGOA DE ROCA,180000
2017,REGIÃO NORDESTE,PB,ETANOL,2515104,SAO SEBASTIAO DO UMBUZEIRO,8500
2017,REGIÃO NORDESTE,PB,ETANOL,2515203,SAPE,1041289
2017,REGIÃO NORDESTE,PB,ETANOL,2515302,SERRA BRANCA,144000
2017,REGIÃO NORDESTE,PB,ETANOL,2515500,SERRA REDONDA,57000
2017,REGIÃO NORDESTE,PB,ETANOL,2515807,SERRARIA,15000
2017,REGIÃO NORDESTE,PB,ETANOL,2515906,SOBRADO,591452
2017,REGIÃO NORDESTE,PB,ETANOL,2515971,SOLANEA,497500
2017,REGIÃO NORDESTE,PB,ETANOL,2516003,SOLEDADE,260360
2017,REGIÃO NORDESTE,PB,ETANOL,2516102,SOUSA,581368
2017,REGIÃO NORDESTE,PB,ETANOL,2516201,SUME,197000
2017,REGIÃO NORDESTE,PB,ETANOL,2516300,TACIMA,33000
2017,REGIÃO NORDESTE,PB,ETANOL,2516409,TAPEROA,65901
2017,REGIÃO NORDESTE,PB,ETANOL,2516508,TAVARES,46000
2017,REGIÃO NORDESTE,PB,ETANOL,2516607,TEIXEIRA,135000
2017,REGIÃO NORDESTE,PB,ETANOL,2516706,UIRAUNA,269000
2017,REGIÃO NORDESTE,PB,ETANOL,2516904,UMBUZEIRO,45000
2017,REGIÃO NORDESTE,PB,ETANOL,2517001,VISTA SERRANA,12500
2018,REGIÃO NORDESTE,PB,ETANOL,2500106,AGUA BRANCA,223000
2018,REGIÃO NORDESTE,PB,ETANOL,2500304,ALAGOA GRANDE,243500
2018,REGIÃO NORDESTE,PB,ETANOL,2500403,ALAGOA NOVA,170650
2018,REGIÃO NORDESTE,PB,ETANOL,2500536,ALCANTIL,12500
2018,REGIÃO NORDESTE,PB,ETANOL,2500601,ALHANDRA,2286648
2018,REGIÃO NORDESTE,PB,ETANOL,2500775,APARECIDA,125000
2018,REGIÃO NORDESTE,PB,ETANOL,2500809,ARACAGI,260500
2018,REGIÃO NORDESTE,PB,ETANOL,2500908,ARARA,163000
2018,REGIÃO NORDESTE,PB,ETANOL,2501005,ARARUNA,365000
2018,REGIÃO NORDESTE,PB,ETANOL,2501104,AREIA,232000
2018,REGIÃO NORDESTE,PB,ETANOL,2501302,AROEIRAS,45000
2018,REGIÃO NORDESTE,PB,ETANOL,2501351,ASSUNCAO,85000
2018,REGIÃO NORDESTE,PB,ETANOL,2501401,BAIA DA TRAICAO,151000
2018,REGIÃO NORDESTE,PB,ETANOL,2501500,BANANEIRAS,354000
2018,REGIÃO NORDESTE,PB,ETANOL,2501534,BARAUNA,90000
2018,REGIÃO NORDESTE,PB,ETANOL,2501609,BARRA DE SANTA ROSA,110000
2018,REGIÃO NORDESTE,PB,ETANOL,2501575,BARRA DE SANTANA,254000
2018,REGIÃO NORDESTE,PB,ETANOL,2501708,BARRA DE SAO MIGUEL,39000
2018,REGIÃO NORDESTE,PB,ETANOL,2501807,BAYEUX,5007470
2018,REGIÃO NORDESTE,PB,ETANOL,2501906,BELEM,639500
2018,REGIÃO NORDESTE,PB,ETANOL,2502102,BOA VENTURA,49000
2018,REGIÃO NORDESTE,PB,ETANOL,2502151,BOA VISTA,95000
2018,REGIÃO NORDESTE,PB,ETANOL,2502300,BOM SUCESSO,42000
2018,REGIÃO NORDESTE,PB,ETANOL,2502409,BONITO DE SANTA FE,68952
2018,REGIÃO NORDESTE,PB,ETANOL,2502508,BOQUEIRAO,257000
2018,REGIÃO NORDESTE,PB,ETANOL,2502706,BORBOREMA,56500
2018,REGIÃO NORDESTE,PB,ETANOL,2502805,BREJO DO CRUZ,287940
2018,REGIÃO NORDESTE,PB,ETANOL,2502904,BREJO DOS SANTOS,48500
2018,REGIÃO NORDESTE,PB,ETANOL,2503001,CAAPORA,538500
2018,REGIÃO NORDESTE,PB,ETANOL,2503100,CABACEIRAS,53944
2018,REGIÃO NORDESTE,PB,ETANOL,2503209,CABEDELO,11158363
2018,REGIÃO NORDESTE,PB,ETANOL,2503308,CACHOEIRA DOS INDIOS,359000
2018,REGIÃO NORDESTE,PB,ETANOL,2503506,CACIMBA DE DENTRO,160000
2018,REGIÃO NORDESTE,PB,ETANOL,2503605,CAICARA,63500
2018,REGIÃO NORDESTE,PB,ETANOL,2503704,CAJAZEIRAS,1960447
2018,REGIÃO NORDESTE,PB,ETANOL,2503803,CALDAS BRANDAO,468000
2018,REGIÃO NORDESTE,PB,ETANOL,2503902,CAMALAU,59000
2018,REGIÃO NORDESTE,PB,ETANOL,2504009,CAMPINA GRANDE,24367004
2018,REGIÃO NORDESTE,PB,ETANOL,2504033,CAPIM,130000
2018,REGIÃO NORDESTE,PB,ETANOL,2504074,CARAUBAS,37000
2018,REGIÃO NORDESTE,PB,ETANOL,2504157,CASSERENGUE,52000
2018,REGIÃO NORDESTE,PB,ETANOL,2504207,CATINGUEIRA,110000
2018,REGIÃO NORDESTE,PB,ETANOL,2504306,CATOLE DO ROCHA,576513
2018,REGIÃO NORDESTE,PB,ETANOL,2504355,CATURITE,52000
2018,REGIÃO NORDESTE,PB,ETANOL,2504405,CONCEICAO,228000
2018,REGIÃO NORDESTE,PB,ETANOL,2504504,CONDADO,57000
2018,REGIÃO NORDESTE,PB,ETANOL,2504603,CONDE,1919483
2018,REGIÃO NORDESTE,PB,ETANOL,2504702,CONGO,102000
2018,REGIÃO NORDESTE,PB,ETANOL,2504801,COREMAS,154952
2018,REGIÃO NORDESTE,PB,ETANOL,2504900,CRUZ DO ESPIRITO SANTO,188000
2018,REGIÃO NORDESTE,PB,ETANOL,2505006,CUBATI,41500
2018,REGIÃO NORDESTE,PB,ETANOL,2505105,CUITE,241000
2018,REGIÃO NORDESTE,PB,ETANOL,2505238,CUITE DE MAMANGUAPE,20000
2018,REGIÃO NORDESTE,PB,ETANOL,2505204,CUITEGI,163000
2018,REGIÃO NORDESTE,PB,ETANOL,2505352,DAMIAO,3000
2018,REGIÃO NORDESTE,PB,ETANOL,2505402,DESTERRO,148880
2018,REGIÃO NORDESTE,PB,ETANOL,2505600,DIAMANTE,103150
2018,REGIÃO NORDESTE,PB,ETANOL,2505709,DONA INES,132000
2018,REGIÃO NORDESTE,PB,ETANOL,2505808,DUAS ESTRADAS,45000
2018,REGIÃO NORDESTE,PB,ETANOL,2506004,ESPERANCA,575000
2018,REGIÃO NORDESTE,PB,ETANOL,2506103,FAGUNDES,100000
2018,REGIÃO NORDESTE,PB,ETANOL,2506301,GUARABIRA,3111745
2018,REGIÃO NORDESTE,PB,ETANOL,2506400,GURINHEM,732880
2018,REGIÃO NORDESTE,PB,ETANOL,2506509,GURJAO,34000
2018,REGIÃO NORDESTE,PB,ETANOL,2506608,IBIARA,26000
2018,REGIÃO NORDESTE,PB,ETANOL,2506707,IMACULADA,30000
2018,REGIÃO NORDESTE,PB,ETANOL,2506806,INGA,338000
2018,REGIÃO NORDESTE,PB,ETANOL,2506905,ITABAIANA,872334
2018,REGIÃO NORDESTE,PB,ETANOL,2507002,ITAPORANGA,184794
2018,REGIÃO NORDESTE,PB,ETANOL,2507101,ITAPOROROCA,450000
2018,REGIÃO NORDESTE,PB,ETANOL,2507200,ITATUBA,84500
2018,REGIÃO NORDESTE,PB,ETANOL,2507309,JACARAU,560500
2018,REGIÃO NORDESTE,PB,ETANOL,2507507,JOAO PESSOA,68290671
2018,REGIÃO NORDESTE,PB,ETANOL,2507606,JUAREZ TAVORA,162000
2018,REGIÃO NORDESTE,PB,ETANOL,2507705,JUAZEIRINHO,1242233
2018,REGIÃO NORDESTE,PB,ETANOL,2507804,JUNCO DO SERIDO,119000
2018,REGIÃO NORDESTE,PB,ETANOL,2507903,JURIPIRANGA,45000
2018,REGIÃO NORDESTE,PB,ETANOL,2508000,JURU,15000
2018,REGIÃO NORDESTE,PB,ETANOL,2508208,LAGOA DE DENTRO,47500
2018,REGIÃO NORDESTE,PB,ETANOL,2508307,LAGOA SECA,456500
2018,REGIÃO NORDESTE,PB,ETANOL,2508505,LIVRAMENTO,9000
2018,REGIÃO NORDESTE,PB,ETANOL,2508554,LOGRADOURO,333000
2018,REGIÃO NORDESTE,PB,ETANOL,2508604,LUCENA,164000
2018,REGIÃO NORDESTE,PB,ETANOL,2508802,MALTA,120000
2018,REGIÃO NORDESTE,PB,ETANOL,2508901,MAMANGUAPE,3864263
2018,REGIÃO NORDESTE,PB,ETANOL,2509057,MARCACAO,106000
2018,REGIÃO NORDESTE,PB,ETANOL,2509107,MARI,310000
2018,REGIÃO NORDESTE,PB,ETANOL,2509156,MARIZOPOLIS,338000
2018,REGIÃO NORDESTE,PB,ETANOL,2509206,MASSARANDUBA,133000
2018,REGIÃO NORDESTE,PB,ETANOL,2509305,MATARACA,56000
2018,REGIÃO NORDESTE,PB,ETANOL,2509396,MATUREIA,73000
2018,REGIÃO NORDESTE,PB,ETANOL,2509404,MOGEIRO,22000
2018,REGIÃO NORDESTE,PB,ETANOL,2509503,MONTADAS,34500
2018,REGIÃO NORDESTE,PB,ETANOL,2509602,MONTE HOREBE,3000
2018,REGIÃO NORDESTE,PB,ETANOL,2509701,MONTEIRO,537300
2018,REGIÃO NORDESTE,PB,ETANOL,2509909,NATUBA,200000
2018,REGIÃO NORDESTE,PB,ETANOL,2510303,NOVA PALMEIRA,66000
2018,REGIÃO NORDESTE,PB,ETANOL,2510808,PATOS,3082380
2018,REGIÃO NORDESTE,PB,ETANOL,2510907,PAULISTA,130500
2018,REGIÃO NORDESTE,PB,ETANOL,2511202,PEDRAS DE FOGO,460000
2018,REGIÃO NORDESTE,PB,ETANOL,2512721,PEDRO REGIS,76000
2018,REGIÃO NORDESTE,PB,ETANOL,2511400,PICUI,498000
2018,REGIÃO NORDESTE,PB,ETANOL,2511509,PILAR,152000
2018,REGIÃO NORDESTE,PB,ETANOL,2511608,PILOES,60400
2018,REGIÃO NORDESTE,PB,ETANOL,2511806,PIRPIRITUBA,105500
2018,REGIÃO NORDESTE,PB,ETANOL,2511905,PITIMBU,141000
2018,REGIÃO NORDESTE,PB,ETANOL,2512002,POCINHOS,309000
2018,REGIÃO NORDESTE,PB,ETANOL,2512101,POMBAL,391000
2018,REGIÃO NORDESTE,PB,ETANOL,2512200,PRATA,52000
2018,REGIÃO NORDESTE,PB,ETANOL,2512309,PRINCESA ISABEL,223900
2018,REGIÃO NORDESTE,PB,ETANOL,2512408,PUXINANA,83000
2018,REGIÃO NORDESTE,PB,ETANOL,2512507,QUEIMADAS,489500
2018,REGIÃO NORDESTE,PB,ETANOL,2512606,QUIXABA,131000
2018,REGIÃO NORDESTE,PB,ETANOL,2512705,REMIGIO,909400
2018,REGIÃO NORDESTE,PB,ETANOL,2512754,RIACHAO DO BACAMARTE,462500
2018,REGIÃO NORDESTE,PB,ETANOL,2512762,RIACHAO DO POCO,190000
2018,REGIÃO NORDESTE,PB,ETANOL,2512903,RIO TINTO,434000
2018,REGIÃO NORDESTE,PB,ETANOL,2513109,SALGADO DE SAO FELIX,109500
2018,REGIÃO NORDESTE,PB,ETANOL,2513158,SANTA CECILIA,36000
2018,REGIÃO NORDESTE,PB,ETANOL,2513208,SANTA CRUZ,44500
2018,REGIÃO NORDESTE,PB,ETANOL,2513307,SANTA HELENA,26500
2018,REGIÃO NORDESTE,PB,ETANOL,2513406,SANTA LUZIA,522500
2018,REGIÃO NORDESTE,PB,ETANOL,2513703,SANTA RITA,7722230
2018,REGIÃO NORDESTE,PB,ETANOL,2513927,SAO BENTINHO,70000
2018,REGIÃO NORDESTE,PB,ETANOL,2513901,SAO BENTO,632643
2018,REGIÃO NORDESTE,PB,ETANOL,2513943,SAO DOMINGOS DO CARIRI,18000
2018,REGIÃO NORDESTE,PB,ETANOL,2514008,SAO JOAO DO CARIRI,46000
2018,REGIÃO NORDESTE,PB,ETANOL,2500700,SAO JOAO DO RIO DO PEIXE,122000
2018,REGIÃO NORDESTE,PB,ETANOL,2514107,SAO JOAO DO TIGRE,12000
2018,REGIÃO NORDESTE,PB,ETANOL,2514206,SAO JOSE DA LAGOA TAPADA,30000
2018,REGIÃO NORDESTE,PB,ETANOL,2514305,SAO JOSE DE CAIANA,27000
2018,REGIÃO NORDESTE,PB,ETANOL,2514503,SAO JOSE DE PIRANHAS,184000
2018,REGIÃO NORDESTE,PB,ETANOL,2514602,SAO JOSE DO BONFIM,190000
2018,REGIÃO NORDESTE,PB,ETANOL,2514800,SAO JOSE DOS CORDEIROS,24000
2018,REGIÃO NORDESTE,PB,ETANOL,2514909,SAO MAMEDE,104000
2018,REGIÃO NORDESTE,PB,ETANOL,2515005,SAO MIGUEL DE TAIPU,7500
2018,REGIÃO NORDESTE,PB,ETANOL,2515104,SAO SEBASTIAO DE LAGOA DE ROCA,554000
2018,REGIÃO NORDESTE,PB,ETANOL,2515203,SAO SEBASTIAO DO UMBUZEIRO,17000
2018,REGIÃO NORDESTE,PB,ETANOL,2515401,SAO VICENTE DO SERIDO,7500
2018,REGIÃO NORDESTE,PB,ETANOL,2515302,SAPE,1566673
2018,REGIÃO NORDESTE,PB,ETANOL,2515500,SERRA BRANCA,194000
2018,REGIÃO NORDESTE,PB,ETANOL,2515708,SERRA GRANDE,13000
2018,REGIÃO NORDESTE,PB,ETANOL,2515807,SERRA REDONDA,49000
2018,REGIÃO NORDESTE,PB,ETANOL,2515906,SERRARIA,26500
2018,REGIÃO NORDESTE,PB,ETANOL,2515971,SOBRADO,1633421
2018,REGIÃO NORDESTE,PB,ETANOL,2516003,SOLANEA,834000
2018,REGIÃO NORDESTE,PB,ETANOL,2516102,SOLEDADE,343800
2018,REGIÃO NORDESTE,PB,ETANOL,2516201,SOUSA,925792
2018,REGIÃO NORDESTE,PB,ETANOL,2516300,SUME,352000
2018,REGIÃO NORDESTE,PB,ETANOL,2516409,TACIMA,59000
2018,REGIÃO NORDESTE,PB,ETANOL,2516508,TAPEROA,40322
2018,REGIÃO NORDESTE,PB,ETANOL,2516607,TAVARES,97000
2018,REGIÃO NORDESTE,PB,ETANOL,2516706,TEIXEIRA,244000
2018,REGIÃO NORDESTE,PB,ETANOL,2516904,UIRAUNA,523000
2018,REGIÃO NORDESTE,PB,ETANOL,2517001,UMBUZEIRO,51000
2018,REGIÃO NORDESTE,PB,ETANOL,2505501,VISTA SERRANA,18000
2018,REGIÃO NORDESTE,PB,ETANOL,2517407,ZABELE,25000
2019,REGIÃO NORDESTE,PB,ETANOL,2500106,AGUA BRANCA,172000
2019,REGIÃO NORDESTE,PB,ETANOL,2500304,ALAGOA GRANDE,364000
2019,REGIÃO NORDESTE,PB,ETANOL,2500403,ALAGOA NOVA,164000
2019,REGIÃO NORDESTE,PB,ETANOL,2500536,ALCANTIL,17500
2019,REGIÃO NORDESTE,PB,ETANOL,2500601,ALHANDRA,2894000
2019,REGIÃO NORDESTE,PB,ETANOL,2500700,SAO JOAO DO RIO DO PEIXE,93000
2019,REGIÃO NORDESTE,PB,ETANOL,2500775,APARECIDA,120000
2019,REGIÃO NORDESTE,PB,ETANOL,2500809,ARACAGI,291500
2019,REGIÃO NORDESTE,PB,ETANOL,2500908,ARARA,166000
2019,REGIÃO NORDESTE,PB,ETANOL,2501005,ARARUNA,300000
2019,REGIÃO NORDESTE,PB,ETANOL,2501104,AREIA,215000
2019,REGIÃO NORDESTE,PB,ETANOL,2501302,AROEIRAS,10000
2019,REGIÃO NORDESTE,PB,ETANOL,2501351,ASSUNCAO,83000
2019,REGIÃO NORDESTE,PB,ETANOL,2501401,BAIA DA TRAICAO,193000
2019,REGIÃO NORDESTE,PB,ETANOL,2501500,BANANEIRAS,415000
2019,REGIÃO NORDESTE,PB,ETANOL,2501534,BARAUNA,86000
2019,REGIÃO NORDESTE,PB,ETANOL,2501575,BARRA DE SANTANA,233000
2019,REGIÃO NORDESTE,PB,ETANOL,2501609,BARRA DE SANTA ROSA,152000
2019,REGIÃO NORDESTE,PB,ETANOL,2501708,BARRA DE SAO MIGUEL,32000
2019,REGIÃO NORDESTE,PB,ETANOL,2501807,BAYEUX,5875961
2019,REGIÃO NORDESTE,PB,ETANOL,2501906,BELEM,621500
2019,REGIÃO NORDESTE,PB,ETANOL,2502102,BOA VENTURA,31000
2019,REGIÃO NORDESTE,PB,ETANOL,2502151,BOA VISTA,79000
2019,REGIÃO NORDESTE,PB,ETANOL,2502300,BOM SUCESSO,48000
2019,REGIÃO NORDESTE,PB,ETANOL,2502409,BONITO DE SANTA FE,64000
2019,REGIÃO NORDESTE,PB,ETANOL,2502508,BOQUEIRAO,283000
2019,REGIÃO NORDESTE,PB,ETANOL,2502706,BORBOREMA,79000
2019,REGIÃO NORDESTE,PB,ETANOL,2502805,BREJO DO CRUZ,236000
2019,REGIÃO NORDESTE,PB,ETANOL,2502904,BREJO DOS SANTOS,48000
2019,REGIÃO NORDESTE,PB,ETANOL,2503001,CAAPORA,581500
2019,REGIÃO NORDESTE,PB,ETANOL,2503100,CABACEIRAS,65000
2019,REGIÃO NORDESTE,PB,ETANOL,2503209,CABEDELO,11653121
2019,REGIÃO NORDESTE,PB,ETANOL,2503308,CACHOEIRA DOS INDIOS,337000
2019,REGIÃO NORDESTE,PB,ETANOL,2503506,CACIMBA DE DENTRO,193000
2019,REGIÃO NORDESTE,PB,ETANOL,2503605,CAICARA,65500
2019,REGIÃO NORDESTE,PB,ETANOL,2503704,CAJAZEIRAS,1616000
2019,REGIÃO NORDESTE,PB,ETANOL,2503803,CALDAS BRANDAO,335000
2019,REGIÃO NORDESTE,PB,ETANOL,2503902,CAMALAU,67000
2019,REGIÃO NORDESTE,PB,ETANOL,2504009,CAMPINA GRANDE,27406500
2019,REGIÃO NORDESTE,PB,ETANOL,2504033,CAPIM,99000
2019,REGIÃO NORDESTE,PB,ETANOL,2504074,CARAUBAS,32000
2019,REGIÃO NORDESTE,PB,ETANOL,2504157,CASSERENGUE,76000
2019,REGIÃO NORDESTE,PB,ETANOL,2504207,CATINGUEIRA,79000
2019,REGIÃO NORDESTE,PB,ETANOL,2504306,CATOLE DO ROCHA,562000
2019,REGIÃO NORDESTE,PB,ETANOL,2504355,CATURITE,60000
2019,REGIÃO NORDESTE,PB,ETANOL,2504405,CONCEICAO,251000
2019,REGIÃO NORDESTE,PB,ETANOL,2504504,CONDADO,44500
2019,REGIÃO NORDESTE,PB,ETANOL,2504603,CONDE,2266350
2019,REGIÃO NORDESTE,PB,ETANOL,2504702,CONGO,76000
2019,REGIÃO NORDESTE,PB,ETANOL,2504801,COREMAS,123000
2019,REGIÃO NORDESTE,PB,ETANOL,2504850,COXIXOLA,14000
2019,REGIÃO NORDESTE,PB,ETANOL,2504900,CRUZ DO ESPIRITO SANTO,789500
2019,REGIÃO NORDESTE,PB,ETANOL,2505006,CUBATI,40500
2019,REGIÃO NORDESTE,PB,ETANOL,2505105,CUITE,249000
2019,REGIÃO NORDESTE,PB,ETANOL,2505204,CUITEGI,167000
2019,REGIÃO NORDESTE,PB,ETANOL,2505238,CUITE DE MAMANGUAPE,27500
2019,REGIÃO NORDESTE,PB,ETANOL,2505352,DAMIAO,10000
2019,REGIÃO NORDESTE,PB,ETANOL,2505402,DESTERRO,135980
2019,REGIÃO NORDESTE,PB,ETANOL,2505501,VISTA SERRANA,19500
2019,REGIÃO NORDESTE,PB,ETANOL,2505600,DIAMANTE,98180
2019,REGIÃO NORDESTE,PB,ETANOL,2505709,DONA INES,118000
2019,REGIÃO NORDESTE,PB,ETANOL,2505808,DUAS ESTRADAS,44000
2019,REGIÃO NORDESTE,PB,ETANOL,2506004,ESPERANCA,606000
2019,REGIÃO NORDESTE,PB,ETANOL,2506103,FAGUNDES,86500
2019,REGIÃO NORDESTE,PB,ETANOL,2506301,GUARABIRA,3088500
2019,REGIÃO NORDESTE,PB,ETANOL,2506400,GURINHEM,1158000
2019,REGIÃO NORDESTE,PB,ETANOL,2506509,GURJAO,34000
2019,REGIÃO NORDESTE,PB,ETANOL,2506608,IBIARA,21000
2019,REGIÃO NORDESTE,PB,ETANOL,2506707,IMACULADA,26000
2019,REGIÃO NORDESTE,PB,ETANOL,2506806,INGA,426000
2019,REGIÃO NORDESTE,PB,ETANOL,2506905,ITABAIANA,881000
2019,REGIÃO NORDESTE,PB,ETANOL,2507002,ITAPORANGA,297000
2019,REGIÃO NORDESTE,PB,ETANOL,2507101,ITAPOROROCA,597000
2019,REGIÃO NORDESTE,PB,ETANOL,2507200,ITATUBA,81000
2019,REGIÃO NORDESTE,PB,ETANOL,2507309,JACARAU,568500
2019,REGIÃO NORDESTE,PB,ETANOL,2507408,JERICO,18000
2019,REGIÃO NORDESTE,PB,ETANOL,2507507,JOAO PESSOA,72919209
2019,REGIÃO NORDESTE,PB,ETANOL,2507606,JUAREZ TAVORA,152000
2019,REGIÃO NORDESTE,PB,ETANOL,2507705,JUAZEIRINHO,1176500
2019,REGIÃO NORDESTE,PB,ETANOL,2507804,JUNCO DO SERIDO,137000
2019,REGIÃO NORDESTE,PB,ETANOL,2507903,JURIPIRANGA,70000
2019,REGIÃO NORDESTE,PB,ETANOL,2508000,JURU,10500
2019,REGIÃO NORDESTE,PB,ETANOL,2508109,LAGOA,21000
2019,REGIÃO NORDESTE,PB,ETANOL,2508208,LAGOA DE DENTRO,52500
2019,REGIÃO NORDESTE,PB,ETANOL,2508307,LAGOA SECA,610000
2019,REGIÃO NORDESTE,PB,ETANOL,2508505,LIVRAMENTO,144000
2019,REGIÃO NORDESTE,PB,ETANOL,2508554,LOGRADOURO,363000
2019,REGIÃO NORDESTE,PB,ETANOL,2508604,LUCENA,108500
2019,REGIÃO NORDESTE,PB,ETANOL,2508802,MALTA,101000
2019,REGIÃO NORDESTE,PB,ETANOL,2508901,MAMANGUAPE,4117000
2019,REGIÃO NORDESTE,PB,ETANOL,2509008,MANAIRA,3000
2019,REGIÃO NORDESTE,PB,ETANOL,2509057,MARCACAO,112500
2019,REGIÃO NORDESTE,PB,ETANOL,2509107,MARI,328000
2019,REGIÃO NORDESTE,PB,ETANOL,2509156,MARIZOPOLIS,269000
2019,REGIÃO NORDESTE,PB,ETANOL,2509206,MASSARANDUBA,155000
2019,REGIÃO NORDESTE,PB,ETANOL,2509305,MATARACA,29000
2019,REGIÃO NORDESTE,PB,ETANOL,2509396,MATUREIA,60000
2019,REGIÃO NORDESTE,PB,ETANOL,2509404,MOGEIRO,55500
2019,REGIÃO NORDESTE,PB,ETANOL,2509503,MONTADAS,41500
2019,REGIÃO NORDESTE,PB,ETANOL,2509701,MONTEIRO,552400
2019,REGIÃO NORDESTE,PB,ETANOL,2509800,MULUNGU,17000
2019,REGIÃO NORDESTE,PB,ETANOL,2509909,NATUBA,170000
2019,REGIÃO NORDESTE,PB,ETANOL,2510006,NAZAREZINHO,21000
2019,REGIÃO NORDESTE,PB,ETANOL,2510303,NOVA PALMEIRA,62000
2019,REGIÃO NORDESTE,PB,ETANOL,2510402,OLHO D'AGUA,13000
2019,REGIÃO NORDESTE,PB,ETANOL,2510600,OURO VELHO,12000
2019,REGIÃO NORDESTE,PB,ETANOL,2510808,PATOS,2670980
2019,REGIÃO NORDESTE,PB,ETANOL,2510907,PAULISTA,102500
2019,REGIÃO NORDESTE,PB,ETANOL,2511202,PEDRAS DE FOGO,392000
2019,REGIÃO NORDESTE,PB,ETANOL,2511301,PIANCO,171000
2019,REGIÃO NORDESTE,PB,ETANOL,2511400,PICUI,395000
2019,REGIÃO NORDESTE,PB,ETANOL,2511509,PILAR,202000
2019,REGIÃO NORDESTE,PB,ETANOL,2511608,PILOES,71600
2019,REGIÃO NORDESTE,PB,ETANOL,2511806,PIRPIRITUBA,87000
2019,REGIÃO NORDESTE,PB,ETANOL,2511905,PITIMBU,145000
2019,REGIÃO NORDESTE,PB,ETANOL,2512002,POCINHOS,187000
2019,REGIÃO NORDESTE,PB,ETANOL,2512101,POMBAL,360000
2019,REGIÃO NORDESTE,PB,ETANOL,2512200,PRATA,41000
2019,REGIÃO NORDESTE,PB,ETANOL,2512309,PRINCESA ISABEL,195500
2019,REGIÃO NORDESTE,PB,ETANOL,2512408,PUXINANA,72000
2019,REGIÃO NORDESTE,PB,ETANOL,2512507,QUEIMADAS,557500
2019,REGIÃO NORDESTE,PB,ETANOL,2512606,QUIXABA,94500
2019,REGIÃO NORDESTE,PB,ETANOL,2512705,REMIGIO,935500
2019,REGIÃO NORDESTE,PB,ETANOL,2512721,PEDRO REGIS,75500
2019,REGIÃO NORDESTE,PB,ETANOL,2512754,RIACHAO DO BACAMARTE,384500
2019,REGIÃO NORDESTE,PB,ETANOL,2512762,RIACHAO DO POCO,245000
2019,REGIÃO NORDESTE,PB,ETANOL,2512903,RIO TINTO,440000
2019,REGIÃO NORDESTE,PB,ETANOL,2513109,SALGADO DE SAO FELIX,109500
2019,REGIÃO NORDESTE,PB,ETANOL,2513158,SANTA CECILIA,30000
2019,REGIÃO NORDESTE,PB,ETANOL,2513208,SANTA CRUZ,32000
2019,REGIÃO NORDESTE,PB,ETANOL,2513307,SANTA HELENA,22500
2019,REGIÃO NORDESTE,PB,ETANOL,2513406,SANTA LUZIA,555500
2019,REGIÃO NORDESTE,PB,ETANOL,2513703,SANTA RITA,8456100
2019,REGIÃO NORDESTE,PB,ETANOL,2513851,SANTO ANDRE,10000
2019,REGIÃO NORDESTE,PB,ETANOL,2513901,SAO BENTO,438000
2019,REGIÃO NORDESTE,PB,ETANOL,2513927,SAO BENTINHO,84000
2019,REGIÃO NORDESTE,PB,ETANOL,2513943,SAO DOMINGOS DO CARIRI,18000
2019,REGIÃO NORDESTE,PB,ETANOL,2514008,SAO JOAO DO CARIRI,47000
2019,REGIÃO NORDESTE,PB,ETANOL,2514107,SAO JOAO DO TIGRE,13000
2019,REGIÃO NORDESTE,PB,ETANOL,2514206,SAO JOSE DA LAGOA TAPADA,32000
2019,REGIÃO NORDESTE,PB,ETANOL,2514305,SAO JOSE DE CAIANA,18000
2019,REGIÃO NORDESTE,PB,ETANOL,2514503,SAO JOSE DE PIRANHAS,167500
2019,REGIÃO NORDESTE,PB,ETANOL,2514602,SAO JOSE DO BONFIM,165000
2019,REGIÃO NORDESTE,PB,ETANOL,2514800,SAO JOSE DOS CORDEIROS,24000
2019,REGIÃO NORDESTE,PB,ETANOL,2514909,SAO MAMEDE,78000
2019,REGIÃO NORDESTE,PB,ETANOL,2515005,SAO MIGUEL DE TAIPU,5000
2019,REGIÃO NORDESTE,PB,ETANOL,2515104,SAO SEBASTIAO DE LAGOA DE ROCA,671000
2019,REGIÃO NORDESTE,PB,ETANOL,2515203,SAO SEBASTIAO DO UMBUZEIRO,20000
2019,REGIÃO NORDESTE,PB,ETANOL,2515302,SAPE,1617500
2019,REGIÃO NORDESTE,PB,ETANOL,2515401,SAO VICENTE DO SERIDO,45000
2019,REGIÃO NORDESTE,PB,ETANOL,2515500,SERRA BRANCA,177500
2019,REGIÃO NORDESTE,PB,ETANOL,2515708,SERRA GRANDE,27000
2019,REGIÃO NORDESTE,PB,ETANOL,2515807,SERRA REDONDA,21000
2019,REGIÃO NORDESTE,PB,ETANOL,2515906,SERRARIA,22000
2019,REGIÃO NORDESTE,PB,ETANOL,2515971,SOBRADO,2195100
2019,REGIÃO NORDESTE,PB,ETANOL,2516003,SOLANEA,825000
2019,REGIÃO NORDESTE,PB,ETANOL,2516102,SOLEDADE,356100
2019,REGIÃO NORDESTE,PB,ETANOL,2516201,SOUSA,775000
2019,REGIÃO NORDESTE,PB,ETANOL,2516300,SUME,364000
2019,REGIÃO NORDESTE,PB,ETANOL,2516409,TACIMA,62000
2019,REGIÃO NORDESTE,PB,ETANOL,2516508,TAPEROA,29500
2019,REGIÃO NORDESTE,PB,ETANOL,2516607,TAVARES,65000
2019,REGIÃO NORDESTE,PB,ETANOL,2516706,TEIXEIRA,245000
2019,REGIÃO NORDESTE,PB,ETANOL,2516904,UIRAUNA,367000
2019,REGIÃO NORDESTE,PB,ETANOL,2517001,UMBUZEIRO,74000
2019,REGIÃO NORDESTE,PB,ETANOL,2517100,VARZEA,9000
2019,REGIÃO NORDESTE,PB,ETANOL,2517407,ZABELE,24000
2020,REGIÃO NORDESTE,PB,ETANOL,2500106,AGUA BRANCA,128000
2020,REGIÃO NORDESTE,PB,ETANOL,2500304,ALAGOA GRANDE,375000
2020,REGIÃO NORDESTE,PB,ETANOL,2500403,ALAGOA NOVA,127000
2020,REGIÃO NORDESTE,PB,ETANOL,2500502,ALAGOINHA,0
2020,REGIÃO NORDESTE,PB,ETANOL,2500536,ALCANTIL,10000
2020,REGIÃO NORDESTE,PB,ETANOL,2500601,ALHANDRA,2558500
2020,REGIÃO NORDESTE,PB,ETANOL,2500700,SAO JOAO DO RIO DO PEIXE,85000
2020,REGIÃO NORDESTE,PB,ETANOL,2500775,APARECIDA,90000
2020,REGIÃO NORDESTE,PB,ETANOL,2500809,ARACAGI,240000
2020,REGIÃO NORDESTE,PB,ETANOL,2500908,ARARA,122500
2020,REGIÃO NORDESTE,PB,ETANOL,2501005,ARARUNA,270000
2020,REGIÃO NORDESTE,PB,ETANOL,2501104,AREIA,173000
2020,REGIÃO NORDESTE,PB,ETANOL,2501351,ASSUNCAO,55000
2020,REGIÃO NORDESTE,PB,ETANOL,2501401,BAIA DA TRAICAO,157000
2020,REGIÃO NORDESTE,PB,ETANOL,2501500,BANANEIRAS,356500
2020,REGIÃO NORDESTE,PB,ETANOL,2501534,BARAUNA,73000
2020,REGIÃO NORDESTE,PB,ETANOL,2501575,BARRA DE SANTANA,190000
2020,REGIÃO NORDESTE,PB,ETANOL,2501609,BARRA DE SANTA ROSA,145000
2020,REGIÃO NORDESTE,PB,ETANOL,2501708,BARRA DE SAO MIGUEL,31000
2020,REGIÃO NORDESTE,PB,ETANOL,2501807,BAYEUX,4964500
2020,REGIÃO NORDESTE,PB,ETANOL,2501906,BELEM,533500
2020,REGIÃO NORDESTE,PB,ETANOL,2502102,BOA VENTURA,15500
2020,REGIÃO NORDESTE,PB,ETANOL,2502151,BOA VISTA,56000
2020,REGIÃO NORDESTE,PB,ETANOL,2502300,BOM SUCESSO,32000
2020,REGIÃO NORDESTE,PB,ETANOL,2502409,BONITO DE SANTA FE,48000
2020,REGIÃO NORDESTE,PB,ETANOL,2502508,BOQUEIRAO,228500
2020,REGIÃO NORDESTE,PB,ETANOL,2502706,BORBOREMA,61500
2020,REGIÃO NORDESTE,PB,ETANOL,2502805,BREJO DO CRUZ,169000
2020,REGIÃO NORDESTE,PB,ETANOL,2502904,BREJO DOS SANTOS,30000
2020,REGIÃO NORDESTE,PB,ETANOL,2503001,CAAPORA,862000
2020,REGIÃO NORDESTE,PB,ETANOL,2503100,CABACEIRAS,50000
2020,REGIÃO NORDESTE,PB,ETANOL,2503209,CABEDELO,8860500
2020,REGIÃO NORDESTE,PB,ETANOL,2503308,CACHOEIRA DOS INDIOS,267000
2020,REGIÃO NORDESTE,PB,ETANOL,2503506,CACIMBA DE DENTRO,163500
2020,REGIÃO NORDESTE,PB,ETANOL,2503605,CAICARA,68000
2020,REGIÃO NORDESTE,PB,ETANOL,2503704,CAJAZEIRAS,1138000
2020,REGIÃO NORDESTE,PB,ETANOL,2503803,CALDAS BRANDAO,270000
2020,REGIÃO NORDESTE,PB,ETANOL,2503902,CAMALAU,52000
2020,REGIÃO NORDESTE,PB,ETANOL,2504009,CAMPINA GRANDE,24264500
2020,REGIÃO NORDESTE,PB,ETANOL,2504033,CAPIM,83000
2020,REGIÃO NORDESTE,PB,ETANOL,2504074,CARAUBAS,21000
2020,REGIÃO NORDESTE,PB,ETANOL,2504157,CASSERENGUE,72000
2020,REGIÃO NORDESTE,PB,ETANOL,2504207,CATINGUEIRA,52000
2020,REGIÃO NORDESTE,PB,ETANOL,2504306,CATOLE DO ROCHA,403500
2020,REGIÃO NORDESTE,PB,ETANOL,2504355,CATURITE,47000
2020,REGIÃO NORDESTE,PB,ETANOL,2504405,CONCEICAO,162000
2020,REGIÃO NORDESTE,PB,ETANOL,2504504,CONDADO,47000
2020,REGIÃO NORDESTE,PB,ETANOL,2504603,CONDE,2057650
2020,REGIÃO NORDESTE,PB,ETANOL,2504702,CONGO,47000
2020,REGIÃO NORDESTE,PB,ETANOL,2504801,COREMAS,91000
2020,REGIÃO NORDESTE,PB,ETANOL,2504850,COXIXOLA,9000
2020,REGIÃO NORDESTE,PB,ETANOL,2504900,CRUZ DO ESPIRITO SANTO,746000
2020,REGIÃO NORDESTE,PB,ETANOL,2505006,CUBATI,18000
2020,REGIÃO NORDESTE,PB,ETANOL,2505105,CUITE,245000
2020,REGIÃO NORDESTE,PB,ETANOL,2505204,CUITEGI,125000
2020,REGIÃO NORDESTE,PB,ETANOL,2505238,CUITE DE MAMANGUAPE,26000
2020,REGIÃO NORDESTE,PB,ETANOL,2505352,DAMIAO,32000
2020,REGIÃO NORDESTE,PB,ETANOL,2505402,DESTERRO,107500
2020,REGIÃO NORDESTE,PB,ETANOL,2505501,VISTA SERRANA,19000
2020,REGIÃO NORDESTE,PB,ETANOL,2505600,DIAMANTE,75360
2020,REGIÃO NORDESTE,PB,ETANOL,2505709,DONA INES,107500
2020,REGIÃO NORDESTE,PB,ETANOL,2505808,DUAS ESTRADAS,32000
2020,REGIÃO NORDESTE,PB,ETANOL,2506004,ESPERANCA,569000
2020,REGIÃO NORDESTE,PB,ETANOL,2506103,FAGUNDES,54000
2020,REGIÃO NORDESTE,PB,ETANOL,2506301,GUARABIRA,2383000
2020,REGIÃO NORDESTE,PB,ETANOL,2506400,GURINHEM,1160500
2020,REGIÃO NORDESTE,PB,ETANOL,2506509,GURJAO,33000
2020,REGIÃO NORDESTE,PB,ETANOL,2506608,IBIARA,25500
2020,REGIÃO NORDESTE,PB,ETANOL,2506707,IMACULADA,18500
2020,REGIÃO NORDESTE,PB,ETANOL,2506806,INGA,290000
2020,REGIÃO NORDESTE,PB,ETANOL,2506905,ITABAIANA,745000
2020,REGIÃO NORDESTE,PB,ETANOL,2507002,ITAPORANGA,222000
2020,REGIÃO NORDESTE,PB,ETANOL,2507101,ITAPOROROCA,393000
2020,REGIÃO NORDESTE,PB,ETANOL,2507200,ITATUBA,71500
2020,REGIÃO NORDESTE,PB,ETANOL,2507309,JACARAU,479500
2020,REGIÃO NORDESTE,PB,ETANOL,2507408,JERICO,32000
2020,REGIÃO NORDESTE,PB,ETANOL,2507507,JOAO PESSOA,57681350
2020,REGIÃO NORDESTE,PB,ETANOL,2507606,JUAREZ TAVORA,85000
2020,REGIÃO NORDESTE,PB,ETANOL,2507705,JUAZEIRINHO,1017000
2020,REGIÃO NORDESTE,PB,ETANOL,2507804,JUNCO DO SERIDO,150000
2020,REGIÃO NORDESTE,PB,ETANOL,2507903,JURIPIRANGA,55000
2020,REGIÃO NORDESTE,PB,ETANOL,2508000,JURU,33000
2020,REGIÃO NORDESTE,PB,ETANOL,2508109,LAGOA,32000
2020,REGIÃO NORDESTE,PB,ETANOL,2508208,LAGOA DE DENTRO,45000
2020,REGIÃO NORDESTE,PB,ETANOL,2508307,LAGOA SECA,592500
2020,REGIÃO NORDESTE,PB,ETANOL,2508505,LIVRAMENTO,57000
2020,REGIÃO NORDESTE,PB,ETANOL,2508554,LOGRADOURO,235000
2020,REGIÃO NORDESTE,PB,ETANOL,2508604,LUCENA,199000
2020,REGIÃO NORDESTE,PB,ETANOL,2508802,MALTA,62000
2020,REGIÃO NORDESTE,PB,ETANOL,2508901,MAMANGUAPE,3373500
2020,REGIÃO NORDESTE,PB,ETANOL,2509008,MANAIRA,11500
2020,REGIÃO NORDESTE,PB,ETANOL,2509057,MARCACAO,118500
2020,REGIÃO NORDESTE,PB,ETANOL,2509107,MARI,217500
2020,REGIÃO NORDESTE,PB,ETANOL,2509156,MARIZOPOLIS,221000
2020,REGIÃO NORDESTE,PB,ETANOL,2509206,MASSARANDUBA,240000
2020,REGIÃO NORDESTE,PB,ETANOL,2509305,MATARACA,45000
2020,REGIÃO NORDESTE,PB,ETANOL,2509396,MATUREIA,48000
2020,REGIÃO NORDESTE,PB,ETANOL,2509404,MOGEIRO,54000
2020,REGIÃO NORDESTE,PB,ETANOL,2509503,MONTADAS,24000
2020,REGIÃO NORDESTE,PB,ETANOL,2509701,MONTEIRO,442400
2020,REGIÃO NORDESTE,PB,ETANOL,2509800,MULUNGU,85000
2020,REGIÃO NORDESTE,PB,ETANOL,2509909,NATUBA,173000
2020,REGIÃO NORDESTE,PB,ETANOL,2510006,NAZAREZINHO,15000
2020,REGIÃO NORDESTE,PB,ETANOL,2510303,NOVA PALMEIRA,56500
2020,REGIÃO NORDESTE,PB,ETANOL,2510600,OURO VELHO,18000
2020,REGIÃO NORDESTE,PB,ETANOL,2510808,PATOS,2005000
2020,REGIÃO NORDESTE,PB,ETANOL,2510907,PAULISTA,78000
2020,REGIÃO NORDESTE,PB,ETANOL,2511202,PEDRAS DE FOGO,603500
2020,REGIÃO NORDESTE,PB,ETANOL,2511301,PIANCO,171000
2020,REGIÃO NORDESTE,PB,ETANOL,2511400,PICUI,327000
2020,REGIÃO NORDESTE,PB,ETANOL,2511509,PILAR,200000
2020,REGIÃO NORDESTE,PB,ETANOL,2511608,PILOES,62000
2020,REGIÃO NORDESTE,PB,ETANOL,2511707,PILOEZINHOS,7000
2020,REGIÃO NORDESTE,PB,ETANOL,2511806,PIRPIRITUBA,94000
2020,REGIÃO NORDESTE,PB,ETANOL,2511905,PITIMBU,133000
2020,REGIÃO NORDESTE,PB,ETANOL,2512002,POCINHOS,241000
2020,REGIÃO NORDESTE,PB,ETANOL,2512101,POMBAL,230000
2020,REGIÃO NORDESTE,PB,ETANOL,2512200,PRATA,34000
2020,REGIÃO NORDESTE,PB,ETANOL,2512309,PRINCESA ISABEL,122000
2020,REGIÃO NORDESTE,PB,ETANOL,2512408,PUXINANA,49000
2020,REGIÃO NORDESTE,PB,ETANOL,2512507,QUEIMADAS,455000
2020,REGIÃO NORDESTE,PB,ETANOL,2512606,QUIXABA,48000
2020,REGIÃO NORDESTE,PB,ETANOL,2512705,REMIGIO,724000
2020,REGIÃO NORDESTE,PB,ETANOL,2512721,PEDRO REGIS,88000
2020,REGIÃO NORDESTE,PB,ETANOL,2512754,RIACHAO DO BACAMARTE,285500
2020,REGIÃO NORDESTE,PB,ETANOL,2512762,RIACHAO DO POCO,127000
2020,REGIÃO NORDESTE,PB,ETANOL,2512903,RIO TINTO,446500
2020,REGIÃO NORDESTE,PB,ETANOL,2513109,SALGADO DE SAO FELIX,84500
2020,REGIÃO NORDESTE,PB,ETANOL,2513158,SANTA CECILIA,32500
2020,REGIÃO NORDESTE,PB,ETANOL,2513208,SANTA CRUZ,27000
2020,REGIÃO NORDESTE,PB,ETANOL,2513307,SANTA HELENA,15000
2020,REGIÃO NORDESTE,PB,ETANOL,2513406,SANTA LUZIA,502500
2020,REGIÃO NORDESTE,PB,ETANOL,2513703,SANTA RITA,7626550
2020,REGIÃO NORDESTE,PB,ETANOL,2513851,SANTO ANDRE,2500
2020,REGIÃO NORDESTE,PB,ETANOL,2513901,SAO BENTO,369500
2020,REGIÃO NORDESTE,PB,ETANOL,2513927,SAO BENTINHO,70500
2020,REGIÃO NORDESTE,PB,ETANOL,2513943,SAO DOMINGOS DO CARIRI,32500
2020,REGIÃO NORDESTE,PB,ETANOL,2514008,SAO JOAO DO CARIRI,39000
2020,REGIÃO NORDESTE,PB,ETANOL,2514107,SAO JOAO DO TIGRE,10000
2020,REGIÃO NORDESTE,PB,ETANOL,2514206,SAO JOSE DA LAGOA TAPADA,24000
2020,REGIÃO NORDESTE,PB,ETANOL,2514305,SAO JOSE DE CAIANA,18000
2020,REGIÃO NORDESTE,PB,ETANOL,2514503,SAO JOSE DE PIRANHAS,167000
2020,REGIÃO NORDESTE,PB,ETANOL,2514602,SAO JOSE DO BONFIM,86000
2020,REGIÃO NORDESTE,PB,ETANOL,2514800,SAO JOSE DOS CORDEIROS,24000
2020,REGIÃO NORDESTE,PB,ETANOL,2514909,SAO MAMEDE,52000
2020,REGIÃO NORDESTE,PB,ETANOL,2515104,SAO SEBASTIAO DE LAGOA DE ROCA,580500
2020,REGIÃO NORDESTE,PB,ETANOL,2515203,SAO SEBASTIAO DO UMBUZEIRO,15000
2020,REGIÃO NORDESTE,PB,ETANOL,2515302,SAPE,1368000
2020,REGIÃO NORDESTE,PB,ETANOL,2515401,SAO VICENTE DO SERIDO,51480
2020,REGIÃO NORDESTE,PB,ETANOL,2515500,SERRA BRANCA,161000
2020,REGIÃO NORDESTE,PB,ETANOL,2515708,SERRA GRANDE,25000
2020,REGIÃO NORDESTE,PB,ETANOL,2515807,SERRA REDONDA,43000
2020,REGIÃO NORDESTE,PB,ETANOL,2515906,SERRARIA,18000
2020,REGIÃO NORDESTE,PB,ETANOL,2515971,SOBRADO,1834500
2020,REGIÃO NORDESTE,PB,ETANOL,2516003,SOLANEA,690500
2020,REGIÃO NORDESTE,PB,ETANOL,2516102,SOLEDADE,277720
2020,REGIÃO NORDESTE,PB,ETANOL,2516201,SOUSA,669500
2020,REGIÃO NORDESTE,PB,ETANOL,2516300,SUME,320000
2020,REGIÃO NORDESTE,PB,ETANOL,2516409,TACIMA,54000
2020,REGIÃO NORDESTE,PB,ETANOL,2516508,TAPEROA,31940
2020,REGIÃO NORDESTE,PB,ETANOL,2516607,TAVARES,62500
2020,REGIÃO NORDESTE,PB,ETANOL,2516706,TEIXEIRA,167000
2020,REGIÃO NORDESTE,PB,ETANOL,2516805,TRIUNFO,6000
2020,REGIÃO NORDESTE,PB,ETANOL,2516904,UIRAUNA,201000
2020,REGIÃO NORDESTE,PB,ETANOL,2517001,UMBUZEIRO,109150
2020,REGIÃO NORDESTE,PB,ETANOL,2517100,VARZEA,3000
2020,REGIÃO NORDESTE,PB,ETANOL,2517407,ZABELE,18000
2021,REGIÃO NORDESTE,PB,ETANOL,2500106,AGUA BRANCA,107000
2021,REGIÃO NORDESTE,PB,ETANOL,2500304,ALAGOA GRANDE,304500
2021,REGIÃO NORDESTE,PB,ETANOL,2500403,ALAGOA NOVA,113000
2021,REGIÃO NORDESTE,PB,ETANOL,2500536,ALCANTIL,10500
2021,REGIÃO NORDESTE,PB,ETANOL,2500601,ALHANDRA,2114000
2021,REGIÃO NORDESTE,PB,ETANOL,2500700,SAO JOAO DO RIO DO PEIXE,94500
2021,REGIÃO NORDESTE,PB,ETANOL,2500775,APARECIDA,75000
2021,REGIÃO NORDESTE,PB,ETANOL,2500809,ARACAGI,207500
2021,REGIÃO NORDESTE,PB,ETANOL,2500908,ARARA,112000
2021,REGIÃO NORDESTE,PB,ETANOL,2501005,ARARUNA,239000
2021,REGIÃO NORDESTE,PB,ETANOL,2501104,AREIA,127000
2021,REGIÃO NORDESTE,PB,ETANOL,2501302,AROEIRAS,57000
2021,REGIÃO NORDESTE,PB,ETANOL,2501351,ASSUNCAO,59000
2021,REGIÃO NORDESTE,PB,ETANOL,2501401,BAIA DA TRAICAO,151000
2021,REGIÃO NORDESTE,PB,ETANOL,2501500,BANANEIRAS,369000
2021,REGIÃO NORDESTE,PB,ETANOL,2501534,BARAUNA,1881000
2021,REGIÃO NORDESTE,PB,ETANOL,2501575,BARRA DE SANTANA,145000
2021,REGIÃO NORDESTE,PB,ETANOL,2501609,BARRA DE SANTA ROSA,113000
2021,REGIÃO NORDESTE,PB,ETANOL,2501708,BARRA DE SAO MIGUEL,39000
2021,REGIÃO NORDESTE,PB,ETANOL,2501807,BAYEUX,3706000
2021,REGIÃO NORDESTE,PB,ETANOL,2501906,BELEM,422500
2021,REGIÃO NORDESTE,PB,ETANOL,2502102,BOA VENTURA,15000
2021,REGIÃO NORDESTE,PB,ETANOL,2502151,BOA VISTA,52000
2021,REGIÃO NORDESTE,PB,ETANOL,2502201,BOM JESUS,3521700
2021,REGIÃO NORDESTE,PB,ETANOL,2502300,BOM SUCESSO,28000
2021,REGIÃO NORDESTE,PB,ETANOL,2502409,BONITO DE SANTA FE,56000
2021,REGIÃO NORDESTE,PB,ETANOL,2502508,BOQUEIRAO,210500
2021,REGIÃO NORDESTE,PB,ETANOL,2502607,IGARACY,0
2021,REGIÃO NORDESTE,PB,ETANOL,2502706,BORBOREMA,50500
2021,REGIÃO NORDESTE,PB,ETANOL,2502805,BREJO DO CRUZ,161000
2021,REGIÃO NORDESTE,PB,ETANOL,2502904,BREJO DOS SANTOS,27000
2021,REGIÃO NORDESTE,PB,ETANOL,2503001,CAAPORA,829500
2021,REGIÃO NORDESTE,PB,ETANOL,2503100,CABACEIRAS,54000
2021,REGIÃO NORDESTE,PB,ETANOL,2503209,CABEDELO,6245500
2021,REGIÃO NORDESTE,PB,ETANOL,2503308,CACHOEIRA DOS INDIOS,329000
2021,REGIÃO NORDESTE,PB,ETANOL,2503506,CACIMBA DE DENTRO,154500
2021,REGIÃO NORDESTE,PB,ETANOL,2503605,CAICARA,45000
2021,REGIÃO NORDESTE,PB,ETANOL,2503704,CAJAZEIRAS,4711600
2021,REGIÃO NORDESTE,PB,ETANOL,2503803,CALDAS BRANDAO,365000
2021,REGIÃO NORDESTE,PB,ETANOL,2503902,CAMALAU,50000
2021,REGIÃO NORDESTE,PB,ETANOL,2504009,CAMPINA GRANDE,19027500
2021,REGIÃO NORDESTE,PB,ETANOL,2504033,CAPIM,79500
2021,REGIÃO NORDESTE,PB,ETANOL,2504074,CARAUBAS,18000
2021,REGIÃO NORDESTE,PB,ETANOL,2504157,CASSERENGUE,65000
2021,REGIÃO NORDESTE,PB,ETANOL,2504207,CATINGUEIRA,48000
2021,REGIÃO NORDESTE,PB,ETANOL,2504306,CATOLE DO ROCHA,361000
2021,REGIÃO NORDESTE,PB,ETANOL,2504355,CATURITE,43000
2021,REGIÃO NORDESTE,PB,ETANOL,2504405,CONCEICAO,157000
2021,REGIÃO NORDESTE,PB,ETANOL,2504504,CONDADO,45500
2021,REGIÃO NORDESTE,PB,ETANOL,2504603,CONDE,1609350
2021,REGIÃO NORDESTE,PB,ETANOL,2504702,CONGO,40000
2021,REGIÃO NORDESTE,PB,ETANOL,2504801,COREMAS,106000
2021,REGIÃO NORDESTE,PB,ETANOL,2504850,COXIXOLA,12000
2021,REGIÃO NORDESTE,PB,ETANOL,2504900,CRUZ DO ESPIRITO SANTO,574500
2021,REGIÃO NORDESTE,PB,ETANOL,2505006,CUBATI,25480
2021,REGIÃO NORDESTE,PB,ETANOL,2505105,CUITE,309000
2021,REGIÃO NORDESTE,PB,ETANOL,2505204,CUITEGI,98000
2021,REGIÃO NORDESTE,PB,ETANOL,2505238,CUITE DE MAMANGUAPE,19000
2021,REGIÃO NORDESTE,PB,ETANOL,2505352,DAMIAO,46000
2021,REGIÃO NORDESTE,PB,ETANOL,2505402,DESTERRO,88000
2021,REGIÃO NORDESTE,PB,ETANOL,2505501,VISTA SERRANA,5500
2021,REGIÃO NORDESTE,PB,ETANOL,2505600,DIAMANTE,62718
2021,REGIÃO NORDESTE,PB,ETANOL,2505709,DONA INES,87500
2021,REGIÃO NORDESTE,PB,ETANOL,2505808,DUAS ESTRADAS,22000
2021,REGIÃO NORDESTE,PB,ETANOL,2506004,ESPERANCA,368000
2021,REGIÃO NORDESTE,PB,ETANOL,2506103,FAGUNDES,48000
2021,REGIÃO NORDESTE,PB,ETANOL,2506251,GADO BRAVO,41000
2021,REGIÃO NORDESTE,PB,ETANOL,2506301,GUARABIRA,2179000
2021,REGIÃO NORDESTE,PB,ETANOL,2506400,GURINHEM,972500
2021,REGIÃO NORDESTE,PB,ETANOL,2506509,GURJAO,27000
2021,REGIÃO NORDESTE,PB,ETANOL,2506608,IBIARA,12000
2021,REGIÃO NORDESTE,PB,ETANOL,2506707,IMACULADA,16500
2021,REGIÃO NORDESTE,PB,ETANOL,2506806,INGA,220500
2021,REGIÃO NORDESTE,PB,ETANOL,2506905,ITABAIANA,760000
2021,REGIÃO NORDESTE,PB,ETANOL,2507002,ITAPORANGA,181000
2021,REGIÃO NORDESTE,PB,ETANOL,2507101,ITAPOROROCA,381000
2021,REGIÃO NORDESTE,PB,ETANOL,2507200,ITATUBA,71500
2021,REGIÃO NORDESTE,PB,ETANOL,2507309,JACARAU,417500
2021,REGIÃO NORDESTE,PB,ETANOL,2507408,JERICO,33000
2021,REGIÃO NORDESTE,PB,ETANOL,2507507,JOAO PESSOA,47079750
2021,REGIÃO NORDESTE,PB,ETANOL,2507606,JUAREZ TAVORA,39000
2021,REGIÃO NORDESTE,PB,ETANOL,2507705,JUAZEIRINHO,765500
2021,REGIÃO NORDESTE,PB,ETANOL,2507804,JUNCO DO SERIDO,234500
2021,REGIÃO NORDESTE,PB,ETANOL,2507903,JURIPIRANGA,40000
2021,REGIÃO NORDESTE,PB,ETANOL,2508000,JURU,27000
2021,REGIÃO NORDESTE,PB,ETANOL,2508109,LAGOA,14000
2021,REGIÃO NORDESTE,PB,ETANOL,2508208,LAGOA DE DENTRO,48000
2021,REGIÃO NORDESTE,PB,ETANOL,2508307,LAGOA SECA,504400
2021,REGIÃO NORDESTE,PB,ETANOL,2508505,LIVRAMENTO,47000
2021,REGIÃO NORDESTE,PB,ETANOL,2508554,LOGRADOURO,156000
2021,REGIÃO NORDESTE,PB,ETANOL,2508604,LUCENA,181000
2021,REGIÃO NORDESTE,PB,ETANOL,2508802,MALTA,23500
2021,REGIÃO NORDESTE,PB,ETANOL,2508901,MAMANGUAPE,2922000
2021,REGIÃO NORDESTE,PB,ETANOL,2509008,MANAIRA,6000
2021,REGIÃO NORDESTE,PB,ETANOL,2509057,MARCACAO,144500
2021,REGIÃO NORDESTE,PB,ETANOL,2509107,MARI,225000
2021,REGIÃO NORDESTE,PB,ETANOL,2509156,MARIZOPOLIS,152000
2021,REGIÃO NORDESTE,PB,ETANOL,2509206,MASSARANDUBA,315000
2021,REGIÃO NORDESTE,PB,ETANOL,2509305,MATARACA,80950
2021,REGIÃO NORDESTE,PB,ETANOL,2509396,MATUREIA,40500
2021,REGIÃO NORDESTE,PB,ETANOL,2509404,MOGEIRO,31500
2021,REGIÃO NORDESTE,PB,ETANOL,2509701,MONTEIRO,400700
2021,REGIÃO NORDESTE,PB,ETANOL,2509800,MULUNGU,58000
2021,REGIÃO NORDESTE,PB,ETANOL,2509909,NATUBA,143000
2021,REGIÃO NORDESTE,PB,ETANOL,2510006,NAZAREZINHO,9000
2021,REGIÃO NORDESTE,PB,ETANOL,2510303,NOVA PALMEIRA,55000
2021,REGIÃO NORDESTE,PB,ETANOL,2510600,OURO VELHO,12000
2021,REGIÃO NORDESTE,PB,ETANOL,2510808,PATOS,1721000
2021,REGIÃO NORDESTE,PB,ETANOL,2510907,PAULISTA,75500
2021,REGIÃO NORDESTE,PB,ETANOL,2511202,PEDRAS DE FOGO,314500
2021,REGIÃO NORDESTE,PB,ETANOL,2511301,PIANCO,153000
2021,REGIÃO NORDESTE,PB,ETANOL,2511400,PICUI,280000
2021,REGIÃO NORDESTE,PB,ETANOL,2511509,PILAR,187000
2021,REGIÃO NORDESTE,PB,ETANOL,2511608,PILOES,52000
2021,REGIÃO NORDESTE,PB,ETANOL,2511707,PILOEZINHOS,9000
2021,REGIÃO NORDESTE,PB,ETANOL,2511806,PIRPIRITUBA,73000
2021,REGIÃO NORDESTE,PB,ETANOL,2511905,PITIMBU,138500
2021,REGIÃO NORDESTE,PB,ETANOL,2512002,POCINHOS,254000
2021,REGIÃO NORDESTE,PB,ETANOL,2512101,POMBAL,218000
2021,REGIÃO NORDESTE,PB,ETANOL,2512200,PRATA,34000
2021,REGIÃO NORDESTE,PB,ETANOL,2512309,PRINCESA ISABEL,122000
2021,REGIÃO NORDESTE,PB,ETANOL,2512408,PUXINANA,10000
2021,REGIÃO NORDESTE,PB,ETANOL,2512507,QUEIMADAS,437000
2021,REGIÃO NORDESTE,PB,ETANOL,2512606,QUIXABA,44000
2021,REGIÃO NORDESTE,PB,ETANOL,2512705,REMIGIO,561000
2021,REGIÃO NORDESTE,PB,ETANOL,2512721,PEDRO REGIS,43000
2021,REGIÃO NORDESTE,PB,ETANOL,2512754,RIACHAO DO BACAMARTE,200000
2021,REGIÃO NORDESTE,PB,ETANOL,2512762,RIACHAO DO POCO,116000
2021,REGIÃO NORDESTE,PB,ETANOL,2512903,RIO TINTO,456500
2021,REGIÃO NORDESTE,PB,ETANOL,2513109,SALGADO DE SAO FELIX,62500
2021,REGIÃO NORDESTE,PB,ETANOL,2513158,SANTA CECILIA,40000
2021,REGIÃO NORDESTE,PB,ETANOL,2513208,SANTA CRUZ,21000
2021,REGIÃO NORDESTE,PB,ETANOL,2513307,SANTA HELENA,17500
2021,REGIÃO NORDESTE,PB,ETANOL,2513406,SANTA LUZIA,354000
2021,REGIÃO NORDESTE,PB,ETANOL,2513703,SANTA RITA,6520300
2021,REGIÃO NORDESTE,PB,ETANOL,2513851,SANTO ANDRE,90000
2021,REGIÃO NORDESTE,PB,ETANOL,2513901,SAO BENTO,321000
2021,REGIÃO NORDESTE,PB,ETANOL,2513927,SAO BENTINHO,72500
2021,REGIÃO NORDESTE,PB,ETANOL,2513943,SAO DOMINGOS DO CARIRI,30000
2021,REGIÃO NORDESTE,PB,ETANOL,2514008,SAO JOAO DO CARIRI,43000
2021,REGIÃO NORDESTE,PB,ETANOL,2514206,SAO JOSE DA LAGOA TAPADA,21000
2021,REGIÃO NORDESTE,PB,ETANOL,2514305,SAO JOSE DE CAIANA,15000
2021,REGIÃO NORDESTE,PB,ETANOL,2514453,SAO JOSE DOS RAMOS,24000
2021,REGIÃO NORDESTE,PB,ETANOL,2514503,SAO JOSE DE PIRANHAS,116000
2021,REGIÃO NORDESTE,PB,ETANOL,2514602,SAO JOSE DO BONFIM,66000
2021,REGIÃO NORDESTE,PB,ETANOL,2514800,SAO JOSE DOS CORDEIROS,24000
2021,REGIÃO NORDESTE,PB,ETANOL,2514909,SAO MAMEDE,39000
2021,REGIÃO NORDESTE,PB,ETANOL,2515104,SAO SEBASTIAO DE LAGOA DE ROCA,459000
2021,REGIÃO NORDESTE,PB,ETANOL,2515203,SAO SEBASTIAO DO UMBUZEIRO,18000
2021,REGIÃO NORDESTE,PB,ETANOL,2515302,SAPE,1248000
2021,REGIÃO NORDESTE,PB,ETANOL,2515401,SAO VICENTE DO SERIDO,31000
2021,REGIÃO NORDESTE,PB,ETANOL,2515500,SERRA BRANCA,122000
2021,REGIÃO NORDESTE,PB,ETANOL,2515708,SERRA GRANDE,22000
2021,REGIÃO NORDESTE,PB,ETANOL,2515807,SERRA REDONDA,9000
2021,REGIÃO NORDESTE,PB,ETANOL,2515906,SERRARIA,14500
2021,REGIÃO NORDESTE,PB,ETANOL,2515971,SOBRADO,1630500
2021,REGIÃO NORDESTE,PB,ETANOL,2516003,SOLANEA,540500
2021,REGIÃO NORDESTE,PB,ETANOL,2516102,SOLEDADE,209400
2021,REGIÃO NORDESTE,PB,ETANOL,2516201,SOUSA,552500
2021,REGIÃO NORDESTE,PB,ETANOL,2516300,SUME,228000
2021,REGIÃO NORDESTE,PB,ETANOL,2516409,TACIMA,9000
2021,REGIÃO NORDESTE,PB,ETANOL,2516508,TAPEROA,25500
2021,REGIÃO NORDESTE,PB,ETANOL,2516607,TAVARES,57000
2021,REGIÃO NORDESTE,PB,ETANOL,2516706,TEIXEIRA,146000
2021,REGIÃO NORDESTE,PB,ETANOL,2516805,TRIUNFO,6000
2021,REGIÃO NORDESTE,PB,ETANOL,2516904,UIRAUNA,140000
2021,REGIÃO NORDESTE,PB,ETANOL,2517001,UMBUZEIRO,78500
2021,REGIÃO NORDESTE,PB,ETANOL,2517100,VARZEA,16000
2021,REGIÃO NORDESTE,PB,ETANOL,2517407,ZABELE,19000
2022,REGIÃO NORDESTE,PB,ETANOL,2500106,AGUA BRANCA,82000
2022,REGIÃO NORDESTE,PB,ETANOL,2500304,ALAGOA GRANDE,323500
2022,REGIÃO NORDESTE,PB,ETANOL,2500403,ALAGOA NOVA,93000
2022,REGIÃO NORDESTE,PB,ETANOL,2500601,ALHANDRA,2154000
2022,REGIÃO NORDESTE,PB,ETANOL,2500700,SAO JOAO DO RIO DO PEIXE,93500
2022,REGIÃO NORDESTE,PB,ETANOL,2500775,APARECIDA,80000
2022,REGIÃO NORDESTE,PB,ETANOL,2500809,ARACAGI,179000
2022,REGIÃO NORDESTE,PB,ETANOL,2500908,ARARA,94500
2022,REGIÃO NORDESTE,PB,ETANOL,2501005,ARARUNA,183500
2022,REGIÃO NORDESTE,PB,ETANOL,2501104,AREIA,157500
2022,REGIÃO NORDESTE,PB,ETANOL,2501302,AROEIRAS,80000
2022,REGIÃO NORDESTE,PB,ETANOL,2501351,ASSUNCAO,84000
2022,REGIÃO NORDESTE,PB,ETANOL,2501401,BAIA DA TRAICAO,132000
2022,REGIÃO NORDESTE,PB,ETANOL,2501500,BANANEIRAS,325000
2022,REGIÃO NORDESTE,PB,ETANOL,2501534,BARAUNA,80000
2022,REGIÃO NORDESTE,PB,ETANOL,2501575,BARRA DE SANTANA,124000
2022,REGIÃO NORDESTE,PB,ETANOL,2501609,BARRA DE SANTA ROSA,93000
2022,REGIÃO NORDESTE,PB,ETANOL,2501708,BARRA DE SAO MIGUEL,30000
2022,REGIÃO NORDESTE,PB,ETANOL,2501807,BAYEUX,3588500
2022,REGIÃO NORDESTE,PB,ETANOL,2501906,BELEM,369000
2022,REGIÃO NORDESTE,PB,ETANOL,2502151,BOA VISTA,46000
2022,REGIÃO NORDESTE,PB,ETANOL,2502300,BOM SUCESSO,21000
2022,REGIÃO NORDESTE,PB,ETANOL,2502409,BONITO DE SANTA FE,38000
2022,REGIÃO NORDESTE,PB,ETANOL,2502508,BOQUEIRAO,244000
2022,REGIÃO NORDESTE,PB,ETANOL,2502706,BORBOREMA,53000
2022,REGIÃO NORDESTE,PB,ETANOL,2502805,BREJO DO CRUZ,113500
2022,REGIÃO NORDESTE,PB,ETANOL,2502904,BREJO DOS SANTOS,30500
2022,REGIÃO NORDESTE,PB,ETANOL,2503001,CAAPORA,743500
2022,REGIÃO NORDESTE,PB,ETANOL,2503100,CABACEIRAS,50000
2022,REGIÃO NORDESTE,PB,ETANOL,2503209,CABEDELO,5542000
2022,REGIÃO NORDESTE,PB,ETANOL,2503308,CACHOEIRA DOS INDIOS,233000
2022,REGIÃO NORDESTE,PB,ETANOL,2503506,CACIMBA DE DENTRO,146500
2022,REGIÃO NORDESTE,PB,ETANOL,2503605,CAICARA,39000
2022,REGIÃO NORDESTE,PB,ETANOL,2503704,CAJAZEIRAS,1070000
2022,REGIÃO NORDESTE,PB,ETANOL,2503753,CAJAZEIRINHAS,0
2022,REGIÃO NORDESTE,PB,ETANOL,2503803,CALDAS BRANDAO,336000
2022,REGIÃO NORDESTE,PB,ETANOL,2503902,CAMALAU,31000
2022,REGIÃO NORDESTE,PB,ETANOL,2504009,CAMPINA GRANDE,20996500
2022,REGIÃO NORDESTE,PB,ETANOL,2504033,CAPIM,70500
2022,REGIÃO NORDESTE,PB,ETANOL,2504074,CARAUBAS,18000
2022,REGIÃO NORDESTE,PB,ETANOL,2504157,CASSERENGUE,55000
2022,REGIÃO NORDESTE,PB,ETANOL,2504207,CATINGUEIRA,40000
2022,REGIÃO NORDESTE,PB,ETANOL,2504306,CATOLE DO ROCHA,307000
2022,REGIÃO NORDESTE,PB,ETANOL,2504355,CATURITE,40000
2022,REGIÃO NORDESTE,PB,ETANOL,2504405,CONCEICAO,145000
2022,REGIÃO NORDESTE,PB,ETANOL,2504504,CONDADO,51000
2022,REGIÃO NORDESTE,PB,ETANOL,2504603,CONDE,1343350
2022,REGIÃO NORDESTE,PB,ETANOL,2504702,CONGO,53000
2022,REGIÃO NORDESTE,PB,ETANOL,2504801,COREMAS,57000
2022,REGIÃO NORDESTE,PB,ETANOL,2504850,COXIXOLA,15000
2022,REGIÃO NORDESTE,PB,ETANOL,2504900,CRUZ DO ESPIRITO SANTO,461500
2022,REGIÃO NORDESTE,PB,ETANOL,2505006,CUBATI,27500
2022,REGIÃO NORDESTE,PB,ETANOL,2505105,CUITE,232000
2022,REGIÃO NORDESTE,PB,ETANOL,2505204,CUITEGI,74000
2022,REGIÃO NORDESTE,PB,ETANOL,2505238,CUITE DE MAMANGUAPE,2500
2022,REGIÃO NORDESTE,PB,ETANOL,2505352,DAMIAO,42000
2022,REGIÃO NORDESTE,PB,ETANOL,2505402,DESTERRO,78000
2022,REGIÃO NORDESTE,PB,ETANOL,2505501,VISTA SERRANA,15000
2022,REGIÃO NORDESTE,PB,ETANOL,2505600,DIAMANTE,44600
2022,REGIÃO NORDESTE,PB,ETANOL,2505709,DONA INES,90000
2022,REGIÃO NORDESTE,PB,ETANOL,2505808,DUAS ESTRADAS,27000
2022,REGIÃO NORDESTE,PB,ETANOL,2506004,ESPERANCA,304000
2022,REGIÃO NORDESTE,PB,ETANOL,2506103,FAGUNDES,41000
2022,REGIÃO NORDESTE,PB,ETANOL,2506251,GADO BRAVO,33000
2022,REGIÃO NORDESTE,PB,ETANOL,2506301,GUARABIRA,1813000
2022,REGIÃO NORDESTE,PB,ETANOL,2506400,GURINHEM,865500
2022,REGIÃO NORDESTE,PB,ETANOL,2506509,GURJAO,30000
2022,REGIÃO NORDESTE,PB,ETANOL,2506608,IBIARA,8000
2022,REGIÃO NORDESTE,PB,ETANOL,2506707,IMACULADA,13500
2022,REGIÃO NORDESTE,PB,ETANOL,2506806,INGA,215000
2022,REGIÃO NORDESTE,PB,ETANOL,2506905,ITABAIANA,780000
2022,REGIÃO NORDESTE,PB,ETANOL,2507002,ITAPORANGA,195000
2022,REGIÃO NORDESTE,PB,ETANOL,2507101,ITAPOROROCA,395000
2022,REGIÃO NORDESTE,PB,ETANOL,2507200,ITATUBA,66000
2022,REGIÃO NORDESTE,PB,ETANOL,2507309,JACARAU,437500
2022,REGIÃO NORDESTE,PB,ETANOL,2507408,JERICO,35000
2022,REGIÃO NORDESTE,PB,ETANOL,2507507,JOAO PESSOA,51211260
2022,REGIÃO NORDESTE,PB,ETANOL,2507606,JUAREZ TAVORA,65000
2022,REGIÃO NORDESTE,PB,ETANOL,2507705,JUAZEIRINHO,685000
2022,REGIÃO NORDESTE,PB,ETANOL,2507804,JUNCO DO SERIDO,141000
2022,REGIÃO NORDESTE,PB,ETANOL,2507903,JURIPIRANGA,35000
2022,REGIÃO NORDESTE,PB,ETANOL,2508000,JURU,44000
2022,REGIÃO NORDESTE,PB,ETANOL,2508109,LAGOA,12500
2022,REGIÃO NORDESTE,PB,ETANOL,2508208,LAGOA DE DENTRO,25000
2022,REGIÃO NORDESTE,PB,ETANOL,2508307,LAGOA SECA,454000
2022,REGIÃO NORDESTE,PB,ETANOL,2508505,LIVRAMENTO,27000
2022,REGIÃO NORDESTE,PB,ETANOL,2508554,LOGRADOURO,146000
2022,REGIÃO NORDESTE,PB,ETANOL,2508604,LUCENA,136000
2022,REGIÃO NORDESTE,PB,ETANOL,2508802,MALTA,45000
2022,REGIÃO NORDESTE,PB,ETANOL,2508901,MAMANGUAPE,3501000
2022,REGIÃO NORDESTE,PB,ETANOL,2509008,MANAIRA,16500
2022,REGIÃO NORDESTE,PB,ETANOL,2509057,MARCACAO,154500
2022,REGIÃO NORDESTE,PB,ETANOL,2509107,MARI,191000
2022,REGIÃO NORDESTE,PB,ETANOL,2509156,MARIZOPOLIS,145000
2022,REGIÃO NORDESTE,PB,ETANOL,2509206,MASSARANDUBA,289000
2022,REGIÃO NORDESTE,PB,ETANOL,2509305,MATARACA,69200
2022,REGIÃO NORDESTE,PB,ETANOL,2509370,MATO GROSSO,8000
2022,REGIÃO NORDESTE,PB,ETANOL,2509396,MATUREIA,48000
2022,REGIÃO NORDESTE,PB,ETANOL,2509503,MONTADAS,13000
2022,REGIÃO NORDESTE,PB,ETANOL,2509701,MONTEIRO,334100
2022,REGIÃO NORDESTE,PB,ETANOL,2509800,MULUNGU,32000
2022,REGIÃO NORDESTE,PB,ETANOL,2509909,NATUBA,119000
2022,REGIÃO NORDESTE,PB,ETANOL,2510303,NOVA PALMEIRA,56000
2022,REGIÃO NORDESTE,PB,ETANOL,2510600,OURO VELHO,15000
2022,REGIÃO NORDESTE,PB,ETANOL,2510808,PATOS,1734500
2022,REGIÃO NORDESTE,PB,ETANOL,2510907,PAULISTA,88500
2022,REGIÃO NORDESTE,PB,ETANOL,2511202,PEDRAS DE FOGO,292000
2022,REGIÃO NORDESTE,PB,ETANOL,2511301,PIANCO,122500
2022,REGIÃO NORDESTE,PB,ETANOL,2511400,PICUI,255000
2022,REGIÃO NORDESTE,PB,ETANOL,2511509,PILAR,160000
2022,REGIÃO NORDESTE,PB,ETANOL,2511608,PILOES,43000
2022,REGIÃO NORDESTE,PB,ETANOL,2511707,PILOEZINHOS,12500
2022,REGIÃO NORDESTE,PB,ETANOL,2511806,PIRPIRITUBA,68000
2022,REGIÃO NORDESTE,PB,ETANOL,2511905,PITIMBU,155000
2022,REGIÃO NORDESTE,PB,ETANOL,2512002,POCINHOS,177000
2022,REGIÃO NORDESTE,PB,ETANOL,2512101,POMBAL,223000
2022,REGIÃO NORDESTE,PB,ETANOL,2512200,PRATA,26000
2022,REGIÃO NORDESTE,PB,ETANOL,2512309,PRINCESA ISABEL,114000
2022,REGIÃO NORDESTE,PB,ETANOL,2512408,PUXINANA,115000
2022,REGIÃO NORDESTE,PB,ETANOL,2512507,QUEIMADAS,454000
2022,REGIÃO NORDESTE,PB,ETANOL,2512606,QUIXABA,32500
2022,REGIÃO NORDESTE,PB,ETANOL,2512705,REMIGIO,493000
2022,REGIÃO NORDESTE,PB,ETANOL,2512721,PEDRO REGIS,26000
2022,REGIÃO NORDESTE,PB,ETANOL,2512754,RIACHAO DO BACAMARTE,209000
2022,REGIÃO NORDESTE,PB,ETANOL,2512762,RIACHAO DO POCO,131500
2022,REGIÃO NORDESTE,PB,ETANOL,2512804,RIACHO DOS CAVALOS,10000
2022,REGIÃO NORDESTE,PB,ETANOL,2512903,RIO TINTO,492500
2022,REGIÃO NORDESTE,PB,ETANOL,2513109,SALGADO DE SAO FELIX,47500
2022,REGIÃO NORDESTE,PB,ETANOL,2513158,SANTA CECILIA,76500
2022,REGIÃO NORDESTE,PB,ETANOL,2513208,SANTA CRUZ,9000
2022,REGIÃO NORDESTE,PB,ETANOL,2513307,SANTA HELENA,14000
2022,REGIÃO NORDESTE,PB,ETANOL,2513406,SANTA LUZIA,549000
2022,REGIÃO NORDESTE,PB,ETANOL,2513703,SANTA RITA,6318350
2022,REGIÃO NORDESTE,PB,ETANOL,2513851,SANTO ANDRE,33000
2022,REGIÃO NORDESTE,PB,ETANOL,2513901,SAO BENTO,326500
2022,REGIÃO NORDESTE,PB,ETANOL,2513927,SAO BENTINHO,52500
2022,REGIÃO NORDESTE,PB,ETANOL,2513943,SAO DOMINGOS DO CARIRI,18000
2022,REGIÃO NORDESTE,PB,ETANOL,2514008,SAO JOAO DO CARIRI,41000
2022,REGIÃO NORDESTE,PB,ETANOL,2514206,SAO JOSE DA LAGOA TAPADA,23000
2022,REGIÃO NORDESTE,PB,ETANOL,2514305,SAO JOSE DE CAIANA,15500
2022,REGIÃO NORDESTE,PB,ETANOL,2514453,SAO JOSE DOS RAMOS,36000
2022,REGIÃO NORDESTE,PB,ETANOL,2514503,SAO JOSE DE PIRANHAS,115500
2022,REGIÃO NORDESTE,PB,ETANOL,2514602,SAO JOSE DO BONFIM,76000
2022,REGIÃO NORDESTE,PB,ETANOL,2514701,SAO JOSE DO SABUGI,17500
2022,REGIÃO NORDESTE,PB,ETANOL,2514800,SAO JOSE DOS CORDEIROS,12000
2022,REGIÃO NORDESTE,PB,ETANOL,2514909,SAO MAMEDE,26500
2022,REGIÃO NORDESTE,PB,ETANOL,2515005,SAO MIGUEL DE TAIPU,57000
2022,REGIÃO NORDESTE,PB,ETANOL,2515104,SAO SEBASTIAO DE LAGOA DE ROCA,473000
2022,REGIÃO NORDESTE,PB,ETANOL,2515203,SAO SEBASTIAO DO UMBUZEIRO,18000
2022,REGIÃO NORDESTE,PB,ETANOL,2515302,SAPE,1285500
2022,REGIÃO NORDESTE,PB,ETANOL,2515401,SAO VICENTE DO SERIDO,18000
2022,REGIÃO NORDESTE,PB,ETANOL,2515500,SERRA BRANCA,129000
2022,REGIÃO NORDESTE,PB,ETANOL,2515708,SERRA GRANDE,5000
2022,REGIÃO NORDESTE,PB,ETANOL,2515906,SERRARIA,11500
2022,REGIÃO NORDESTE,PB,ETANOL,2515971,SOBRADO,1903000
2022,REGIÃO NORDESTE,PB,ETANOL,2516003,SOLANEA,533000
2022,REGIÃO NORDESTE,PB,ETANOL,2516102,SOLEDADE,239500
2022,REGIÃO NORDESTE,PB,ETANOL,2516201,SOUSA,865000
2022,REGIÃO NORDESTE,PB,ETANOL,2516300,SUME,209000
2022,REGIÃO NORDESTE,PB,ETANOL,2516409,TACIMA,23000
2022,REGIÃO NORDESTE,PB,ETANOL,2516508,TAPEROA,12500
2022,REGIÃO NORDESTE,PB,ETANOL,2516607,TAVARES,67000
2022,REGIÃO NORDESTE,PB,ETANOL,2516706,TEIXEIRA,137000
2022,REGIÃO NORDESTE,PB,ETANOL,2516904,UIRAUNA,46000
2022,REGIÃO NORDESTE,PB,ETANOL,2517001,UMBUZEIRO,86500
2022,REGIÃO NORDESTE,PB,ETANOL,2517100,VARZEA,26000
2022,REGIÃO NORDESTE,PB,ETANOL,2517407,ZABELE,2500
2023,REGIÃO NORDESTE,PB,ETANOL,2500106,AGUA BRANCA,67000
2023,REGIÃO NORDESTE,PB,ETANOL,2500304,ALAGOA GRANDE,386000
2023,REGIÃO NORDESTE,PB,ETANOL,2500403,ALAGOA NOVA,86000
2023,REGIÃO NORDESTE,PB,ETANOL,2500601,ALHANDRA,1568000
2023,REGIÃO NORDESTE,PB,ETANOL,2500700,SAO JOAO DO RIO DO PEIXE,109000
2023,REGIÃO NORDESTE,PB,ETANOL,2500775,APARECIDA,90000
2023,REGIÃO NORDESTE,PB,ETANOL,2500809,ARACAGI,157000
2023,REGIÃO NORDESTE,PB,ETANOL,2500908,ARARA,71000
2023,REGIÃO NORDESTE,PB,ETANOL,2501005,ARARUNA,172000
2023,REGIÃO NORDESTE,PB,ETANOL,2501104,AREIA,120500
2023,REGIÃO NORDESTE,PB,ETANOL,2501302,AROEIRAS,75000
2023,REGIÃO NORDESTE,PB,ETANOL,2501351,ASSUNCAO,40000
2023,REGIÃO NORDESTE,PB,ETANOL,2501401,BAIA DA TRAICAO,129000
2023,REGIÃO NORDESTE,PB,ETANOL,2501500,BANANEIRAS,283000
2023,REGIÃO NORDESTE,PB,ETANOL,2501534,BARAUNA,51000
2023,REGIÃO NORDESTE,PB,ETANOL,2501575,BARRA DE SANTANA,82000
2023,REGIÃO NORDESTE,PB,ETANOL,2501609,BARRA DE SANTA ROSA,92000
2023,REGIÃO NORDESTE,PB,ETANOL,2501708,BARRA DE SAO MIGUEL,32000
2023,REGIÃO NORDESTE,PB,ETANOL,2501807,BAYEUX,4003500
2023,REGIÃO NORDESTE,PB,ETANOL,2501906,BELEM,325500
2023,REGIÃO NORDESTE,PB,ETANOL,2502151,BOA VISTA,36000
2023,REGIÃO NORDESTE,PB,ETANOL,2502300,BOM SUCESSO,22000
2023,REGIÃO NORDESTE,PB,ETANOL,2502409,BONITO DE SANTA FE,32000
2023,REGIÃO NORDESTE,PB,ETANOL,2502508,BOQUEIRAO,218000
2023,REGIÃO NORDESTE,PB,ETANOL,2502706,BORBOREMA,46000
2023,REGIÃO NORDESTE,PB,ETANOL,2502805,BREJO DO CRUZ,134000
2023,REGIÃO NORDESTE,PB,ETANOL,2502904,BREJO DOS SANTOS,24000
2023,REGIÃO NORDESTE,PB,ETANOL,2503001,CAAPORA,941500
2023,REGIÃO NORDESTE,PB,ETANOL,2503100,CABACEIRAS,50000
2023,REGIÃO NORDESTE,PB,ETANOL,2503209,CABEDELO,6383500
2023,REGIÃO NORDESTE,PB,ETANOL,2503308,CACHOEIRA DOS INDIOS,188000
2023,REGIÃO NORDESTE,PB,ETANOL,2503506,CACIMBA DE DENTRO,109500
2023,REGIÃO NORDESTE,PB,ETANOL,2503605,CAICARA,10500
2023,REGIÃO NORDESTE,PB,ETANOL,2503704,CAJAZEIRAS,885000
2023,REGIÃO NORDESTE,PB,ETANOL,2503803,CALDAS BRANDAO,290000
2023,REGIÃO NORDESTE,PB,ETANOL,2503902,CAMALAU,31000
2023,REGIÃO NORDESTE,PB,ETANOL,2504009,CAMPINA GRANDE,19656500
2023,REGIÃO NORDESTE,PB,ETANOL,2504033,CAPIM,49000
2023,REGIÃO NORDESTE,PB,ETANOL,2504074,CARAUBAS,9000
2023,REGIÃO NORDESTE,PB,ETANOL,2504157,CASSERENGUE,45000
2023,REGIÃO NORDESTE,PB,ETANOL,2504207,CATINGUEIRA,27000
2023,REGIÃO NORDESTE,PB,ETANOL,2504306,CATOLE DO ROCHA,297000
2023,REGIÃO NORDESTE,PB,ETANOL,2504355,CATURITE,40000
2023,REGIÃO NORDESTE,PB,ETANOL,2504405,CONCEICAO,131500
2023,REGIÃO NORDESTE,PB,ETANOL,2504504,CONDADO,34000
2023,REGIÃO NORDESTE,PB,ETANOL,2504603,CONDE,1494750
2023,REGIÃO NORDESTE,PB,ETANOL,2504702,CONGO,54500
2023,REGIÃO NORDESTE,PB,ETANOL,2504801,COREMAS,50000
2023,REGIÃO NORDESTE,PB,ETANOL,2504850,COXIXOLA,11500
2023,REGIÃO NORDESTE,PB,ETANOL,2504900,CRUZ DO ESPIRITO SANTO,213000
2023,REGIÃO NORDESTE,PB,ETANOL,2505006,CUBATI,32500
2023,REGIÃO NORDESTE,PB,ETANOL,2505105,CUITE,123000
2023,REGIÃO NORDESTE,PB,ETANOL,2505204,CUITEGI,43000
2023,REGIÃO NORDESTE,PB,ETANOL,2505238,CUITE DE MAMANGUAPE,9000
2023,REGIÃO NORDESTE,PB,ETANOL,2505352,DAMIAO,27000
2023,REGIÃO NORDESTE,PB,ETANOL,2505402,DESTERRO,76000
2023,REGIÃO NORDESTE,PB,ETANOL,2505501,VISTA SERRANA,28500
2023,REGIÃO NORDESTE,PB,ETANOL,2505600,DIAMANTE,44650
2023,REGIÃO NORDESTE,PB,ETANOL,2505709,DONA INES,60000
2023,REGIÃO NORDESTE,PB,ETANOL,2506004,ESPERANCA,245000
2023,REGIÃO NORDESTE,PB,ETANOL,2506103,FAGUNDES,40000
2023,REGIÃO NORDESTE,PB,ETANOL,2506251,GADO BRAVO,3000
2023,REGIÃO NORDESTE,PB,ETANOL,2506301,GUARABIRA,1691000
2023,REGIÃO NORDESTE,PB,ETANOL,2506400,GURINHEM,633500
2023,REGIÃO NORDESTE,PB,ETANOL,2506509,GURJAO,26000
2023,REGIÃO NORDESTE,PB,ETANOL,2506707,IMACULADA,13500
2023,REGIÃO NORDESTE,PB,ETANOL,2506806,INGA,162000
2023,REGIÃO NORDESTE,PB,ETANOL,2506905,ITABAIANA,676000
2023,REGIÃO NORDESTE,PB,ETANOL,2507002,ITAPORANGA,153500
2023,REGIÃO NORDESTE,PB,ETANOL,2507101,ITAPOROROCA,265500
2023,REGIÃO NORDESTE,PB,ETANOL,2507200,ITATUBA,63500
2023,REGIÃO NORDESTE,PB,ETANOL,2507309,JACARAU,403500
2023,REGIÃO NORDESTE,PB,ETANOL,2507408,JERICO,29500
2023,REGIÃO NORDESTE,PB,ETANOL,2507507,JOAO PESSOA,55705300
2023,REGIÃO NORDESTE,PB,ETANOL,2507606,JUAREZ TAVORA,97000
2023,REGIÃO NORDESTE,PB,ETANOL,2507705,JUAZEIRINHO,635000
2023,REGIÃO NORDESTE,PB,ETANOL,2507804,JUNCO DO SERIDO,136000
2023,REGIÃO NORDESTE,PB,ETANOL,2507903,JURIPIRANGA,26000
2023,REGIÃO NORDESTE,PB,ETANOL,2508000,JURU,28000
2023,REGIÃO NORDESTE,PB,ETANOL,2508208,LAGOA DE DENTRO,25000
2023,REGIÃO NORDESTE,PB,ETANOL,2508307,LAGOA SECA,339000
2023,REGIÃO NORDESTE,PB,ETANOL,2508505,LIVRAMENTO,34000
2023,REGIÃO NORDESTE,PB,ETANOL,2508554,LOGRADOURO,132000
2023,REGIÃO NORDESTE,PB,ETANOL,2508604,LUCENA,68500
2023,REGIÃO NORDESTE,PB,ETANOL,2508802,MALTA,25500
2023,REGIÃO NORDESTE,PB,ETANOL,2508901,MAMANGUAPE,3970500
2023,REGIÃO NORDESTE,PB,ETANOL,2509008,MANAIRA,23000
2023,REGIÃO NORDESTE,PB,ETANOL,2509057,MARCACAO,94000
2023,REGIÃO NORDESTE,PB,ETANOL,2509107,MARI,174000
2023,REGIÃO NORDESTE,PB,ETANOL,2509156,MARIZOPOLIS,118000
2023,REGIÃO NORDESTE,PB,ETANOL,2509206,MASSARANDUBA,384000
2023,REGIÃO NORDESTE,PB,ETANOL,2509305,MATARACA,63000
2023,REGIÃO NORDESTE,PB,ETANOL,2509370,MATO GROSSO,3000
2023,REGIÃO NORDESTE,PB,ETANOL,2509396,MATUREIA,38500
2023,REGIÃO NORDESTE,PB,ETANOL,2509503,MONTADAS,24000
2023,REGIÃO NORDESTE,PB,ETANOL,2509701,MONTEIRO,363000
2023,REGIÃO NORDESTE,PB,ETANOL,2509800,MULUNGU,76500
2023,REGIÃO NORDESTE,PB,ETANOL,2509909,NATUBA,113000
2023,REGIÃO NORDESTE,PB,ETANOL,2510303,NOVA PALMEIRA,46000
2023,REGIÃO NORDESTE,PB,ETANOL,2510600,OURO VELHO,3000
2023,REGIÃO NORDESTE,PB,ETANOL,2510808,PATOS,1631500
2023,REGIÃO NORDESTE,PB,ETANOL,2510907,PAULISTA,74000
2023,REGIÃO NORDESTE,PB,ETANOL,2511202,PEDRAS DE FOGO,269000
2023,REGIÃO NORDESTE,PB,ETANOL,2511301,PIANCO,138000
2023,REGIÃO NORDESTE,PB,ETANOL,2511400,PICUI,225000
2023,REGIÃO NORDESTE,PB,ETANOL,2511509,PILAR,152000
2023,REGIÃO NORDESTE,PB,ETANOL,2511608,PILOES,43000
2023,REGIÃO NORDESTE,PB,ETANOL,2511707,PILOEZINHOS,5000
2023,REGIÃO NORDESTE,PB,ETANOL,2511806,PIRPIRITUBA,60000
2023,REGIÃO NORDESTE,PB,ETANOL,2511905,PITIMBU,110500
2023,REGIÃO NORDESTE,PB,ETANOL,2512002,POCINHOS,290000
2023,REGIÃO NORDESTE,PB,ETANOL,2512101,POMBAL,100000
2023,REGIÃO NORDESTE,PB,ETANOL,2512200,PRATA,24000
2023,REGIÃO NORDESTE,PB,ETANOL,2512309,PRINCESA ISABEL,102500
2023,REGIÃO NORDESTE,PB,ETANOL,2512408,PUXINANA,238000
2023,REGIÃO NORDESTE,PB,ETANOL,2512507,QUEIMADAS,444000
2023,REGIÃO NORDESTE,PB,ETANOL,2512705,REMIGIO,412000
2023,REGIÃO NORDESTE,PB,ETANOL,2512721,PEDRO REGIS,21000
2023,REGIÃO NORDESTE,PB,ETANOL,2512754,RIACHAO DO BACAMARTE,174000
2023,REGIÃO NORDESTE,PB,ETANOL,2512762,RIACHAO DO POCO,129500
2023,REGIÃO NORDESTE,PB,ETANOL,2512903,RIO TINTO,919500
2023,REGIÃO NORDESTE,PB,ETANOL,2513109,SALGADO DE SAO FELIX,36500
2023,REGIÃO NORDESTE,PB,ETANOL,2513158,SANTA CECILIA,45500
2023,REGIÃO NORDESTE,PB,ETANOL,2513208,SANTA CRUZ,3000
2023,REGIÃO NORDESTE,PB,ETANOL,2513307,SANTA HELENA,15000
2023,REGIÃO NORDESTE,PB,ETANOL,2513406,SANTA LUZIA,440000
2023,REGIÃO NORDESTE,PB,ETANOL,2513703,SANTA RITA,6612650
2023,REGIÃO NORDESTE,PB,ETANOL,2513901,SAO BENTO,298500
2023,REGIÃO NORDESTE,PB,ETANOL,2513927,SAO BENTINHO,48500
2023,REGIÃO NORDESTE,PB,ETANOL,2513943,SAO DOMINGOS DO CARIRI,15000
2023,REGIÃO NORDESTE,PB,ETANOL,2514008,SAO JOAO DO CARIRI,37000
2023,REGIÃO NORDESTE,PB,ETANOL,2514206,SAO JOSE DA LAGOA TAPADA,18000
2023,REGIÃO NORDESTE,PB,ETANOL,2514305,SAO JOSE DE CAIANA,15000
2023,REGIÃO NORDESTE,PB,ETANOL,2514453,SAO JOSE DOS RAMOS,42000
2023,REGIÃO NORDESTE,PB,ETANOL,2514503,SAO JOSE DE PIRANHAS,85000
2023,REGIÃO NORDESTE,PB,ETANOL,2514602,SAO JOSE DO BONFIM,66000
2023,REGIÃO NORDESTE,PB,ETANOL,2514701,SAO JOSE DO SABUGI,38000
2023,REGIÃO NORDESTE,PB,ETANOL,2514800,SAO JOSE DOS CORDEIROS,15000
2023,REGIÃO NORDESTE,PB,ETANOL,2514909,SAO MAMEDE,35000
2023,REGIÃO NORDESTE,PB,ETANOL,2515005,SAO MIGUEL DE TAIPU,19000
2023,REGIÃO NORDESTE,PB,ETANOL,2515104,SAO SEBASTIAO DE LAGOA DE ROCA,463000
2023,REGIÃO NORDESTE,PB,ETANOL,2515203,SAO SEBASTIAO DO UMBUZEIRO,15000
2023,REGIÃO NORDESTE,PB,ETANOL,2515302,SAPE,1340500
2023,REGIÃO NORDESTE,PB,ETANOL,2515401,SAO VICENTE DO SERIDO,30000
2023,REGIÃO NORDESTE,PB,ETANOL,2515500,SERRA BRANCA,124000
2023,REGIÃO NORDESTE,PB,ETANOL,2515708,SERRA GRANDE,3000
2023,REGIÃO NORDESTE,PB,ETANOL,2515906,SERRARIA,13500
2023,REGIÃO NORDESTE,PB,ETANOL,2515971,SOBRADO,1942000
2023,REGIÃO NORDESTE,PB,ETANOL,2516003,SOLANEA,494000
2023,REGIÃO NORDESTE,PB,ETANOL,2516102,SOLEDADE,196500
2023,REGIÃO NORDESTE,PB,ETANOL,2516201,SOUSA,594000
2023,REGIÃO NORDESTE,PB,ETANOL,2516300,SUME,182000
2023,REGIÃO NORDESTE,PB,ETANOL,2516409,TACIMA,96000
2023,REGIÃO NORDESTE,PB,ETANOL,2516508,TAPEROA,22500
2023,REGIÃO NORDESTE,PB,ETANOL,2516607,TAVARES,107000
2023,REGIÃO NORDESTE,PB,ETANOL,2516706,TEIXEIRA,174000
2023,REGIÃO NORDESTE,PB,ETANOL,2516904,UIRAUNA,82000
2023,REGIÃO NORDESTE,PB,ETANOL,2517001,UMBUZEIRO,35050
2023,REGIÃO NORDESTE,PB,ETANOL,2517407,ZABELE,3000
2024,REGIÃO NORDESTE,PB,ETANOL,2500106,AGUA BRANCA,93000
2024,REGIÃO NORDESTE,PB,ETANOL,2500304,ALAGOA GRANDE,714000
2024,REGIÃO NORDESTE,PB,ETANOL,2500403,ALAGOA NOVA,108500
2024,REGIÃO NORDESTE,PB,ETANOL,2500536,ALCANTIL,47000
2024,REGIÃO NORDESTE,PB,ETANOL,2500601,ALHANDRA,3183000
2024,REGIÃO NORDESTE,PB,ETANOL,2500700,SAO JOAO DO RIO DO PEIXE,92500
2024,REGIÃO NORDESTE,PB,ETANOL,2500775,APARECIDA,275000
2024,REGIÃO NORDESTE,PB,ETANOL,2500809,ARACAGI,229000
2024,REGIÃO NORDESTE,PB,ETANOL,2500908,ARARA,86000
2024,REGIÃO NORDESTE,PB,ETANOL,2501005,ARARUNA,235000
2024,REGIÃO NORDESTE,PB,ETANOL,2501104,AREIA,194500
2024,REGIÃO NORDESTE,PB,ETANOL,2501302,AROEIRAS,108000
2024,REGIÃO NORDESTE,PB,ETANOL,2501351,ASSUNCAO,55000
2024,REGIÃO NORDESTE,PB,ETANOL,2501401,BAIA DA TRAICAO,175000
2024,REGIÃO NORDESTE,PB,ETANOL,2501500,BANANEIRAS,441500
2024,REGIÃO NORDESTE,PB,ETANOL,2501534,BARAUNA,24000
2024,REGIÃO NORDESTE,PB,ETANOL,2501575,BARRA DE SANTANA,164000
2024,REGIÃO NORDESTE,PB,ETANOL,2501609,BARRA DE SANTA ROSA,134000
2024,REGIÃO NORDESTE,PB,ETANOL,2501708,BARRA DE SAO MIGUEL,36500
2024,REGIÃO NORDESTE,PB,ETANOL,2501807,BAYEUX,5366000
2024,REGIÃO NORDESTE,PB,ETANOL,2501906,BELEM,592000
2024,REGIÃO NORDESTE,PB,ETANOL,2502102,BOA VENTURA,10000
2024,REGIÃO NORDESTE,PB,ETANOL,2502151,BOA VISTA,46000
2024,REGIÃO NORDESTE,PB,ETANOL,2502300,BOM SUCESSO,12000
2024,REGIÃO NORDESTE,PB,ETANOL,2502409,BONITO DE SANTA FE,54000
2024,REGIÃO NORDESTE,PB,ETANOL,2502508,BOQUEIRAO,305000
2024,REGIÃO NORDESTE,PB,ETANOL,2502706,BORBOREMA,72000
2024,REGIÃO NORDESTE,PB,ETANOL,2502805,BREJO DO CRUZ,148000
2024,REGIÃO NORDESTE,PB,ETANOL,2502904,BREJO DOS SANTOS,21000
2024,REGIÃO NORDESTE,PB,ETANOL,2503001,CAAPORA,1641000
2024,REGIÃO NORDESTE,PB,ETANOL,2503100,CABACEIRAS,80000
2024,REGIÃO NORDESTE,PB,ETANOL,2503209,CABEDELO,9516378
2024,REGIÃO NORDESTE,PB,ETANOL,2503308,CACHOEIRA DOS INDIOS,257000
2024,REGIÃO NORDESTE,PB,ETANOL,2503506,CACIMBA DE DENTRO,168000
2024,REGIÃO NORDESTE,PB,ETANOL,2503605,CAICARA,18500
2024,REGIÃO NORDESTE,PB,ETANOL,2503704,CAJAZEIRAS,1108000
2024,REGIÃO NORDESTE,PB,ETANOL,2503803,CALDAS BRANDAO,510700
2024,REGIÃO NORDESTE,PB,ETANOL,2503902,CAMALAU,40000
2024,REGIÃO NORDESTE,PB,ETANOL,2504009,CAMPINA GRANDE,34848500
2024,REGIÃO NORDESTE,PB,ETANOL,2504033,CAPIM,29000
2024,REGIÃO NORDESTE,PB,ETANOL,2504074,CARAUBAS,17500
2024,REGIÃO NORDESTE,PB,ETANOL,2504157,CASSERENGUE,60000
2024,REGIÃO NORDESTE,PB,ETANOL,2504207,CATINGUEIRA,48000
2024,REGIÃO NORDESTE,PB,ETANOL,2504306,CATOLE DO ROCHA,399500
2024,REGIÃO NORDESTE,PB,ETANOL,2504355,CATURITE,48000
2024,REGIÃO NORDESTE,PB,ETANOL,2504405,CONCEICAO,213500
2024,REGIÃO NORDESTE,PB,ETANOL,2504504,CONDADO,63000
2024,REGIÃO NORDESTE,PB,ETANOL,2504603,CONDE,2531050
2024,REGIÃO NORDESTE,PB,ETANOL,2504702,CONGO,106500
2024,REGIÃO NORDESTE,PB,ETANOL,2504801,COREMAS,71000
2024,REGIÃO NORDESTE,PB,ETANOL,2504850,COXIXOLA,13000
2024,REGIÃO NORDESTE,PB,ETANOL,2504900,CRUZ DO ESPIRITO SANTO,412000
2024,REGIÃO NORDESTE,PB,ETANOL,2505006,CUBATI,62500
2024,REGIÃO NORDESTE,PB,ETANOL,2505105,CUITE,158000
2024,REGIÃO NORDESTE,PB,ETANOL,2505204,CUITEGI,158000
2024,REGIÃO NORDESTE,PB,ETANOL,2505238,CUITE DE MAMANGUAPE,9000
2024,REGIÃO NORDESTE,PB,ETANOL,2505352,DAMIAO,47000
2024,REGIÃO NORDESTE,PB,ETANOL,2505402,DESTERRO,92000
2024,REGIÃO NORDESTE,PB,ETANOL,2505501,VISTA SERRANA,95500
2024,REGIÃO NORDESTE,PB,ETANOL,2505600,DIAMANTE,38680
2024,REGIÃO NORDESTE,PB,ETANOL,2505709,DONA INES,86000
2024,REGIÃO NORDESTE,PB,ETANOL,2505907,EMAS,2500
2024,REGIÃO NORDESTE,PB,ETANOL,2506004,ESPERANCA,410000
2024,REGIÃO NORDESTE,PB,ETANOL,2506103,FAGUNDES,48500
2024,REGIÃO NORDESTE,PB,ETANOL,2506251,GADO BRAVO,40000
2024,REGIÃO NORDESTE,PB,ETANOL,2506301,GUARABIRA,2568000
2024,REGIÃO NORDESTE,PB,ETANOL,2506400,GURINHEM,1017500
2024,REGIÃO NORDESTE,PB,ETANOL,2506509,GURJAO,27000
2024,REGIÃO NORDESTE,PB,ETANOL,2506608,IBIARA,2500
2024,REGIÃO NORDESTE,PB,ETANOL,2506707,IMACULADA,23000
2024,REGIÃO NORDESTE,PB,ETANOL,2506806,INGA,229500
2024,REGIÃO NORDESTE,PB,ETANOL,2506905,ITABAIANA,1137000
2024,REGIÃO NORDESTE,PB,ETANOL,2507002,ITAPORANGA,180500
2024,REGIÃO NORDESTE,PB,ETANOL,2507101,ITAPOROROCA,435500
2024,REGIÃO NORDESTE,PB,ETANOL,2507200,ITATUBA,74500
2024,REGIÃO NORDESTE,PB,ETANOL,2507309,JACARAU,556500
2024,REGIÃO NORDESTE,PB,ETANOL,2507408,JERICO,62000
2024,REGIÃO NORDESTE,PB,ETANOL,2507507,JOAO PESSOA,77581446
2024,REGIÃO NORDESTE,PB,ETANOL,2507606,JUAREZ TAVORA,133000
2024,REGIÃO NORDESTE,PB,ETANOL,2507705,JUAZEIRINHO,965000
2024,REGIÃO NORDESTE,PB,ETANOL,2507804,JUNCO DO SERIDO,263000
2024,REGIÃO NORDESTE,PB,ETANOL,2507903,JURIPIRANGA,127000
2024,REGIÃO NORDESTE,PB,ETANOL,2508000,JURU,41500
2024,REGIÃO NORDESTE,PB,ETANOL,2508208,LAGOA DE DENTRO,37500
2024,REGIÃO NORDESTE,PB,ETANOL,2508307,LAGOA SECA,606000
2024,REGIÃO NORDESTE,PB,ETANOL,2508505,LIVRAMENTO,47000
2024,REGIÃO NORDESTE,PB,ETANOL,2508554,LOGRADOURO,170000
2024,REGIÃO NORDESTE,PB,ETANOL,2508604,LUCENA,137500
2024,REGIÃO NORDESTE,PB,ETANOL,2508802,MALTA,36000
2024,REGIÃO NORDESTE,PB,ETANOL,2508901,MAMANGUAPE,6769330
2024,REGIÃO NORDESTE,PB,ETANOL,2509008,MANAIRA,33500
2024,REGIÃO NORDESTE,PB,ETANOL,2509057,MARCACAO,97000
2024,REGIÃO NORDESTE,PB,ETANOL,2509107,MARI,208000
2024,REGIÃO NORDESTE,PB,ETANOL,2509156,MARIZOPOLIS,166000
2024,REGIÃO NORDESTE,PB,ETANOL,2509206,MASSARANDUBA,489000
2024,REGIÃO NORDESTE,PB,ETANOL,2509305,MATARACA,75050
2024,REGIÃO NORDESTE,PB,ETANOL,2509370,MATO GROSSO,15000
2024,REGIÃO NORDESTE,PB,ETANOL,2509396,MATUREIA,42000
2024,REGIÃO NORDESTE,PB,ETANOL,2509503,MONTADAS,44500
2024,REGIÃO NORDESTE,PB,ETANOL,2509701,MONTEIRO,582500
2024,REGIÃO NORDESTE,PB,ETANOL,2509800,MULUNGU,339000
2024,REGIÃO NORDESTE,PB,ETANOL,2509909,NATUBA,180500
2024,REGIÃO NORDESTE,PB,ETANOL,2510204,NOVA OLINDA,6000
2024,REGIÃO NORDESTE,PB,ETANOL,2510303,NOVA PALMEIRA,81500
2024,REGIÃO NORDESTE,PB,ETANOL,2510808,PATOS,2746000
2024,REGIÃO NORDESTE,PB,ETANOL,2510907,PAULISTA,93500
2024,REGIÃO NORDESTE,PB,ETANOL,2511202,PEDRAS DE FOGO,349500
2024,REGIÃO NORDESTE,PB,ETANOL,2511301,PIANCO,151500
2024,REGIÃO NORDESTE,PB,ETANOL,2511400,PICUI,322000
2024,REGIÃO NORDESTE,PB,ETANOL,2511509,PILAR,218000
2024,REGIÃO NORDESTE,PB,ETANOL,2511608,PILOES,57000
2024,REGIÃO NORDESTE,PB,ETANOL,2511806,PIRPIRITUBA,207000
2024,REGIÃO NORDESTE,PB,ETANOL,2511905,PITIMBU,153000
2024,REGIÃO NORDESTE,PB,ETANOL,2512002,POCINHOS,439700
2024,REGIÃO NORDESTE,PB,ETANOL,2512101,POMBAL,211000
2024,REGIÃO NORDESTE,PB,ETANOL,2512200,PRATA,36000
2024,REGIÃO NORDESTE,PB,ETANOL,2512309,PRINCESA ISABEL,138500
2024,REGIÃO NORDESTE,PB,ETANOL,2512408,PUXINANA,124000
2024,REGIÃO NORDESTE,PB,ETANOL,2512507,QUEIMADAS,642000
2024,REGIÃO NORDESTE,PB,ETANOL,2512705,REMIGIO,621000
2024,REGIÃO NORDESTE,PB,ETANOL,2512721,PEDRO REGIS,29000
2024,REGIÃO NORDESTE,PB,ETANOL,2512754,RIACHAO DO BACAMARTE,70000
2024,REGIÃO NORDESTE,PB,ETANOL,2512762,RIACHAO DO POCO,217500
2024,REGIÃO NORDESTE,PB,ETANOL,2512903,RIO TINTO,1289500
2024,REGIÃO NORDESTE,PB,ETANOL,2513109,SALGADO DE SAO FELIX,56500
2024,REGIÃO NORDESTE,PB,ETANOL,2513158,SANTA CECILIA,63500
2024,REGIÃO NORDESTE,PB,ETANOL,2513307,SANTA HELENA,15000
2024,REGIÃO NORDESTE,PB,ETANOL,2513406,SANTA LUZIA,690000
2024,REGIÃO NORDESTE,PB,ETANOL,2513703,SANTA RITA,10558550
2024,REGIÃO NORDESTE,PB,ETANOL,2513901,SAO BENTO,400000
2024,REGIÃO NORDESTE,PB,ETANOL,2513927,SAO BENTINHO,73500
2024,REGIÃO NORDESTE,PB,ETANOL,2513943,SAO DOMINGOS DO CARIRI,21000
2024,REGIÃO NORDESTE,PB,ETANOL,2514008,SAO JOAO DO CARIRI,211000
2024,REGIÃO NORDESTE,PB,ETANOL,2514206,SAO JOSE DA LAGOA TAPADA,29000
2024,REGIÃO NORDESTE,PB,ETANOL,2514305,SAO JOSE DE CAIANA,15000
2024,REGIÃO NORDESTE,PB,ETANOL,2514453,SAO JOSE DOS RAMOS,48000
2024,REGIÃO NORDESTE,PB,ETANOL,2514503,SAO JOSE DE PIRANHAS,165000
2024,REGIÃO NORDESTE,PB,ETANOL,2514602,SAO JOSE DO BONFIM,188000
2024,REGIÃO NORDESTE,PB,ETANOL,2514701,SAO JOSE DO SABUGI,60000
2024,REGIÃO NORDESTE,PB,ETANOL,2514800,SAO JOSE DOS CORDEIROS,28000
2024,REGIÃO NORDESTE,PB,ETANOL,2514909,SAO MAMEDE,58000
2024,REGIÃO NORDESTE,PB,ETANOL,2515104,SAO SEBASTIAO DE LAGOA DE ROCA,654000
2024,REGIÃO NORDESTE,PB,ETANOL,2515203,SAO SEBASTIAO DO UMBUZEIRO,17500
2024,REGIÃO NORDESTE,PB,ETANOL,2515302,SAPE,1947000
2024,REGIÃO NORDESTE,PB,ETANOL,2515401,SAO VICENTE DO SERIDO,27500
2024,REGIÃO NORDESTE,PB,ETANOL,2515500,SERRA BRANCA,150000
2024,REGIÃO NORDESTE,PB,ETANOL,2515708,SERRA GRANDE,17000
2024,REGIÃO NORDESTE,PB,ETANOL,2515906,SERRARIA,12500
2024,REGIÃO NORDESTE,PB,ETANOL,2515971,SOBRADO,2675700
2024,REGIÃO NORDESTE,PB,ETANOL,2516003,SOLANEA,696500
2024,REGIÃO NORDESTE,PB,ETANOL,2516102,SOLEDADE,297000
2024,REGIÃO NORDESTE,PB,ETANOL,2516201,SOUSA,940000
2024,REGIÃO NORDESTE,PB,ETANOL,2516300,SUME,268000
2024,REGIÃO NORDESTE,PB,ETANOL,2516409,TACIMA,198500
2024,REGIÃO NORDESTE,PB,ETANOL,2516508,TAPEROA,25000
2024,REGIÃO NORDESTE,PB,ETANOL,2516607,TAVARES,196000
2024,REGIÃO NORDESTE,PB,ETANOL,2516706,TEIXEIRA,256000
2024,REGIÃO NORDESTE,PB,ETANOL,2516755,TENORIO,3000
2024,REGIÃO NORDESTE,PB,ETANOL,2516805,TRIUNFO,5500
2024,REGIÃO NORDESTE,PB,ETANOL,2516904,UIRAUNA,173000
2024,REGIÃO NORDESTE,PB,ETANOL,2517001,UMBUZEIRO,46500
2024,REGIÃO NORDESTE,PB,ETANOL,2517407,ZABELE,9000
